filename,width,height,class,xmin,ymin,xmax,ymax
631_jpg.rf.0f995d6ff3646c50fae421949098479d.jpg,400,400,baseball diamond,246,86,292,145
631_jpg.rf.0f995d6ff3646c50fae421949098479d.jpg,400,400,baseball diamond,307,103,346,160
631_jpg.rf.0f995d6ff3646c50fae421949098479d.jpg,400,400,baseball diamond,217,204,267,275
631_jpg.rf.0f995d6ff3646c50fae421949098479d.jpg,400,400,baseball diamond,37,193,93,276
631_jpg.rf.0f995d6ff3646c50fae421949098479d.jpg,400,400,basketball court,184,123,211,175
631_jpg.rf.0f995d6ff3646c50fae421949098479d.jpg,400,400,tennis court,141,120,178,147
631_jpg.rf.0f995d6ff3646c50fae421949098479d.jpg,400,400,tennis court,140,147,178,174
631_jpg.rf.0f995d6ff3646c50fae421949098479d.jpg,400,400,tennis court,91,120,129,144
631_jpg.rf.0f995d6ff3646c50fae421949098479d.jpg,400,400,tennis court,88,146,127,172
398_jpg.rf.31cd094b8d9f9a047a98fa09d0b0bf8b.jpg,400,400,vehicle,335,32,363,50
398_jpg.rf.31cd094b8d9f9a047a98fa09d0b0bf8b.jpg,400,400,vehicle,345,89,376,109
398_jpg.rf.31cd094b8d9f9a047a98fa09d0b0bf8b.jpg,400,400,vehicle,340,114,377,133
398_jpg.rf.31cd094b8d9f9a047a98fa09d0b0bf8b.jpg,400,400,vehicle,287,161,305,194
398_jpg.rf.31cd094b8d9f9a047a98fa09d0b0bf8b.jpg,400,400,vehicle,296,205,316,236
398_jpg.rf.31cd094b8d9f9a047a98fa09d0b0bf8b.jpg,400,400,vehicle,309,250,332,282
398_jpg.rf.31cd094b8d9f9a047a98fa09d0b0bf8b.jpg,400,400,vehicle,262,113,295,140
398_jpg.rf.31cd094b8d9f9a047a98fa09d0b0bf8b.jpg,400,400,vehicle,181,159,216,174
398_jpg.rf.31cd094b8d9f9a047a98fa09d0b0bf8b.jpg,400,400,vehicle,64,178,101,205
053_jpg.rf.84a9e62bd25bfd65637b34abfc032a2c.jpg,400,400,airplane,21,43,49,88
053_jpg.rf.84a9e62bd25bfd65637b34abfc032a2c.jpg,400,400,airplane,21,157,48,202
053_jpg.rf.84a9e62bd25bfd65637b34abfc032a2c.jpg,400,400,airplane,20,275,47,320
053_jpg.rf.84a9e62bd25bfd65637b34abfc032a2c.jpg,400,400,airplane,19,336,52,381
053_jpg.rf.84a9e62bd25bfd65637b34abfc032a2c.jpg,400,400,airplane,111,107,143,141
053_jpg.rf.84a9e62bd25bfd65637b34abfc032a2c.jpg,400,400,airplane,113,239,138,267
053_jpg.rf.84a9e62bd25bfd65637b34abfc032a2c.jpg,400,400,airplane,109,285,140,319
053_jpg.rf.84a9e62bd25bfd65637b34abfc032a2c.jpg,400,400,airplane,121,348,144,379
053_jpg.rf.84a9e62bd25bfd65637b34abfc032a2c.jpg,400,400,airplane,151,161,173,218
053_jpg.rf.84a9e62bd25bfd65637b34abfc032a2c.jpg,400,400,airplane,186,61,207,115
053_jpg.rf.84a9e62bd25bfd65637b34abfc032a2c.jpg,400,400,airplane,216,203,250,235
053_jpg.rf.84a9e62bd25bfd65637b34abfc032a2c.jpg,400,400,airplane,223,249,249,280
053_jpg.rf.84a9e62bd25bfd65637b34abfc032a2c.jpg,400,400,airplane,230,294,254,325
053_jpg.rf.84a9e62bd25bfd65637b34abfc032a2c.jpg,400,400,airplane,319,119,345,165
053_jpg.rf.84a9e62bd25bfd65637b34abfc032a2c.jpg,400,400,airplane,319,213,341,240
053_jpg.rf.84a9e62bd25bfd65637b34abfc032a2c.jpg,400,400,airplane,315,258,339,285
053_jpg.rf.84a9e62bd25bfd65637b34abfc032a2c.jpg,400,400,airplane,326,348,347,382
053_jpg.rf.84a9e62bd25bfd65637b34abfc032a2c.jpg,400,400,airplane,359,343,377,383
416_jpg.rf.d620ec89dafcc3e70ba878da58d0e211.jpg,400,400,vehicle,65,201,89,233
416_jpg.rf.d620ec89dafcc3e70ba878da58d0e211.jpg,400,400,vehicle,130,47,152,79
416_jpg.rf.d620ec89dafcc3e70ba878da58d0e211.jpg,400,400,vehicle,318,171,343,208
416_jpg.rf.d620ec89dafcc3e70ba878da58d0e211.jpg,400,400,vehicle,333,137,355,168
416_jpg.rf.d620ec89dafcc3e70ba878da58d0e211.jpg,400,400,vehicle,345,102,368,132
151_jpg.rf.35dfda536c6032e417f617e89296839c.jpg,400,400,basketball court,68,167,119,241
151_jpg.rf.35dfda536c6032e417f617e89296839c.jpg,400,400,basketball court,87,194,136,267
240_jpg.rf.9626475f637180ec08498a212e0e9d53.jpg,400,400,ground track field,28,147,158,322
644_jpg.rf.193e1a7802d55e045aa4a3053cfa2b27.jpg,400,400,baseball diamond,255,334,310,372
644_jpg.rf.193e1a7802d55e045aa4a3053cfa2b27.jpg,400,400,baseball diamond,124,336,196,384
644_jpg.rf.193e1a7802d55e045aa4a3053cfa2b27.jpg,400,400,ground track field,106,181,350,296
009_jpg.rf.5b3bda24a973037fdca7b119dea54e05.jpg,400,400,airplane,68,96,94,125
009_jpg.rf.5b3bda24a973037fdca7b119dea54e05.jpg,400,400,airplane,172,76,186,90
009_jpg.rf.5b3bda24a973037fdca7b119dea54e05.jpg,400,400,airplane,266,38,283,64
009_jpg.rf.5b3bda24a973037fdca7b119dea54e05.jpg,400,400,airplane,296,116,320,150
009_jpg.rf.5b3bda24a973037fdca7b119dea54e05.jpg,400,400,airplane,256,265,277,292
009_jpg.rf.5b3bda24a973037fdca7b119dea54e05.jpg,400,400,airplane,226,270,247,302
644_jpg.rf.81139f69cceb6264e64337f193ca2be9.jpg,400,400,baseball diamond,334,90,372,145
644_jpg.rf.81139f69cceb6264e64337f193ca2be9.jpg,400,400,baseball diamond,336,204,384,276
644_jpg.rf.81139f69cceb6264e64337f193ca2be9.jpg,400,400,ground track field,181,51,296,294
455_jpg.rf.c144f4c6cded0e57c7a14cfd90eb8606.jpg,400,400,tennis court,122,181,153,235
455_jpg.rf.c144f4c6cded0e57c7a14cfd90eb8606.jpg,400,400,tennis court,146,165,179,216
455_jpg.rf.c144f4c6cded0e57c7a14cfd90eb8606.jpg,400,400,tennis court,212,119,244,166
455_jpg.rf.c144f4c6cded0e57c7a14cfd90eb8606.jpg,400,400,tennis court,235,102,268,150
243_jpg.rf.7d0a33fcdbecebea3f28b331b4603aae.jpg,400,400,ground track field,67,69,169,269
097_jpg.rf.b33e816cf3a815360beed0fd324e98aa.jpg,400,400,baseball diamond,23,149,50,193
097_jpg.rf.b33e816cf3a815360beed0fd324e98aa.jpg,400,400,baseball diamond,145,120,172,167
097_jpg.rf.b33e816cf3a815360beed0fd324e98aa.jpg,400,400,baseball diamond,122,202,149,247
097_jpg.rf.b33e816cf3a815360beed0fd324e98aa.jpg,400,400,baseball diamond,74,238,98,278
097_jpg.rf.b33e816cf3a815360beed0fd324e98aa.jpg,400,400,baseball diamond,316,184,339,223
097_jpg.rf.b33e816cf3a815360beed0fd324e98aa.jpg,400,400,baseball diamond,353,298,381,343
632_jpg.rf.0bfb801334b9ecded4f4282dc6ad232b.jpg,400,400,ground track field,209,61,307,304
632_jpg.rf.0bfb801334b9ecded4f4282dc6ad232b.jpg,400,400,baseball diamond,149,175,184,229
632_jpg.rf.0bfb801334b9ecded4f4282dc6ad232b.jpg,400,400,baseball diamond,182,294,219,356
632_jpg.rf.0bfb801334b9ecded4f4282dc6ad232b.jpg,400,400,baseball diamond,35,203,82,279
383_jpg.rf.8fa0eda3462127f319d9ce57ffe15f80.jpg,400,400,vehicle,204,168,222,203
383_jpg.rf.8fa0eda3462127f319d9ce57ffe15f80.jpg,400,400,vehicle,179,338,208,363
337_jpg.rf.a5bc1e7c77ca44f4949f5af0498478a0.jpg,400,400,tennis court,169,216,211,268
337_jpg.rf.a5bc1e7c77ca44f4949f5af0498478a0.jpg,400,400,tennis court,191,199,231,252
337_jpg.rf.a5bc1e7c77ca44f4949f5af0498478a0.jpg,400,400,tennis court,210,183,251,233
424_jpg.rf.34bb681f03ad824e5f541c633b552c3a.jpg,400,400,vehicle,148,46,160,80
424_jpg.rf.34bb681f03ad824e5f541c633b552c3a.jpg,400,400,vehicle,151,86,161,115
424_jpg.rf.34bb681f03ad824e5f541c633b552c3a.jpg,400,400,vehicle,189,155,200,186
424_jpg.rf.34bb681f03ad824e5f541c633b552c3a.jpg,400,400,vehicle,179,197,189,226
424_jpg.rf.34bb681f03ad824e5f541c633b552c3a.jpg,400,400,vehicle,109,240,125,269
319_jpg.rf.6b073849409ce04813867a08777a51ef.jpg,400,400,storage tank,77,81,90,100
319_jpg.rf.6b073849409ce04813867a08777a51ef.jpg,400,400,storage tank,89,69,103,86
319_jpg.rf.6b073849409ce04813867a08777a51ef.jpg,400,400,storage tank,100,84,114,101
319_jpg.rf.6b073849409ce04813867a08777a51ef.jpg,400,400,storage tank,87,97,101,114
319_jpg.rf.6b073849409ce04813867a08777a51ef.jpg,400,400,storage tank,186,196,200,212
319_jpg.rf.6b073849409ce04813867a08777a51ef.jpg,400,400,storage tank,225,178,238,196
319_jpg.rf.6b073849409ce04813867a08777a51ef.jpg,400,400,storage tank,257,165,271,184
319_jpg.rf.6b073849409ce04813867a08777a51ef.jpg,400,400,storage tank,264,182,278,202
319_jpg.rf.6b073849409ce04813867a08777a51ef.jpg,400,400,storage tank,333,236,346,256
319_jpg.rf.6b073849409ce04813867a08777a51ef.jpg,400,400,storage tank,341,255,353,274
319_jpg.rf.6b073849409ce04813867a08777a51ef.jpg,400,400,storage tank,355,258,370,279
528_jpg.rf.868afa5e87b2909f1cb8107026728b70.jpg,400,400,bridge,122,98,184,221
528_jpg.rf.868afa5e87b2909f1cb8107026728b70.jpg,400,400,bridge,228,76,326,224
503_jpg.rf.15dcfaf7dfeaf36644abc649554e74e8.jpg,400,400,ship,366,318,380,356
503_jpg.rf.15dcfaf7dfeaf36644abc649554e74e8.jpg,400,400,ship,347,201,371,247
503_jpg.rf.15dcfaf7dfeaf36644abc649554e74e8.jpg,400,400,ship,298,235,314,273
503_jpg.rf.15dcfaf7dfeaf36644abc649554e74e8.jpg,400,400,ship,274,68,289,114
503_jpg.rf.15dcfaf7dfeaf36644abc649554e74e8.jpg,400,400,ship,213,17,231,42
503_jpg.rf.15dcfaf7dfeaf36644abc649554e74e8.jpg,400,400,ship,176,107,191,153
503_jpg.rf.15dcfaf7dfeaf36644abc649554e74e8.jpg,400,400,ship,161,178,185,214
503_jpg.rf.15dcfaf7dfeaf36644abc649554e74e8.jpg,400,400,ship,211,294,238,316
503_jpg.rf.15dcfaf7dfeaf36644abc649554e74e8.jpg,400,400,ship,122,43,140,66
503_jpg.rf.15dcfaf7dfeaf36644abc649554e74e8.jpg,400,400,ship,98,66,116,88
503_jpg.rf.15dcfaf7dfeaf36644abc649554e74e8.jpg,400,400,ship,86,177,106,197
503_jpg.rf.15dcfaf7dfeaf36644abc649554e74e8.jpg,400,400,ship,104,304,126,352
503_jpg.rf.15dcfaf7dfeaf36644abc649554e74e8.jpg,400,400,ship,61,50,77,74
503_jpg.rf.15dcfaf7dfeaf36644abc649554e74e8.jpg,400,400,ship,40,113,55,131
503_jpg.rf.15dcfaf7dfeaf36644abc649554e74e8.jpg,400,400,ship,19,91,33,118
129_jpg.rf.4448f549f2f81c56017472bcc62c5c49.jpg,400,400,baseball diamond,217,68,249,115
129_jpg.rf.4448f549f2f81c56017472bcc62c5c49.jpg,400,400,baseball diamond,295,95,329,153
521_jpg.rf.b3abbd9540b839bf579e0d97b29a53f9.jpg,400,400,airplane,231,60,258,95
521_jpg.rf.b3abbd9540b839bf579e0d97b29a53f9.jpg,400,400,airplane,268,62,296,97
521_jpg.rf.b3abbd9540b839bf579e0d97b29a53f9.jpg,400,400,airplane,213,217,252,268
521_jpg.rf.b3abbd9540b839bf579e0d97b29a53f9.jpg,400,400,airplane,211,282,250,334
521_jpg.rf.b3abbd9540b839bf579e0d97b29a53f9.jpg,400,400,airplane,103,214,143,266
577_jpg.rf.ccaa33a9b74c7a6c5dd289b4235885b3.jpg,400,400,baseball diamond,168,132,190,166
577_jpg.rf.ccaa33a9b74c7a6c5dd289b4235885b3.jpg,400,400,baseball diamond,199,134,217,163
577_jpg.rf.ccaa33a9b74c7a6c5dd289b4235885b3.jpg,400,400,baseball diamond,162,179,192,225
577_jpg.rf.ccaa33a9b74c7a6c5dd289b4235885b3.jpg,400,400,baseball diamond,200,171,229,221
411_jpg.rf.e06384772dff2f9c3b388cff9fc09e56.jpg,400,400,vehicle,0,115,22,151
411_jpg.rf.e06384772dff2f9c3b388cff9fc09e56.jpg,400,400,vehicle,44,162,71,206
411_jpg.rf.e06384772dff2f9c3b388cff9fc09e56.jpg,400,400,vehicle,231,340,266,392
492_jpg.rf.6853b5cce8e467dc6f3be9b2e94e1707.jpg,400,400,baseball diamond,167,147,218,212
492_jpg.rf.6853b5cce8e467dc6f3be9b2e94e1707.jpg,400,400,baseball diamond,90,250,138,314
492_jpg.rf.6853b5cce8e467dc6f3be9b2e94e1707.jpg,400,400,basketball court,194,306,235,342
492_jpg.rf.6853b5cce8e467dc6f3be9b2e94e1707.jpg,400,400,basketball court,239,265,279,297
492_jpg.rf.6853b5cce8e467dc6f3be9b2e94e1707.jpg,400,400,basketball court,241,299,280,329
629_jpg.rf.b0966ef661669e31a8705ba3fb8a4014.jpg,400,400,ground track field,115,105,234,239
629_jpg.rf.b0966ef661669e31a8705ba3fb8a4014.jpg,400,400,baseball diamond,205,38,238,79
049_jpg.rf.4cf0b1be1fa4c0e959ef3f4cdc37aa9f.jpg,400,400,airplane,105,62,142,98
049_jpg.rf.4cf0b1be1fa4c0e959ef3f4cdc37aa9f.jpg,400,400,airplane,30,249,62,282
049_jpg.rf.4cf0b1be1fa4c0e959ef3f4cdc37aa9f.jpg,400,400,airplane,156,124,191,156
049_jpg.rf.4cf0b1be1fa4c0e959ef3f4cdc37aa9f.jpg,400,400,airplane,215,206,256,244
049_jpg.rf.4cf0b1be1fa4c0e959ef3f4cdc37aa9f.jpg,400,400,airplane,220,265,262,303
049_jpg.rf.4cf0b1be1fa4c0e959ef3f4cdc37aa9f.jpg,400,400,airplane,306,140,354,189
049_jpg.rf.4cf0b1be1fa4c0e959ef3f4cdc37aa9f.jpg,400,400,airplane,310,216,361,273
049_jpg.rf.4cf0b1be1fa4c0e959ef3f4cdc37aa9f.jpg,400,400,airplane,299,292,355,355
489_jpg.rf.efef564169113bf1d69a10089b6eb3ae.jpg,400,400,baseball diamond,295,82,344,139
489_jpg.rf.efef564169113bf1d69a10089b6eb3ae.jpg,400,400,tennis court,153,217,172,277
489_jpg.rf.efef564169113bf1d69a10089b6eb3ae.jpg,400,400,tennis court,180,218,201,278
489_jpg.rf.efef564169113bf1d69a10089b6eb3ae.jpg,400,400,tennis court,209,220,230,280
489_jpg.rf.efef564169113bf1d69a10089b6eb3ae.jpg,400,400,tennis court,237,221,258,278
489_jpg.rf.efef564169113bf1d69a10089b6eb3ae.jpg,400,400,basketball court,90,248,134,288
576_jpg.rf.b92fdb6042d7e5ec0836cd570cfc13b1.jpg,400,400,baseball diamond,136,85,172,135
576_jpg.rf.b92fdb6042d7e5ec0836cd570cfc13b1.jpg,400,400,baseball diamond,149,205,185,262
576_jpg.rf.b92fdb6042d7e5ec0836cd570cfc13b1.jpg,400,400,baseball diamond,89,223,127,284
576_jpg.rf.b92fdb6042d7e5ec0836cd570cfc13b1.jpg,400,400,ground track field,36,86,125,272
226_jpg.rf.f5c5b844a7b998636589f982db876d44.jpg,400,400,ground track field,107,136,192,321
226_jpg.rf.f5c5b844a7b998636589f982db876d44.jpg,400,400,tennis court,141,321,159,357
226_jpg.rf.f5c5b844a7b998636589f982db876d44.jpg,400,400,tennis court,156,333,170,362
226_jpg.rf.f5c5b844a7b998636589f982db876d44.jpg,400,400,tennis court,165,290,179,320
226_jpg.rf.f5c5b844a7b998636589f982db876d44.jpg,400,400,tennis court,175,297,190,326
226_jpg.rf.f5c5b844a7b998636589f982db876d44.jpg,400,400,baseball diamond,204,107,236,150
226_jpg.rf.f5c5b844a7b998636589f982db876d44.jpg,400,400,baseball diamond,192,178,221,214
035_jpg.rf.a1f993770a794898f181300219e21a94.jpg,400,400,airplane,30,25,66,78
035_jpg.rf.a1f993770a794898f181300219e21a94.jpg,400,400,airplane,24,138,59,188
035_jpg.rf.a1f993770a794898f181300219e21a94.jpg,400,400,airplane,23,192,58,243
035_jpg.rf.a1f993770a794898f181300219e21a94.jpg,400,400,airplane,90,17,116,69
035_jpg.rf.a1f993770a794898f181300219e21a94.jpg,400,400,airplane,90,74,121,128
035_jpg.rf.a1f993770a794898f181300219e21a94.jpg,400,400,airplane,89,134,125,186
035_jpg.rf.a1f993770a794898f181300219e21a94.jpg,400,400,airplane,89,192,115,244
035_jpg.rf.a1f993770a794898f181300219e21a94.jpg,400,400,airplane,91,253,126,303
035_jpg.rf.a1f993770a794898f181300219e21a94.jpg,400,400,airplane,89,312,124,362
035_jpg.rf.a1f993770a794898f181300219e21a94.jpg,400,400,airplane,178,251,209,304
035_jpg.rf.a1f993770a794898f181300219e21a94.jpg,400,400,airplane,177,315,208,364
035_jpg.rf.a1f993770a794898f181300219e21a94.jpg,400,400,airplane,264,7,289,60
035_jpg.rf.a1f993770a794898f181300219e21a94.jpg,400,400,airplane,264,67,294,119
035_jpg.rf.a1f993770a794898f181300219e21a94.jpg,400,400,airplane,263,186,293,238
035_jpg.rf.a1f993770a794898f181300219e21a94.jpg,400,400,airplane,263,254,294,307
035_jpg.rf.a1f993770a794898f181300219e21a94.jpg,400,400,airplane,348,69,379,119
035_jpg.rf.a1f993770a794898f181300219e21a94.jpg,400,400,airplane,347,127,380,177
035_jpg.rf.a1f993770a794898f181300219e21a94.jpg,400,400,airplane,346,185,379,237
035_jpg.rf.a1f993770a794898f181300219e21a94.jpg,400,400,airplane,345,309,377,365
610_jpg.rf.35550de12acf56c032b4e70e04ffb3fc.jpg,400,400,tennis court,195,94,239,154
610_jpg.rf.35550de12acf56c032b4e70e04ffb3fc.jpg,400,400,basketball court,147,143,205,217
033_jpg.rf.79d8e3380f957364a6df625e8d3a2062.jpg,400,400,airplane,63,26,120,80
033_jpg.rf.79d8e3380f957364a6df625e8d3a2062.jpg,400,400,airplane,60,108,116,163
033_jpg.rf.79d8e3380f957364a6df625e8d3a2062.jpg,400,400,airplane,54,177,110,231
033_jpg.rf.79d8e3380f957364a6df625e8d3a2062.jpg,400,400,airplane,224,21,274,70
033_jpg.rf.79d8e3380f957364a6df625e8d3a2062.jpg,400,400,airplane,177,200,236,253
033_jpg.rf.79d8e3380f957364a6df625e8d3a2062.jpg,400,400,airplane,208,260,261,314
033_jpg.rf.79d8e3380f957364a6df625e8d3a2062.jpg,400,400,airplane,207,319,258,370
071_jpg.rf.ddc494839cb38a01adf1802068e1504e.jpg,400,400,airplane,16,43,41,71
071_jpg.rf.ddc494839cb38a01adf1802068e1504e.jpg,400,400,airplane,30,71,60,103
071_jpg.rf.ddc494839cb38a01adf1802068e1504e.jpg,400,400,airplane,69,135,90,161
071_jpg.rf.ddc494839cb38a01adf1802068e1504e.jpg,400,400,airplane,86,164,112,196
071_jpg.rf.ddc494839cb38a01adf1802068e1504e.jpg,400,400,airplane,156,121,170,139
071_jpg.rf.ddc494839cb38a01adf1802068e1504e.jpg,400,400,airplane,175,155,191,172
071_jpg.rf.ddc494839cb38a01adf1802068e1504e.jpg,400,400,airplane,167,288,183,315
071_jpg.rf.ddc494839cb38a01adf1802068e1504e.jpg,400,400,airplane,198,272,215,294
071_jpg.rf.ddc494839cb38a01adf1802068e1504e.jpg,400,400,airplane,227,225,246,258
071_jpg.rf.ddc494839cb38a01adf1802068e1504e.jpg,400,400,airplane,258,338,281,373
071_jpg.rf.ddc494839cb38a01adf1802068e1504e.jpg,400,400,airplane,283,312,305,347
647_jpg.rf.b42c1c49267596ba45d280c7fdca44de.jpg,400,400,ground track field,68,57,157,340
647_jpg.rf.b42c1c49267596ba45d280c7fdca44de.jpg,400,400,baseball diamond,206,205,237,256
385_jpg.rf.a6f76a5a43762153af1d8f084687947c.jpg,400,400,vehicle,48,275,83,299
385_jpg.rf.a6f76a5a43762153af1d8f084687947c.jpg,400,400,vehicle,13,309,48,337
385_jpg.rf.a6f76a5a43762153af1d8f084687947c.jpg,400,400,vehicle,67,288,103,317
101_jpg.rf.c12362e15ef145ea23277780a5d4c3af.jpg,400,400,baseball diamond,29,21,60,71
101_jpg.rf.c12362e15ef145ea23277780a5d4c3af.jpg,400,400,baseball diamond,109,80,141,129
101_jpg.rf.c12362e15ef145ea23277780a5d4c3af.jpg,400,400,baseball diamond,75,161,106,211
101_jpg.rf.c12362e15ef145ea23277780a5d4c3af.jpg,400,400,baseball diamond,321,220,352,272
101_jpg.rf.c12362e15ef145ea23277780a5d4c3af.jpg,400,400,baseball diamond,336,332,368,382
331_jpg.rf.60e0ba5aff733b01393f47c0c9ee1530.jpg,400,400,tennis court,194,168,229,214
331_jpg.rf.60e0ba5aff733b01393f47c0c9ee1530.jpg,400,400,tennis court,169,184,203,232
331_jpg.rf.60e0ba5aff733b01393f47c0c9ee1530.jpg,400,400,basketball court,134,203,173,234
628_jpg.rf.effb32b89313d182dc37f031db49dc65.jpg,400,400,ground track field,10,56,88,280
628_jpg.rf.effb32b89313d182dc37f031db49dc65.jpg,400,400,tennis court,33,2,45,35
628_jpg.rf.effb32b89313d182dc37f031db49dc65.jpg,400,400,tennis court,21,1,34,35
628_jpg.rf.effb32b89313d182dc37f031db49dc65.jpg,400,400,tennis court,9,2,23,35
628_jpg.rf.effb32b89313d182dc37f031db49dc65.jpg,400,400,bridge,186,173,326,327
246_jpg.rf.5955081da3a20338851529d987b02b02.jpg,400,400,ground track field,122,61,278,307
246_jpg.rf.5955081da3a20338851529d987b02b02.jpg,400,400,tennis court,41,208,62,253
246_jpg.rf.5955081da3a20338851529d987b02b02.jpg,400,400,tennis court,55,220,74,261
246_jpg.rf.5955081da3a20338851529d987b02b02.jpg,400,400,tennis court,59,162,82,201
246_jpg.rf.5955081da3a20338851529d987b02b02.jpg,400,400,tennis court,74,172,95,210
246_jpg.rf.5955081da3a20338851529d987b02b02.jpg,400,400,basketball court,75,129,107,169
246_jpg.rf.5955081da3a20338851529d987b02b02.jpg,400,400,basketball court,80,108,116,147
261_jpg.rf.1818dd1f9dd42f9f49839bd1f4a91f77.jpg,400,400,ground track field,186,70,300,339
261_jpg.rf.1818dd1f9dd42f9f49839bd1f4a91f77.jpg,400,400,baseball diamond,298,51,349,100
261_jpg.rf.1818dd1f9dd42f9f49839bd1f4a91f77.jpg,400,400,baseball diamond,301,188,341,231
395_jpg.rf.f75c7f9e3db8508deefcc8a181c44667.jpg,400,400,vehicle,223,148,243,186
395_jpg.rf.f75c7f9e3db8508deefcc8a181c44667.jpg,400,400,vehicle,253,271,272,313
395_jpg.rf.f75c7f9e3db8508deefcc8a181c44667.jpg,400,400,vehicle,263,317,282,349
395_jpg.rf.f75c7f9e3db8508deefcc8a181c44667.jpg,400,400,vehicle,274,358,292,395
251_jpg.rf.41d4c5d8f86a8ab76d7ce3527972b2fa.jpg,400,400,ground track field,143,102,287,312
251_jpg.rf.41d4c5d8f86a8ab76d7ce3527972b2fa.jpg,400,400,baseball diamond,111,79,153,125
251_jpg.rf.41d4c5d8f86a8ab76d7ce3527972b2fa.jpg,400,400,baseball diamond,302,185,332,221
201_jpg.rf.18f26b74a2480080652c801af70e290f.jpg,400,400,baseball diamond,109,13,133,43
201_jpg.rf.18f26b74a2480080652c801af70e290f.jpg,400,400,baseball diamond,211,312,243,359
201_jpg.rf.18f26b74a2480080652c801af70e290f.jpg,400,400,tennis court,47,336,67,369
201_jpg.rf.18f26b74a2480080652c801af70e290f.jpg,400,400,tennis court,57,325,76,359
201_jpg.rf.18f26b74a2480080652c801af70e290f.jpg,400,400,tennis court,69,317,86,346
201_jpg.rf.18f26b74a2480080652c801af70e290f.jpg,400,400,ground track field,134,42,222,190
590_jpg.rf.a7f8c2a4418d915dc959700f79d6cf2e.jpg,400,400,baseball diamond,244,30,294,92
590_jpg.rf.a7f8c2a4418d915dc959700f79d6cf2e.jpg,400,400,ground track field,161,70,253,316
649_jpg.rf.18cacee87aca289f28a2190fce90d9cd.jpg,400,400,basketball court,183,107,218,174
649_jpg.rf.18cacee87aca289f28a2190fce90d9cd.jpg,400,400,basketball court,217,105,253,172
475_jpg.rf.a3c6a9893277147b8aeb97be98cd23ce.jpg,400,400,ground track field,177,73,253,285
579_jpg.rf.7d1aeb99b5e692112765b3c5bbf92cfd.jpg,400,400,baseball diamond,77,113,114,161
579_jpg.rf.7d1aeb99b5e692112765b3c5bbf92cfd.jpg,400,400,baseball diamond,194,66,242,133
579_jpg.rf.7d1aeb99b5e692112765b3c5bbf92cfd.jpg,400,400,baseball diamond,107,226,142,275
579_jpg.rf.7d1aeb99b5e692112765b3c5bbf92cfd.jpg,400,400,baseball diamond,224,228,256,275
579_jpg.rf.7d1aeb99b5e692112765b3c5bbf92cfd.jpg,400,400,basketball court,12,233,33,281
579_jpg.rf.7d1aeb99b5e692112765b3c5bbf92cfd.jpg,400,400,basketball court,29,233,50,280
579_jpg.rf.7d1aeb99b5e692112765b3c5bbf92cfd.jpg,400,400,ground track field,269,10,370,75
417_jpg.rf.0b68da4d8f9670a0f3990a5f08fc1632.jpg,400,400,vehicle,235,138,263,163
417_jpg.rf.0b68da4d8f9670a0f3990a5f08fc1632.jpg,400,400,vehicle,188,193,216,220
417_jpg.rf.0b68da4d8f9670a0f3990a5f08fc1632.jpg,400,400,vehicle,97,213,125,237
417_jpg.rf.0b68da4d8f9670a0f3990a5f08fc1632.jpg,400,400,vehicle,10,250,35,273
335_jpg.rf.73642f51a357111e421536e372d8db69.jpg,400,400,baseball diamond,274,26,312,77
335_jpg.rf.73642f51a357111e421536e372d8db69.jpg,400,400,baseball diamond,165,11,202,53
335_jpg.rf.73642f51a357111e421536e372d8db69.jpg,400,400,baseball diamond,185,55,221,106
335_jpg.rf.73642f51a357111e421536e372d8db69.jpg,400,400,baseball diamond,154,311,196,372
335_jpg.rf.73642f51a357111e421536e372d8db69.jpg,400,400,baseball diamond,36,273,83,338
335_jpg.rf.73642f51a357111e421536e372d8db69.jpg,400,400,tennis court,65,151,89,187
335_jpg.rf.73642f51a357111e421536e372d8db69.jpg,400,400,tennis court,80,157,101,193
335_jpg.rf.73642f51a357111e421536e372d8db69.jpg,400,400,tennis court,93,163,115,199
335_jpg.rf.73642f51a357111e421536e372d8db69.jpg,400,400,tennis court,105,168,128,205
335_jpg.rf.73642f51a357111e421536e372d8db69.jpg,400,400,tennis court,114,118,136,155
335_jpg.rf.73642f51a357111e421536e372d8db69.jpg,400,400,tennis court,127,125,148,160
468_jpg.rf.b9623052b5f3f86c6fd47a4e11d5a8b3.jpg,400,400,ground track field,87,62,208,248
251_jpg.rf.f76f3f1fe3eab5d72e9ec24bb2765d78.jpg,400,400,ground track field,143,102,287,312
251_jpg.rf.f76f3f1fe3eab5d72e9ec24bb2765d78.jpg,400,400,baseball diamond,111,79,153,125
251_jpg.rf.f76f3f1fe3eab5d72e9ec24bb2765d78.jpg,400,400,baseball diamond,302,185,332,221
382_jpg.rf.bad92afc0ff26b3d2759e9bacff55c1d.jpg,400,400,vehicle,333,267,352,303
382_jpg.rf.bad92afc0ff26b3d2759e9bacff55c1d.jpg,400,400,vehicle,305,327,330,347
416_jpg.rf.635d2af18ca01060e6916030f4768f67.jpg,400,400,vehicle,201,65,233,89
416_jpg.rf.635d2af18ca01060e6916030f4768f67.jpg,400,400,vehicle,47,130,78,152
416_jpg.rf.635d2af18ca01060e6916030f4768f67.jpg,400,400,vehicle,171,318,208,343
416_jpg.rf.635d2af18ca01060e6916030f4768f67.jpg,400,400,vehicle,137,333,168,355
416_jpg.rf.635d2af18ca01060e6916030f4768f67.jpg,400,400,vehicle,101,345,132,368
562_jpg.rf.1dcef44385a5ec5eb5817940eb2dcc3b.jpg,400,400,bridge,27,146,71,265
562_jpg.rf.1dcef44385a5ec5eb5817940eb2dcc3b.jpg,400,400,bridge,180,73,217,210
562_jpg.rf.1dcef44385a5ec5eb5817940eb2dcc3b.jpg,400,400,bridge,363,120,387,243
293_jpg.rf.23cdcd1a9e7351f254e5bc700961aba6.jpg,400,400,ship,254,66,270,93
293_jpg.rf.23cdcd1a9e7351f254e5bc700961aba6.jpg,400,400,ship,209,325,224,359
497_jpg.rf.bbe08acab3c14e1c4d40f298ec2e8c56.jpg,400,400,baseball diamond,75,301,125,373
497_jpg.rf.bbe08acab3c14e1c4d40f298ec2e8c56.jpg,400,400,baseball diamond,148,253,200,320
497_jpg.rf.bbe08acab3c14e1c4d40f298ec2e8c56.jpg,400,400,ground track field,188,95,363,225
471_jpg.rf.8596e702c452357291de0410a435038b.jpg,400,400,baseball diamond,263,248,328,326
471_jpg.rf.8596e702c452357291de0410a435038b.jpg,400,400,tennis court,44,219,66,278
471_jpg.rf.8596e702c452357291de0410a435038b.jpg,400,400,tennis court,69,216,90,270
471_jpg.rf.8596e702c452357291de0410a435038b.jpg,400,400,basketball court,46,297,76,359
556_jpg.rf.ec52ed13b930f59647e5b61e95ec7002.jpg,400,400,baseball diamond,49,142,81,176
556_jpg.rf.ec52ed13b930f59647e5b61e95ec7002.jpg,400,400,baseball diamond,118,203,146,240
556_jpg.rf.ec52ed13b930f59647e5b61e95ec7002.jpg,400,400,baseball diamond,240,238,271,286
556_jpg.rf.ec52ed13b930f59647e5b61e95ec7002.jpg,400,400,ground track field,59,236,161,352
628_jpg.rf.60bdf8c64b8f3647cb48acd9d88649d8.jpg,400,400,ground track field,10,56,88,279
628_jpg.rf.60bdf8c64b8f3647cb48acd9d88649d8.jpg,400,400,tennis court,32,2,45,35
628_jpg.rf.60bdf8c64b8f3647cb48acd9d88649d8.jpg,400,400,tennis court,21,1,34,34
628_jpg.rf.60bdf8c64b8f3647cb48acd9d88649d8.jpg,400,400,tennis court,9,2,23,35
628_jpg.rf.60bdf8c64b8f3647cb48acd9d88649d8.jpg,400,400,bridge,185,172,326,327
480_jpg.rf.079fee2a49def5c2c0b4b167e7dd9f5b.jpg,400,400,baseball diamond,160,187,182,216
480_jpg.rf.079fee2a49def5c2c0b4b167e7dd9f5b.jpg,400,400,baseball diamond,223,171,255,210
480_jpg.rf.079fee2a49def5c2c0b4b167e7dd9f5b.jpg,400,400,ground track field,306,83,370,243
620_jpg.rf.4ec847f8887c493612530eb456a57a7d.jpg,400,400,ground track field,139,78,262,301
498_jpg.rf.0d614bdfbb025e111696cd67f1e170cf.jpg,400,400,basketball court,148,141,201,216
498_jpg.rf.0d614bdfbb025e111696cd67f1e170cf.jpg,400,400,basketball court,198,120,246,162
498_jpg.rf.0d614bdfbb025e111696cd67f1e170cf.jpg,400,400,basketball court,190,180,242,228
257_jpg.rf.cdb27ee03f89793a0a872fb701f37b11.jpg,400,400,ground track field,49,24,186,219
257_jpg.rf.cdb27ee03f89793a0a872fb701f37b11.jpg,400,400,tennis court,46,169,70,206
257_jpg.rf.cdb27ee03f89793a0a872fb701f37b11.jpg,400,400,tennis court,56,180,77,217
257_jpg.rf.cdb27ee03f89793a0a872fb701f37b11.jpg,400,400,tennis court,63,192,87,230
257_jpg.rf.cdb27ee03f89793a0a872fb701f37b11.jpg,400,400,tennis court,74,204,97,237
257_jpg.rf.cdb27ee03f89793a0a872fb701f37b11.jpg,400,400,tennis court,82,215,107,250
257_jpg.rf.cdb27ee03f89793a0a872fb701f37b11.jpg,400,400,basketball court,30,148,60,196
503_jpg.rf.f3ec6e1592672e1e4c6018b5c26b36da.jpg,400,400,ship,20,318,34,356
503_jpg.rf.f3ec6e1592672e1e4c6018b5c26b36da.jpg,400,400,ship,30,201,53,247
503_jpg.rf.f3ec6e1592672e1e4c6018b5c26b36da.jpg,400,400,ship,86,235,102,273
503_jpg.rf.f3ec6e1592672e1e4c6018b5c26b36da.jpg,400,400,ship,112,68,127,114
503_jpg.rf.f3ec6e1592672e1e4c6018b5c26b36da.jpg,400,400,ship,169,17,188,42
503_jpg.rf.f3ec6e1592672e1e4c6018b5c26b36da.jpg,400,400,ship,209,107,224,153
503_jpg.rf.f3ec6e1592672e1e4c6018b5c26b36da.jpg,400,400,ship,215,177,240,214
503_jpg.rf.f3ec6e1592672e1e4c6018b5c26b36da.jpg,400,400,ship,163,294,190,316
503_jpg.rf.f3ec6e1592672e1e4c6018b5c26b36da.jpg,400,400,ship,261,43,279,66
503_jpg.rf.f3ec6e1592672e1e4c6018b5c26b36da.jpg,400,400,ship,284,66,303,87
503_jpg.rf.f3ec6e1592672e1e4c6018b5c26b36da.jpg,400,400,ship,295,177,315,196
503_jpg.rf.f3ec6e1592672e1e4c6018b5c26b36da.jpg,400,400,ship,274,304,297,352
503_jpg.rf.f3ec6e1592672e1e4c6018b5c26b36da.jpg,400,400,ship,324,50,340,73
503_jpg.rf.f3ec6e1592672e1e4c6018b5c26b36da.jpg,400,400,ship,346,113,361,131
503_jpg.rf.f3ec6e1592672e1e4c6018b5c26b36da.jpg,400,400,ship,367,91,381,118
422_jpg.rf.7903dd66e911fea6e14684bf74adc719.jpg,400,400,vehicle,61,294,71,327
422_jpg.rf.7903dd66e911fea6e14684bf74adc719.jpg,400,400,vehicle,238,106,261,125
422_jpg.rf.7903dd66e911fea6e14684bf74adc719.jpg,400,400,vehicle,345,127,366,143
422_jpg.rf.7903dd66e911fea6e14684bf74adc719.jpg,400,400,vehicle,69,163,78,195
422_jpg.rf.7903dd66e911fea6e14684bf74adc719.jpg,400,400,vehicle,42,1,52,28
422_jpg.rf.7903dd66e911fea6e14684bf74adc719.jpg,400,400,vehicle,284,176,292,203
439_jpg.rf.56d6c7239f99cf1dc09723b459748c54.jpg,400,400,vehicle,24,268,41,300
439_jpg.rf.56d6c7239f99cf1dc09723b459748c54.jpg,400,400,vehicle,305,307,324,338
439_jpg.rf.56d6c7239f99cf1dc09723b459748c54.jpg,400,400,vehicle,204,139,222,167
439_jpg.rf.56d6c7239f99cf1dc09723b459748c54.jpg,400,400,vehicle,243,76,258,102
439_jpg.rf.56d6c7239f99cf1dc09723b459748c54.jpg,400,400,vehicle,26,195,43,219
439_jpg.rf.56d6c7239f99cf1dc09723b459748c54.jpg,400,400,vehicle,147,73,162,98
439_jpg.rf.56d6c7239f99cf1dc09723b459748c54.jpg,400,400,vehicle,146,44,164,71
568_jpg.rf.43472ece880f54b5d35215eaaca1aae3.jpg,400,400,baseball diamond,282,274,337,361
568_jpg.rf.43472ece880f54b5d35215eaaca1aae3.jpg,400,400,tennis court,126,195,149,235
568_jpg.rf.43472ece880f54b5d35215eaaca1aae3.jpg,400,400,tennis court,137,208,160,248
568_jpg.rf.43472ece880f54b5d35215eaaca1aae3.jpg,400,400,tennis court,148,219,171,261
568_jpg.rf.43472ece880f54b5d35215eaaca1aae3.jpg,400,400,tennis court,156,139,177,175
568_jpg.rf.43472ece880f54b5d35215eaaca1aae3.jpg,400,400,tennis court,167,150,187,187
568_jpg.rf.43472ece880f54b5d35215eaaca1aae3.jpg,400,400,tennis court,178,163,199,198
568_jpg.rf.43472ece880f54b5d35215eaaca1aae3.jpg,400,400,ground track field,15,12,152,177
567_jpg.rf.0ba80fb9c26cf0a1830fb2d248ecb17a.jpg,400,400,ground track field,141,56,274,246
567_jpg.rf.0ba80fb9c26cf0a1830fb2d248ecb17a.jpg,400,400,baseball diamond,72,326,106,376
567_jpg.rf.0ba80fb9c26cf0a1830fb2d248ecb17a.jpg,400,400,baseball diamond,132,312,161,354
266_jpg.rf.693ce8e329244708bbdb5fc37b56fedd.jpg,400,400,harbor,120,87,169,166
266_jpg.rf.693ce8e329244708bbdb5fc37b56fedd.jpg,400,400,harbor,180,98,246,165
266_jpg.rf.693ce8e329244708bbdb5fc37b56fedd.jpg,400,400,harbor,166,152,224,211
266_jpg.rf.693ce8e329244708bbdb5fc37b56fedd.jpg,400,400,harbor,157,204,211,261
266_jpg.rf.693ce8e329244708bbdb5fc37b56fedd.jpg,400,400,harbor,258,161,330,234
266_jpg.rf.693ce8e329244708bbdb5fc37b56fedd.jpg,400,400,harbor,236,207,310,281
365_jpg.rf.f67e9b03ce0aa8db1a537cc1efa0c43d.jpg,400,400,tennis court,41,225,68,302
365_jpg.rf.f67e9b03ce0aa8db1a537cc1efa0c43d.jpg,400,400,tennis court,69,215,96,298
365_jpg.rf.f67e9b03ce0aa8db1a537cc1efa0c43d.jpg,400,400,tennis court,106,218,132,294
365_jpg.rf.f67e9b03ce0aa8db1a537cc1efa0c43d.jpg,400,400,tennis court,135,214,162,288
365_jpg.rf.f67e9b03ce0aa8db1a537cc1efa0c43d.jpg,400,400,tennis court,172,210,198,283
365_jpg.rf.f67e9b03ce0aa8db1a537cc1efa0c43d.jpg,400,400,tennis court,200,207,226,280
365_jpg.rf.f67e9b03ce0aa8db1a537cc1efa0c43d.jpg,400,400,tennis court,240,201,269,273
365_jpg.rf.f67e9b03ce0aa8db1a537cc1efa0c43d.jpg,400,400,tennis court,267,197,296,269
365_jpg.rf.f67e9b03ce0aa8db1a537cc1efa0c43d.jpg,400,400,tennis court,295,195,325,265
365_jpg.rf.f67e9b03ce0aa8db1a537cc1efa0c43d.jpg,400,400,tennis court,320,191,351,262
591_jpg.rf.098c44ea29783f3708d75d6f35c8517f.jpg,400,400,ground track field,110,70,194,366
032_jpg.rf.0af67a83eb6b77207d038f605c98979b.jpg,400,400,airplane,7,179,33,231
032_jpg.rf.0af67a83eb6b77207d038f605c98979b.jpg,400,400,airplane,37,150,62,200
032_jpg.rf.0af67a83eb6b77207d038f605c98979b.jpg,400,400,airplane,72,182,97,240
032_jpg.rf.0af67a83eb6b77207d038f605c98979b.jpg,400,400,airplane,102,152,127,200
032_jpg.rf.0af67a83eb6b77207d038f605c98979b.jpg,400,400,airplane,150,179,175,241
032_jpg.rf.0af67a83eb6b77207d038f605c98979b.jpg,400,400,airplane,175,159,201,204
032_jpg.rf.0af67a83eb6b77207d038f605c98979b.jpg,400,400,airplane,212,193,239,248
032_jpg.rf.0af67a83eb6b77207d038f605c98979b.jpg,400,400,airplane,236,161,262,208
032_jpg.rf.0af67a83eb6b77207d038f605c98979b.jpg,400,400,airplane,275,196,302,244
032_jpg.rf.0af67a83eb6b77207d038f605c98979b.jpg,400,400,airplane,298,163,323,209
032_jpg.rf.0af67a83eb6b77207d038f605c98979b.jpg,400,400,airplane,337,198,365,253
032_jpg.rf.0af67a83eb6b77207d038f605c98979b.jpg,400,400,airplane,359,168,383,216
590_jpg.rf.8dc7571bc1b073d44fb3f2130b54fd43.jpg,400,400,baseball diamond,106,30,156,92
590_jpg.rf.8dc7571bc1b073d44fb3f2130b54fd43.jpg,400,400,ground track field,148,70,240,316
497_jpg.rf.b2da7fbc14f234f125c7e4194354a722.jpg,400,400,baseball diamond,301,275,373,325
497_jpg.rf.b2da7fbc14f234f125c7e4194354a722.jpg,400,400,baseball diamond,253,200,320,252
497_jpg.rf.b2da7fbc14f234f125c7e4194354a722.jpg,400,400,ground track field,95,38,225,213
293_jpg.rf.c28fcbdc0785fddb8d30aa78289ad5fa.jpg,400,400,ship,130,308,147,334
293_jpg.rf.c28fcbdc0785fddb8d30aa78289ad5fa.jpg,400,400,ship,177,41,192,75
619_jpg.rf.bfb12847b0802d260694edec7d8cb1b4.jpg,400,400,baseball diamond,69,92,155,211
619_jpg.rf.bfb12847b0802d260694edec7d8cb1b4.jpg,400,400,tennis court,185,113,212,175
619_jpg.rf.bfb12847b0802d260694edec7d8cb1b4.jpg,400,400,tennis court,209,123,239,187
619_jpg.rf.bfb12847b0802d260694edec7d8cb1b4.jpg,400,400,basketball court,235,137,270,207
619_jpg.rf.bfb12847b0802d260694edec7d8cb1b4.jpg,400,400,basketball court,264,147,299,219
385_jpg.rf.a2ca9d7cbfab38975e7779b1b1e84bcf.jpg,400,400,vehicle,48,275,83,299
385_jpg.rf.a2ca9d7cbfab38975e7779b1b1e84bcf.jpg,400,400,vehicle,13,309,48,337
385_jpg.rf.a2ca9d7cbfab38975e7779b1b1e84bcf.jpg,400,400,vehicle,67,288,103,317
358_jpg.rf.22a7f9a993062fdea4e07d78e43eca15.jpg,400,400,tennis court,106,260,123,314
358_jpg.rf.22a7f9a993062fdea4e07d78e43eca15.jpg,400,400,tennis court,127,260,144,310
358_jpg.rf.22a7f9a993062fdea4e07d78e43eca15.jpg,400,400,tennis court,92,191,108,237
358_jpg.rf.22a7f9a993062fdea4e07d78e43eca15.jpg,400,400,tennis court,112,192,128,236
358_jpg.rf.22a7f9a993062fdea4e07d78e43eca15.jpg,400,400,tennis court,130,191,150,236
358_jpg.rf.22a7f9a993062fdea4e07d78e43eca15.jpg,400,400,tennis court,90,72,104,109
358_jpg.rf.22a7f9a993062fdea4e07d78e43eca15.jpg,400,400,tennis court,107,72,123,109
358_jpg.rf.22a7f9a993062fdea4e07d78e43eca15.jpg,400,400,tennis court,125,72,139,109
358_jpg.rf.22a7f9a993062fdea4e07d78e43eca15.jpg,400,400,tennis court,142,72,158,109
358_jpg.rf.22a7f9a993062fdea4e07d78e43eca15.jpg,400,400,tennis court,168,50,183,87
358_jpg.rf.22a7f9a993062fdea4e07d78e43eca15.jpg,400,400,tennis court,184,50,200,87
358_jpg.rf.22a7f9a993062fdea4e07d78e43eca15.jpg,400,400,bridge,335,56,398,130
629_jpg.rf.acf67141181f5df3b4d67550eb8dc81e.jpg,400,400,ground track field,115,162,234,296
629_jpg.rf.acf67141181f5df3b4d67550eb8dc81e.jpg,400,400,baseball diamond,206,321,238,363
620_jpg.rf.5ff334b4392b82db6d350169d7ab5754.jpg,400,400,ground track field,78,139,301,261
047_jpg.rf.c30b156a4bd42f20ccbca0f2a4af3e15.jpg,400,400,airplane,27,46,52,79
047_jpg.rf.c30b156a4bd42f20ccbca0f2a4af3e15.jpg,400,400,airplane,12,96,50,145
047_jpg.rf.c30b156a4bd42f20ccbca0f2a4af3e15.jpg,400,400,airplane,14,159,53,208
047_jpg.rf.c30b156a4bd42f20ccbca0f2a4af3e15.jpg,400,400,airplane,22,226,43,262
047_jpg.rf.c30b156a4bd42f20ccbca0f2a4af3e15.jpg,400,400,airplane,8,266,34,297
047_jpg.rf.c30b156a4bd42f20ccbca0f2a4af3e15.jpg,400,400,airplane,6,310,34,342
047_jpg.rf.c30b156a4bd42f20ccbca0f2a4af3e15.jpg,400,400,airplane,114,17,139,49
047_jpg.rf.c30b156a4bd42f20ccbca0f2a4af3e15.jpg,400,400,airplane,107,61,135,94
047_jpg.rf.c30b156a4bd42f20ccbca0f2a4af3e15.jpg,400,400,airplane,111,106,140,139
047_jpg.rf.c30b156a4bd42f20ccbca0f2a4af3e15.jpg,400,400,airplane,104,187,130,222
047_jpg.rf.c30b156a4bd42f20ccbca0f2a4af3e15.jpg,400,400,airplane,96,234,127,268
047_jpg.rf.c30b156a4bd42f20ccbca0f2a4af3e15.jpg,400,400,airplane,111,279,140,312
047_jpg.rf.c30b156a4bd42f20ccbca0f2a4af3e15.jpg,400,400,airplane,77,308,96,354
047_jpg.rf.c30b156a4bd42f20ccbca0f2a4af3e15.jpg,400,400,airplane,115,317,141,363
047_jpg.rf.c30b156a4bd42f20ccbca0f2a4af3e15.jpg,400,400,airplane,246,49,271,78
047_jpg.rf.c30b156a4bd42f20ccbca0f2a4af3e15.jpg,400,400,airplane,244,91,267,121
047_jpg.rf.c30b156a4bd42f20ccbca0f2a4af3e15.jpg,400,400,airplane,239,134,264,162
047_jpg.rf.c30b156a4bd42f20ccbca0f2a4af3e15.jpg,400,400,airplane,225,170,248,209
047_jpg.rf.c30b156a4bd42f20ccbca0f2a4af3e15.jpg,400,400,airplane,231,217,259,251
047_jpg.rf.c30b156a4bd42f20ccbca0f2a4af3e15.jpg,400,400,airplane,229,294,254,328
047_jpg.rf.c30b156a4bd42f20ccbca0f2a4af3e15.jpg,400,400,airplane,230,341,255,378
047_jpg.rf.c30b156a4bd42f20ccbca0f2a4af3e15.jpg,400,400,airplane,258,346,282,375
047_jpg.rf.c30b156a4bd42f20ccbca0f2a4af3e15.jpg,400,400,airplane,327,6,355,42
047_jpg.rf.c30b156a4bd42f20ccbca0f2a4af3e15.jpg,400,400,airplane,315,54,345,85
047_jpg.rf.c30b156a4bd42f20ccbca0f2a4af3e15.jpg,400,400,airplane,331,90,359,121
047_jpg.rf.c30b156a4bd42f20ccbca0f2a4af3e15.jpg,400,400,airplane,333,134,359,175
047_jpg.rf.c30b156a4bd42f20ccbca0f2a4af3e15.jpg,400,400,airplane,314,195,350,228
047_jpg.rf.c30b156a4bd42f20ccbca0f2a4af3e15.jpg,400,400,airplane,333,239,364,270
047_jpg.rf.c30b156a4bd42f20ccbca0f2a4af3e15.jpg,400,400,airplane,338,283,362,316
047_jpg.rf.c30b156a4bd42f20ccbca0f2a4af3e15.jpg,400,400,airplane,339,339,360,382
047_jpg.rf.c30b156a4bd42f20ccbca0f2a4af3e15.jpg,400,400,airplane,371,123,393,170
175_jpg.rf.b79285cb5bb869db3a5222c9162ad9d7.jpg,400,400,bridge,86,93,220,203
288_jpg.rf.d28e1a77f6f8f1b0f47c25f7ed5360fb.jpg,400,400,ship,146,98,176,114
288_jpg.rf.d28e1a77f6f8f1b0f47c25f7ed5360fb.jpg,400,400,ship,47,266,75,287
358_jpg.rf.eccf4b161ddf5cb59b66a293c801703f.jpg,400,400,tennis court,278,86,295,140
358_jpg.rf.eccf4b161ddf5cb59b66a293c801703f.jpg,400,400,tennis court,256,90,273,140
358_jpg.rf.eccf4b161ddf5cb59b66a293c801703f.jpg,400,400,tennis court,292,163,308,209
358_jpg.rf.eccf4b161ddf5cb59b66a293c801703f.jpg,400,400,tennis court,272,164,288,208
358_jpg.rf.eccf4b161ddf5cb59b66a293c801703f.jpg,400,400,tennis court,250,165,270,209
358_jpg.rf.eccf4b161ddf5cb59b66a293c801703f.jpg,400,400,tennis court,296,292,310,329
358_jpg.rf.eccf4b161ddf5cb59b66a293c801703f.jpg,400,400,tennis court,277,292,293,329
358_jpg.rf.eccf4b161ddf5cb59b66a293c801703f.jpg,400,400,tennis court,261,292,275,329
358_jpg.rf.eccf4b161ddf5cb59b66a293c801703f.jpg,400,400,tennis court,242,292,258,329
358_jpg.rf.eccf4b161ddf5cb59b66a293c801703f.jpg,400,400,tennis court,217,313,232,351
358_jpg.rf.eccf4b161ddf5cb59b66a293c801703f.jpg,400,400,tennis court,200,313,216,351
358_jpg.rf.eccf4b161ddf5cb59b66a293c801703f.jpg,400,400,bridge,3,270,66,344
435_jpg.rf.665953a3bded9fdfdd21d4d0fa282ce6.jpg,400,400,vehicle,369,279,381,302
435_jpg.rf.665953a3bded9fdfdd21d4d0fa282ce6.jpg,400,400,vehicle,349,219,363,246
435_jpg.rf.665953a3bded9fdfdd21d4d0fa282ce6.jpg,400,400,vehicle,326,159,339,186
435_jpg.rf.665953a3bded9fdfdd21d4d0fa282ce6.jpg,400,400,vehicle,88,90,105,114
435_jpg.rf.665953a3bded9fdfdd21d4d0fa282ce6.jpg,400,400,vehicle,37,335,55,363
435_jpg.rf.665953a3bded9fdfdd21d4d0fa282ce6.jpg,400,400,vehicle,132,39,148,61
435_jpg.rf.665953a3bded9fdfdd21d4d0fa282ce6.jpg,400,400,vehicle,291,69,305,90
435_jpg.rf.665953a3bded9fdfdd21d4d0fa282ce6.jpg,400,400,vehicle,304,105,318,127
435_jpg.rf.665953a3bded9fdfdd21d4d0fa282ce6.jpg,400,400,vehicle,316,131,329,156
435_jpg.rf.665953a3bded9fdfdd21d4d0fa282ce6.jpg,400,400,vehicle,360,252,374,276
183_jpg.rf.51b0d4f3e0bca05c7b7aca95e086f7fe.jpg,400,400,bridge,100,84,262,253
062_jpg.rf.9244bfa6d0ec163b1f824d13c16652f7.jpg,400,400,airplane,152,258,184,293
062_jpg.rf.9244bfa6d0ec163b1f824d13c16652f7.jpg,400,400,airplane,360,196,399,250
511_jpg.rf.8c9420733744a6ab0ff345320329be7f.jpg,400,400,ship,20,323,34,369
511_jpg.rf.8c9420733744a6ab0ff345320329be7f.jpg,400,400,ship,86,174,95,205
511_jpg.rf.8c9420733744a6ab0ff345320329be7f.jpg,400,400,ship,98,282,107,318
511_jpg.rf.8c9420733744a6ab0ff345320329be7f.jpg,400,400,ship,175,111,186,148
511_jpg.rf.8c9420733744a6ab0ff345320329be7f.jpg,400,400,ship,164,290,173,328
511_jpg.rf.8c9420733744a6ab0ff345320329be7f.jpg,400,400,ship,218,48,238,75
511_jpg.rf.8c9420733744a6ab0ff345320329be7f.jpg,400,400,ship,226,131,239,158
511_jpg.rf.8c9420733744a6ab0ff345320329be7f.jpg,400,400,ship,307,88,330,111
511_jpg.rf.8c9420733744a6ab0ff345320329be7f.jpg,400,400,ship,357,90,378,109
511_jpg.rf.8c9420733744a6ab0ff345320329be7f.jpg,400,400,ship,264,197,281,245
511_jpg.rf.8c9420733744a6ab0ff345320329be7f.jpg,400,400,ship,345,197,377,232
511_jpg.rf.8c9420733744a6ab0ff345320329be7f.jpg,400,400,ship,351,318,369,347
164_jpg.rf.cbc47a6795df94c20c14c6b585078ba3.jpg,400,400,basketball court,148,210,234,296
164_jpg.rf.cbc47a6795df94c20c14c6b585078ba3.jpg,400,400,basketball court,194,149,286,235
023_jpg.rf.430c813df420192afd3948daf4d97747.jpg,400,400,airplane,13,21,36,41
023_jpg.rf.430c813df420192afd3948daf4d97747.jpg,400,400,airplane,130,152,159,173
023_jpg.rf.430c813df420192afd3948daf4d97747.jpg,400,400,airplane,189,219,215,238
023_jpg.rf.430c813df420192afd3948daf4d97747.jpg,400,400,airplane,209,240,235,260
023_jpg.rf.430c813df420192afd3948daf4d97747.jpg,400,400,airplane,58,237,89,258
285_jpg.rf.79ad518aa0d8b03f983c9ec7a6b7efb8.jpg,400,400,ship,139,232,150,282
285_jpg.rf.79ad518aa0d8b03f983c9ec7a6b7efb8.jpg,400,400,ship,187,204,201,235
285_jpg.rf.79ad518aa0d8b03f983c9ec7a6b7efb8.jpg,400,400,ship,244,87,264,125
285_jpg.rf.79ad518aa0d8b03f983c9ec7a6b7efb8.jpg,400,400,ship,283,335,307,371
285_jpg.rf.79ad518aa0d8b03f983c9ec7a6b7efb8.jpg,400,400,ship,303,215,331,255
285_jpg.rf.79ad518aa0d8b03f983c9ec7a6b7efb8.jpg,400,400,storage tank,31,365,53,394
285_jpg.rf.79ad518aa0d8b03f983c9ec7a6b7efb8.jpg,400,400,storage tank,54,361,74,389
285_jpg.rf.79ad518aa0d8b03f983c9ec7a6b7efb8.jpg,400,400,storage tank,76,357,97,384
285_jpg.rf.79ad518aa0d8b03f983c9ec7a6b7efb8.jpg,400,400,storage tank,98,353,118,381
285_jpg.rf.79ad518aa0d8b03f983c9ec7a6b7efb8.jpg,400,400,storage tank,7,348,25,371
285_jpg.rf.79ad518aa0d8b03f983c9ec7a6b7efb8.jpg,400,400,storage tank,7,321,25,345
285_jpg.rf.79ad518aa0d8b03f983c9ec7a6b7efb8.jpg,400,400,storage tank,10,297,25,317
285_jpg.rf.79ad518aa0d8b03f983c9ec7a6b7efb8.jpg,400,400,storage tank,10,276,25,294
285_jpg.rf.79ad518aa0d8b03f983c9ec7a6b7efb8.jpg,400,400,storage tank,37,310,52,332
285_jpg.rf.79ad518aa0d8b03f983c9ec7a6b7efb8.jpg,400,400,storage tank,52,308,67,328
285_jpg.rf.79ad518aa0d8b03f983c9ec7a6b7efb8.jpg,400,400,storage tank,36,291,51,311
285_jpg.rf.79ad518aa0d8b03f983c9ec7a6b7efb8.jpg,400,400,storage tank,52,288,67,308
285_jpg.rf.79ad518aa0d8b03f983c9ec7a6b7efb8.jpg,400,400,storage tank,36,271,50,291
285_jpg.rf.79ad518aa0d8b03f983c9ec7a6b7efb8.jpg,400,400,storage tank,51,268,66,288
285_jpg.rf.79ad518aa0d8b03f983c9ec7a6b7efb8.jpg,400,400,storage tank,73,304,88,324
285_jpg.rf.79ad518aa0d8b03f983c9ec7a6b7efb8.jpg,400,400,storage tank,89,301,103,321
285_jpg.rf.79ad518aa0d8b03f983c9ec7a6b7efb8.jpg,400,400,storage tank,103,300,119,318
285_jpg.rf.79ad518aa0d8b03f983c9ec7a6b7efb8.jpg,400,400,storage tank,72,283,87,305
285_jpg.rf.79ad518aa0d8b03f983c9ec7a6b7efb8.jpg,400,400,storage tank,86,281,102,302
285_jpg.rf.79ad518aa0d8b03f983c9ec7a6b7efb8.jpg,400,400,storage tank,102,278,118,299
285_jpg.rf.79ad518aa0d8b03f983c9ec7a6b7efb8.jpg,400,400,storage tank,70,264,85,284
285_jpg.rf.79ad518aa0d8b03f983c9ec7a6b7efb8.jpg,400,400,storage tank,86,261,101,282
285_jpg.rf.79ad518aa0d8b03f983c9ec7a6b7efb8.jpg,400,400,storage tank,101,258,116,280
285_jpg.rf.79ad518aa0d8b03f983c9ec7a6b7efb8.jpg,400,400,storage tank,69,209,87,233
285_jpg.rf.79ad518aa0d8b03f983c9ec7a6b7efb8.jpg,400,400,storage tank,90,207,107,229
285_jpg.rf.79ad518aa0d8b03f983c9ec7a6b7efb8.jpg,400,400,storage tank,32,336,52,363
285_jpg.rf.79ad518aa0d8b03f983c9ec7a6b7efb8.jpg,400,400,storage tank,53,332,73,360
285_jpg.rf.79ad518aa0d8b03f983c9ec7a6b7efb8.jpg,400,400,storage tank,75,330,95,356
285_jpg.rf.79ad518aa0d8b03f983c9ec7a6b7efb8.jpg,400,400,storage tank,96,324,116,352
285_jpg.rf.79ad518aa0d8b03f983c9ec7a6b7efb8.jpg,400,400,storage tank,7,381,27,397
056_jpg.rf.9f61d6cc2e43000b0135d4939096301b.jpg,400,400,airplane,234,116,250,136
056_jpg.rf.9f61d6cc2e43000b0135d4939096301b.jpg,400,400,airplane,351,56,383,79
056_jpg.rf.9f61d6cc2e43000b0135d4939096301b.jpg,400,400,airplane,356,106,388,136
056_jpg.rf.9f61d6cc2e43000b0135d4939096301b.jpg,400,400,airplane,324,95,356,127
056_jpg.rf.9f61d6cc2e43000b0135d4939096301b.jpg,400,400,airplane,296,109,330,131
056_jpg.rf.9f61d6cc2e43000b0135d4939096301b.jpg,400,400,airplane,286,134,322,160
056_jpg.rf.9f61d6cc2e43000b0135d4939096301b.jpg,400,400,airplane,295,206,345,239
056_jpg.rf.9f61d6cc2e43000b0135d4939096301b.jpg,400,400,airplane,320,259,351,290
056_jpg.rf.9f61d6cc2e43000b0135d4939096301b.jpg,400,400,airplane,360,254,392,285
074_jpg.rf.50290c6161313028a5992678ea807116.jpg,400,400,airplane,142,161,161,186
074_jpg.rf.50290c6161313028a5992678ea807116.jpg,400,400,airplane,260,213,278,241
074_jpg.rf.50290c6161313028a5992678ea807116.jpg,400,400,airplane,252,329,270,350
277_jpg.rf.e87a2532599e1e5f1a64244983ad13c1.jpg,400,400,harbor,74,58,139,86
277_jpg.rf.e87a2532599e1e5f1a64244983ad13c1.jpg,400,400,harbor,115,154,167,180
277_jpg.rf.e87a2532599e1e5f1a64244983ad13c1.jpg,400,400,harbor,158,271,207,297
277_jpg.rf.e87a2532599e1e5f1a64244983ad13c1.jpg,400,400,harbor,168,299,217,325
277_jpg.rf.e87a2532599e1e5f1a64244983ad13c1.jpg,400,400,harbor,169,330,227,362
277_jpg.rf.e87a2532599e1e5f1a64244983ad13c1.jpg,400,400,ship,86,97,138,107
277_jpg.rf.e87a2532599e1e5f1a64244983ad13c1.jpg,400,400,ship,60,336,82,359
277_jpg.rf.e87a2532599e1e5f1a64244983ad13c1.jpg,400,400,ship,77,369,93,390
205_jpg.rf.ed4257028ebb463e71bb4c91e02a0c27.jpg,400,400,ground track field,131,55,279,262
205_jpg.rf.ed4257028ebb463e71bb4c91e02a0c27.jpg,400,400,tennis court,215,303,245,347
205_jpg.rf.ed4257028ebb463e71bb4c91e02a0c27.jpg,400,400,tennis court,229,293,259,334
205_jpg.rf.ed4257028ebb463e71bb4c91e02a0c27.jpg,400,400,tennis court,243,280,273,320
205_jpg.rf.ed4257028ebb463e71bb4c91e02a0c27.jpg,400,400,tennis court,256,267,286,309
205_jpg.rf.ed4257028ebb463e71bb4c91e02a0c27.jpg,400,400,tennis court,268,254,298,296
205_jpg.rf.ed4257028ebb463e71bb4c91e02a0c27.jpg,400,400,tennis court,280,243,311,284
205_jpg.rf.ed4257028ebb463e71bb4c91e02a0c27.jpg,400,400,tennis court,293,232,325,272
547_jpg.rf.d1fd91578e39cee85387b3b1a9883bcf.jpg,400,400,bridge,65,215,101,331
547_jpg.rf.d1fd91578e39cee85387b3b1a9883bcf.jpg,400,400,bridge,178,212,212,313
547_jpg.rf.d1fd91578e39cee85387b3b1a9883bcf.jpg,400,400,bridge,341,44,383,106
486_jpg.rf.186f1334616b05437579dc7952ca2822.jpg,400,400,baseball diamond,238,260,285,319
486_jpg.rf.186f1334616b05437579dc7952ca2822.jpg,400,400,ground track field,247,40,344,183
244_jpg.rf.3194e87b5a1a79556ea1d573dcff701b.jpg,400,400,ground track field,222,24,307,229
309_jpg.rf.76e1af20f60f0be7dd5f52e6c9d17abb.jpg,400,400,ship,149,317,171,355
309_jpg.rf.76e1af20f60f0be7dd5f52e6c9d17abb.jpg,400,400,ship,190,135,228,147
309_jpg.rf.76e1af20f60f0be7dd5f52e6c9d17abb.jpg,400,400,storage tank,97,61,117,77
309_jpg.rf.76e1af20f60f0be7dd5f52e6c9d17abb.jpg,400,400,storage tank,116,61,132,73
309_jpg.rf.76e1af20f60f0be7dd5f52e6c9d17abb.jpg,400,400,storage tank,133,61,149,73
309_jpg.rf.76e1af20f60f0be7dd5f52e6c9d17abb.jpg,400,400,storage tank,108,75,136,95
309_jpg.rf.76e1af20f60f0be7dd5f52e6c9d17abb.jpg,400,400,storage tank,108,95,136,116
309_jpg.rf.76e1af20f60f0be7dd5f52e6c9d17abb.jpg,400,400,storage tank,135,73,162,94
309_jpg.rf.76e1af20f60f0be7dd5f52e6c9d17abb.jpg,400,400,storage tank,135,93,163,115
309_jpg.rf.76e1af20f60f0be7dd5f52e6c9d17abb.jpg,400,400,storage tank,166,59,181,69
309_jpg.rf.76e1af20f60f0be7dd5f52e6c9d17abb.jpg,400,400,storage tank,165,68,183,79
309_jpg.rf.76e1af20f60f0be7dd5f52e6c9d17abb.jpg,400,400,storage tank,167,77,183,89
309_jpg.rf.76e1af20f60f0be7dd5f52e6c9d17abb.jpg,400,400,storage tank,168,87,184,97
309_jpg.rf.76e1af20f60f0be7dd5f52e6c9d17abb.jpg,400,400,storage tank,169,96,185,106
309_jpg.rf.76e1af20f60f0be7dd5f52e6c9d17abb.jpg,400,400,storage tank,168,106,186,117
192_jpg.rf.49b2c57c80ad63a4f78b6dedb9ce79b9.jpg,400,400,bridge,132,7,264,72
192_jpg.rf.49b2c57c80ad63a4f78b6dedb9ce79b9.jpg,400,400,bridge,136,181,230,228
192_jpg.rf.49b2c57c80ad63a4f78b6dedb9ce79b9.jpg,400,400,bridge,211,322,292,386
450_jpg.rf.bb5c0685be3df741192c920fe3c6995d.jpg,400,400,vehicle,161,189,192,211
450_jpg.rf.bb5c0685be3df741192c920fe3c6995d.jpg,400,400,vehicle,168,272,196,294
450_jpg.rf.bb5c0685be3df741192c920fe3c6995d.jpg,400,400,vehicle,62,308,88,329
450_jpg.rf.bb5c0685be3df741192c920fe3c6995d.jpg,400,400,vehicle,41,327,78,358
450_jpg.rf.bb5c0685be3df741192c920fe3c6995d.jpg,400,400,vehicle,238,122,264,138
450_jpg.rf.bb5c0685be3df741192c920fe3c6995d.jpg,400,400,vehicle,286,82,313,98
072_jpg.rf.8e140a64615486f8ad6b534303ba1132.jpg,400,400,airplane,174,90,193,116
072_jpg.rf.8e140a64615486f8ad6b534303ba1132.jpg,400,400,airplane,166,205,185,234
072_jpg.rf.8e140a64615486f8ad6b534303ba1132.jpg,400,400,airplane,230,244,249,277
273_jpg.rf.5be001bb8c323e71270af8c78dd58016.jpg,400,400,harbor,108,11,183,63
273_jpg.rf.5be001bb8c323e71270af8c78dd58016.jpg,400,400,harbor,122,46,195,110
273_jpg.rf.5be001bb8c323e71270af8c78dd58016.jpg,400,400,harbor,140,81,212,145
273_jpg.rf.5be001bb8c323e71270af8c78dd58016.jpg,400,400,harbor,156,118,231,176
273_jpg.rf.5be001bb8c323e71270af8c78dd58016.jpg,400,400,harbor,170,153,245,214
273_jpg.rf.5be001bb8c323e71270af8c78dd58016.jpg,400,400,harbor,186,188,259,257
273_jpg.rf.5be001bb8c323e71270af8c78dd58016.jpg,400,400,harbor,204,228,275,290
273_jpg.rf.5be001bb8c323e71270af8c78dd58016.jpg,400,400,harbor,219,258,298,335
587_jpg.rf.2016f1216f3fae0c8e61d42811e11aa0.jpg,400,400,baseball diamond,249,78,296,131
587_jpg.rf.2016f1216f3fae0c8e61d42811e11aa0.jpg,400,400,baseball diamond,37,30,63,69
587_jpg.rf.2016f1216f3fae0c8e61d42811e11aa0.jpg,400,400,ground track field,128,144,277,383
274_jpg.rf.7008c3680b923123b8b5d11a76d6f0ec.jpg,400,400,harbor,78,339,150,383
274_jpg.rf.7008c3680b923123b8b5d11a76d6f0ec.jpg,400,400,harbor,71,136,156,182
274_jpg.rf.7008c3680b923123b8b5d11a76d6f0ec.jpg,400,400,harbor,78,82,155,115
274_jpg.rf.7008c3680b923123b8b5d11a76d6f0ec.jpg,400,400,harbor,97,39,158,76
630_jpg.rf.2b648376d0ae6852a4aaa62febb3c558.jpg,400,400,ground track field,169,38,261,215
630_jpg.rf.2b648376d0ae6852a4aaa62febb3c558.jpg,400,400,baseball diamond,186,239,230,303
600_jpg.rf.b5e09ab5fa6bcfd8b20c5de5427c347c.jpg,400,400,ground track field,148,89,280,301
551_jpg.rf.8878ab8d9eb92d9dcfdcffd34adb6474.jpg,400,400,bridge,225,198,288,273
551_jpg.rf.8878ab8d9eb92d9dcfdcffd34adb6474.jpg,400,400,bridge,103,125,169,225
116_jpg.rf.2cf2cc073c0b441929482b4703264c47.jpg,400,400,baseball diamond,174,245,210,302
116_jpg.rf.2cf2cc073c0b441929482b4703264c47.jpg,400,400,baseball diamond,118,196,150,249
301_jpg.rf.142df55fc1e5da856ffbe39e4d928e4a.jpg,400,400,airplane,69,372,91,386
301_jpg.rf.142df55fc1e5da856ffbe39e4d928e4a.jpg,400,400,airplane,52,312,84,332
301_jpg.rf.142df55fc1e5da856ffbe39e4d928e4a.jpg,400,400,ship,33,90,71,116
301_jpg.rf.142df55fc1e5da856ffbe39e4d928e4a.jpg,400,400,ship,249,17,287,43
316_jpg.rf.ee51523219a048c8201b784da4953013.jpg,400,400,storage tank,276,120,298,153
316_jpg.rf.ee51523219a048c8201b784da4953013.jpg,400,400,storage tank,263,156,287,190
316_jpg.rf.ee51523219a048c8201b784da4953013.jpg,400,400,storage tank,254,194,277,228
316_jpg.rf.ee51523219a048c8201b784da4953013.jpg,400,400,storage tank,302,135,324,169
316_jpg.rf.ee51523219a048c8201b784da4953013.jpg,400,400,storage tank,292,172,314,205
316_jpg.rf.ee51523219a048c8201b784da4953013.jpg,400,400,storage tank,279,211,303,243
316_jpg.rf.ee51523219a048c8201b784da4953013.jpg,400,400,storage tank,328,149,351,185
316_jpg.rf.ee51523219a048c8201b784da4953013.jpg,400,400,storage tank,319,189,339,222
316_jpg.rf.ee51523219a048c8201b784da4953013.jpg,400,400,storage tank,306,223,330,260
316_jpg.rf.ee51523219a048c8201b784da4953013.jpg,400,400,storage tank,358,216,380,247
316_jpg.rf.ee51523219a048c8201b784da4953013.jpg,400,400,storage tank,350,238,374,275
316_jpg.rf.ee51523219a048c8201b784da4953013.jpg,400,400,storage tank,344,263,366,299
316_jpg.rf.ee51523219a048c8201b784da4953013.jpg,400,400,storage tank,336,289,360,325
483_jpg.rf.6c4a511a121057cfebc9b81bdb1fc7a2.jpg,400,400,baseball diamond,288,332,333,363
483_jpg.rf.6c4a511a121057cfebc9b81bdb1fc7a2.jpg,400,400,baseball diamond,235,335,273,359
483_jpg.rf.6c4a511a121057cfebc9b81bdb1fc7a2.jpg,400,400,ground track field,132,271,320,337
483_jpg.rf.6c4a511a121057cfebc9b81bdb1fc7a2.jpg,400,400,bridge,58,35,126,134
611_jpg.rf.ee5d0a3ccdf84f495633dbf45a0fe5a1.jpg,400,400,ground track field,89,9,299,221
611_jpg.rf.ee5d0a3ccdf84f495633dbf45a0fe5a1.jpg,400,400,baseball diamond,306,162,354,234
611_jpg.rf.ee5d0a3ccdf84f495633dbf45a0fe5a1.jpg,400,400,baseball diamond,31,107,104,197
611_jpg.rf.ee5d0a3ccdf84f495633dbf45a0fe5a1.jpg,400,400,basketball court,300,304,342,352
611_jpg.rf.ee5d0a3ccdf84f495633dbf45a0fe5a1.jpg,400,400,basketball court,339,314,384,366
076_jpg.rf.292528513206d23b7082f8cdda6e1d62.jpg,400,400,airplane,55,43,81,78
076_jpg.rf.292528513206d23b7082f8cdda6e1d62.jpg,400,400,airplane,83,50,108,85
076_jpg.rf.292528513206d23b7082f8cdda6e1d62.jpg,400,400,airplane,111,54,138,89
076_jpg.rf.292528513206d23b7082f8cdda6e1d62.jpg,400,400,airplane,18,267,33,286
076_jpg.rf.292528513206d23b7082f8cdda6e1d62.jpg,400,400,airplane,240,239,267,271
076_jpg.rf.292528513206d23b7082f8cdda6e1d62.jpg,400,400,airplane,296,46,326,85
076_jpg.rf.292528513206d23b7082f8cdda6e1d62.jpg,400,400,airplane,308,11,335,45
552_jpg.rf.410e1f5d7936e07a3feff232d4db6ac5.jpg,400,400,bridge,176,107,237,209
552_jpg.rf.410e1f5d7936e07a3feff232d4db6ac5.jpg,400,400,bridge,243,84,302,169
132_jpg.rf.c1042543e27aacd207c7de27949c91c4.jpg,400,400,baseball diamond,34,284,97,322
132_jpg.rf.c1042543e27aacd207c7de27949c91c4.jpg,400,400,baseball diamond,51,176,90,201
132_jpg.rf.c1042543e27aacd207c7de27949c91c4.jpg,400,400,baseball diamond,270,94,338,132
132_jpg.rf.c1042543e27aacd207c7de27949c91c4.jpg,400,400,ground track field,153,226,261,364
525_jpg.rf.a4555dd549b21c2b433d6a5dce12d601.jpg,400,400,baseball diamond,230,137,267,174
525_jpg.rf.a4555dd549b21c2b433d6a5dce12d601.jpg,400,400,baseball diamond,178,265,233,325
525_jpg.rf.a4555dd549b21c2b433d6a5dce12d601.jpg,400,400,ground track field,287,91,384,300
327_jpg.rf.591812fce5c05bff0502f60fb84e8fd5.jpg,400,400,storage tank,42,56,61,84
327_jpg.rf.591812fce5c05bff0502f60fb84e8fd5.jpg,400,400,storage tank,65,50,85,79
327_jpg.rf.591812fce5c05bff0502f60fb84e8fd5.jpg,400,400,storage tank,112,88,131,119
327_jpg.rf.591812fce5c05bff0502f60fb84e8fd5.jpg,400,400,storage tank,177,84,194,110
327_jpg.rf.591812fce5c05bff0502f60fb84e8fd5.jpg,400,400,storage tank,177,106,194,130
327_jpg.rf.591812fce5c05bff0502f60fb84e8fd5.jpg,400,400,storage tank,178,129,194,155
327_jpg.rf.591812fce5c05bff0502f60fb84e8fd5.jpg,400,400,storage tank,167,157,186,190
327_jpg.rf.591812fce5c05bff0502f60fb84e8fd5.jpg,400,400,storage tank,167,187,186,220
327_jpg.rf.591812fce5c05bff0502f60fb84e8fd5.jpg,400,400,storage tank,184,157,203,191
327_jpg.rf.591812fce5c05bff0502f60fb84e8fd5.jpg,400,400,storage tank,185,189,204,219
327_jpg.rf.591812fce5c05bff0502f60fb84e8fd5.jpg,400,400,storage tank,201,158,220,190
327_jpg.rf.591812fce5c05bff0502f60fb84e8fd5.jpg,400,400,storage tank,201,187,221,221
327_jpg.rf.591812fce5c05bff0502f60fb84e8fd5.jpg,400,400,storage tank,226,153,239,172
327_jpg.rf.591812fce5c05bff0502f60fb84e8fd5.jpg,400,400,storage tank,237,152,250,173
327_jpg.rf.591812fce5c05bff0502f60fb84e8fd5.jpg,400,400,storage tank,229,174,248,203
327_jpg.rf.591812fce5c05bff0502f60fb84e8fd5.jpg,400,400,storage tank,281,80,302,110
202_jpg.rf.fb394fd7b7fc2857483bc1f81a43c0a3.jpg,400,400,tennis court,97,226,123,262
202_jpg.rf.fb394fd7b7fc2857483bc1f81a43c0a3.jpg,400,400,tennis court,110,238,138,277
202_jpg.rf.fb394fd7b7fc2857483bc1f81a43c0a3.jpg,400,400,tennis court,122,249,149,289
202_jpg.rf.fb394fd7b7fc2857483bc1f81a43c0a3.jpg,400,400,tennis court,135,259,161,300
202_jpg.rf.fb394fd7b7fc2857483bc1f81a43c0a3.jpg,400,400,tennis court,154,278,183,321
202_jpg.rf.fb394fd7b7fc2857483bc1f81a43c0a3.jpg,400,400,tennis court,168,291,194,331
202_jpg.rf.fb394fd7b7fc2857483bc1f81a43c0a3.jpg,400,400,ground track field,158,44,287,272
617_jpg.rf.4d10dfde6aebc061c61a53903f7ba5d9.jpg,400,400,baseball diamond,33,228,83,266
617_jpg.rf.4d10dfde6aebc061c61a53903f7ba5d9.jpg,400,400,ground track field,97,193,293,270
638_jpg.rf.9d7f72be3ce6ce8d8c760e448d3aba52.jpg,400,400,bridge,183,273,327,340
638_jpg.rf.9d7f72be3ce6ce8d8c760e448d3aba52.jpg,400,400,bridge,205,162,305,229
361_jpg.rf.2a189de3e39683eb800e91a6d4b980a6.jpg,400,400,tennis court,164,107,208,146
361_jpg.rf.2a189de3e39683eb800e91a6d4b980a6.jpg,400,400,tennis court,152,134,200,170
361_jpg.rf.2a189de3e39683eb800e91a6d4b980a6.jpg,400,400,basketball court,217,133,249,184
361_jpg.rf.2a189de3e39683eb800e91a6d4b980a6.jpg,400,400,basketball court,247,143,283,195
361_jpg.rf.2a189de3e39683eb800e91a6d4b980a6.jpg,400,400,baseball diamond,102,187,191,275
017_jpg.rf.b61e489d935d7b236282a7781d1cb3fe.jpg,400,400,airplane,20,327,59,377
017_jpg.rf.b61e489d935d7b236282a7781d1cb3fe.jpg,400,400,airplane,91,249,122,286
017_jpg.rf.b61e489d935d7b236282a7781d1cb3fe.jpg,400,400,airplane,101,299,130,335
017_jpg.rf.b61e489d935d7b236282a7781d1cb3fe.jpg,400,400,airplane,106,346,144,394
017_jpg.rf.b61e489d935d7b236282a7781d1cb3fe.jpg,400,400,airplane,68,69,101,118
017_jpg.rf.b61e489d935d7b236282a7781d1cb3fe.jpg,400,400,airplane,181,5,213,58
017_jpg.rf.b61e489d935d7b236282a7781d1cb3fe.jpg,400,400,airplane,204,78,242,125
017_jpg.rf.b61e489d935d7b236282a7781d1cb3fe.jpg,400,400,airplane,177,145,210,197
017_jpg.rf.b61e489d935d7b236282a7781d1cb3fe.jpg,400,400,airplane,303,223,335,269
017_jpg.rf.b61e489d935d7b236282a7781d1cb3fe.jpg,400,400,airplane,349,179,381,235
017_jpg.rf.b61e489d935d7b236282a7781d1cb3fe.jpg,400,400,storage tank,152,242,174,272
017_jpg.rf.b61e489d935d7b236282a7781d1cb3fe.jpg,400,400,storage tank,158,277,180,303
017_jpg.rf.b61e489d935d7b236282a7781d1cb3fe.jpg,400,400,storage tank,165,310,186,334
017_jpg.rf.b61e489d935d7b236282a7781d1cb3fe.jpg,400,400,storage tank,183,225,208,255
017_jpg.rf.b61e489d935d7b236282a7781d1cb3fe.jpg,400,400,storage tank,192,264,217,296
017_jpg.rf.b61e489d935d7b236282a7781d1cb3fe.jpg,400,400,storage tank,205,205,230,237
017_jpg.rf.b61e489d935d7b236282a7781d1cb3fe.jpg,400,400,storage tank,215,243,241,277
017_jpg.rf.b61e489d935d7b236282a7781d1cb3fe.jpg,400,400,storage tank,241,184,263,210
017_jpg.rf.b61e489d935d7b236282a7781d1cb3fe.jpg,400,400,storage tank,249,217,272,243
017_jpg.rf.b61e489d935d7b236282a7781d1cb3fe.jpg,400,400,storage tank,256,247,279,276
273_jpg.rf.7fb0930662bc0f26133b6134bcb889b6.jpg,400,400,harbor,337,108,389,183
273_jpg.rf.7fb0930662bc0f26133b6134bcb889b6.jpg,400,400,harbor,291,122,355,195
273_jpg.rf.7fb0930662bc0f26133b6134bcb889b6.jpg,400,400,harbor,256,140,320,212
273_jpg.rf.7fb0930662bc0f26133b6134bcb889b6.jpg,400,400,harbor,225,157,283,231
273_jpg.rf.7fb0930662bc0f26133b6134bcb889b6.jpg,400,400,harbor,187,170,247,246
273_jpg.rf.7fb0930662bc0f26133b6134bcb889b6.jpg,400,400,harbor,144,186,212,259
273_jpg.rf.7fb0930662bc0f26133b6134bcb889b6.jpg,400,400,harbor,110,205,172,275
273_jpg.rf.7fb0930662bc0f26133b6134bcb889b6.jpg,400,400,harbor,65,219,142,298
549_jpg.rf.bfdb033ee352627563c20bc6714827c2.jpg,400,400,baseball diamond,181,301,218,335
549_jpg.rf.bfdb033ee352627563c20bc6714827c2.jpg,400,400,bridge,286,45,380,115
436_jpg.rf.90e4d3410488ad370641dab64362ec04.jpg,400,400,vehicle,184,33,196,55
436_jpg.rf.90e4d3410488ad370641dab64362ec04.jpg,400,400,vehicle,187,45,203,72
436_jpg.rf.90e4d3410488ad370641dab64362ec04.jpg,400,400,vehicle,197,66,216,96
436_jpg.rf.90e4d3410488ad370641dab64362ec04.jpg,400,400,vehicle,206,79,222,103
436_jpg.rf.90e4d3410488ad370641dab64362ec04.jpg,400,400,vehicle,303,195,319,223
436_jpg.rf.90e4d3410488ad370641dab64362ec04.jpg,400,400,vehicle,213,187,228,211
436_jpg.rf.90e4d3410488ad370641dab64362ec04.jpg,400,400,vehicle,181,238,199,261
436_jpg.rf.90e4d3410488ad370641dab64362ec04.jpg,400,400,vehicle,189,252,206,274
436_jpg.rf.90e4d3410488ad370641dab64362ec04.jpg,400,400,vehicle,273,279,289,301
436_jpg.rf.90e4d3410488ad370641dab64362ec04.jpg,400,400,vehicle,293,303,309,323
436_jpg.rf.90e4d3410488ad370641dab64362ec04.jpg,400,400,vehicle,313,325,333,350
436_jpg.rf.90e4d3410488ad370641dab64362ec04.jpg,400,400,vehicle,124,125,140,148
436_jpg.rf.90e4d3410488ad370641dab64362ec04.jpg,400,400,vehicle,175,224,190,243
589_jpg.rf.a29e37302fad9f585e103ea37d570056.jpg,400,400,ground track field,165,117,276,261
589_jpg.rf.a29e37302fad9f585e103ea37d570056.jpg,400,400,baseball diamond,334,176,380,206
589_jpg.rf.a29e37302fad9f585e103ea37d570056.jpg,400,400,baseball diamond,338,103,392,141
589_jpg.rf.a29e37302fad9f585e103ea37d570056.jpg,400,400,baseball diamond,147,12,199,42
589_jpg.rf.a29e37302fad9f585e103ea37d570056.jpg,400,400,baseball diamond,224,287,266,311
589_jpg.rf.a29e37302fad9f585e103ea37d570056.jpg,400,400,baseball diamond,66,317,134,358
589_jpg.rf.a29e37302fad9f585e103ea37d570056.jpg,400,400,tennis court,235,94,255,116
589_jpg.rf.a29e37302fad9f585e103ea37d570056.jpg,400,400,tennis court,219,92,239,114
589_jpg.rf.a29e37302fad9f585e103ea37d570056.jpg,400,400,tennis court,200,89,224,111
589_jpg.rf.a29e37302fad9f585e103ea37d570056.jpg,400,400,tennis court,182,85,204,107
195_jpg.rf.208f7276f699a37561a0d1018aefc0b3.jpg,400,400,bridge,56,245,96,327
195_jpg.rf.208f7276f699a37561a0d1018aefc0b3.jpg,400,400,bridge,237,117,299,177
224_jpg.rf.c9982d03afd3dca1663aafc8595205c1.jpg,400,400,ground track field,86,165,235,280
479_jpg.rf.67b94e8b31a6b3983e11ffe7011c6cd6.jpg,400,400,baseball diamond,165,87,206,136
479_jpg.rf.67b94e8b31a6b3983e11ffe7011c6cd6.jpg,400,400,baseball diamond,323,76,360,118
479_jpg.rf.67b94e8b31a6b3983e11ffe7011c6cd6.jpg,400,400,ground track field,144,158,328,274
408_jpg.rf.3233bb4b73722d21d7435d585fd51fc0.jpg,400,400,vehicle,166,286,181,326
408_jpg.rf.3233bb4b73722d21d7435d585fd51fc0.jpg,400,400,vehicle,183,288,197,324
010_jpg.rf.2b90d69a3acd3d72f4222a84dc11bfb6.jpg,400,400,airplane,350,90,372,108
010_jpg.rf.2b90d69a3acd3d72f4222a84dc11bfb6.jpg,400,400,airplane,243,60,266,78
010_jpg.rf.2b90d69a3acd3d72f4222a84dc11bfb6.jpg,400,400,airplane,37,180,65,201
010_jpg.rf.2b90d69a3acd3d72f4222a84dc11bfb6.jpg,400,400,airplane,101,268,143,300
010_jpg.rf.2b90d69a3acd3d72f4222a84dc11bfb6.jpg,400,400,airplane,322,346,360,378
010_jpg.rf.2b90d69a3acd3d72f4222a84dc11bfb6.jpg,400,400,airplane,189,86,215,107
245_jpg.rf.ef8654beee66ce569b3ca661ade71dea.jpg,400,400,ground track field,135,117,359,215
245_jpg.rf.ef8654beee66ce569b3ca661ade71dea.jpg,400,400,tennis court,283,103,335,123
245_jpg.rf.ef8654beee66ce569b3ca661ade71dea.jpg,400,400,tennis court,316,113,364,135
245_jpg.rf.ef8654beee66ce569b3ca661ade71dea.jpg,400,400,tennis court,342,125,394,144
245_jpg.rf.ef8654beee66ce569b3ca661ade71dea.jpg,400,400,baseball diamond,29,74,61,100
245_jpg.rf.ef8654beee66ce569b3ca661ade71dea.jpg,400,400,baseball diamond,74,112,108,139
562_jpg.rf.d55c738a189902ceb41286fbc56be52b.jpg,400,400,bridge,330,146,374,265
562_jpg.rf.d55c738a189902ceb41286fbc56be52b.jpg,400,400,bridge,183,74,220,210
562_jpg.rf.d55c738a189902ceb41286fbc56be52b.jpg,400,400,bridge,14,120,38,243
024_jpg.rf.668fd5eabc505eceea7d7822a6027589.jpg,400,400,airplane,11,112,31,177
024_jpg.rf.668fd5eabc505eceea7d7822a6027589.jpg,400,400,airplane,34,111,54,172
024_jpg.rf.668fd5eabc505eceea7d7822a6027589.jpg,400,400,airplane,57,104,76,164
024_jpg.rf.668fd5eabc505eceea7d7822a6027589.jpg,400,400,airplane,81,105,100,164
024_jpg.rf.668fd5eabc505eceea7d7822a6027589.jpg,400,400,airplane,102,101,123,159
024_jpg.rf.668fd5eabc505eceea7d7822a6027589.jpg,400,400,airplane,125,94,146,152
024_jpg.rf.668fd5eabc505eceea7d7822a6027589.jpg,400,400,airplane,150,87,167,146
024_jpg.rf.668fd5eabc505eceea7d7822a6027589.jpg,400,400,airplane,169,82,187,134
024_jpg.rf.668fd5eabc505eceea7d7822a6027589.jpg,400,400,airplane,215,82,232,142
024_jpg.rf.668fd5eabc505eceea7d7822a6027589.jpg,400,400,airplane,234,74,251,134
024_jpg.rf.668fd5eabc505eceea7d7822a6027589.jpg,400,400,airplane,254,71,271,130
024_jpg.rf.668fd5eabc505eceea7d7822a6027589.jpg,400,400,airplane,275,74,294,134
024_jpg.rf.668fd5eabc505eceea7d7822a6027589.jpg,400,400,airplane,295,69,313,128
024_jpg.rf.668fd5eabc505eceea7d7822a6027589.jpg,400,400,airplane,314,64,332,122
024_jpg.rf.668fd5eabc505eceea7d7822a6027589.jpg,400,400,airplane,335,60,353,119
024_jpg.rf.668fd5eabc505eceea7d7822a6027589.jpg,400,400,airplane,357,61,374,118
024_jpg.rf.668fd5eabc505eceea7d7822a6027589.jpg,400,400,airplane,28,257,46,322
024_jpg.rf.668fd5eabc505eceea7d7822a6027589.jpg,400,400,airplane,96,248,119,316
024_jpg.rf.668fd5eabc505eceea7d7822a6027589.jpg,400,400,airplane,124,252,139,312
024_jpg.rf.668fd5eabc505eceea7d7822a6027589.jpg,400,400,airplane,202,236,222,287
024_jpg.rf.668fd5eabc505eceea7d7822a6027589.jpg,400,400,airplane,248,209,271,276
024_jpg.rf.668fd5eabc505eceea7d7822a6027589.jpg,400,400,airplane,299,220,317,278
024_jpg.rf.668fd5eabc505eceea7d7822a6027589.jpg,400,400,airplane,319,206,342,272
024_jpg.rf.668fd5eabc505eceea7d7822a6027589.jpg,400,400,airplane,345,211,364,270
024_jpg.rf.668fd5eabc505eceea7d7822a6027589.jpg,400,400,airplane,369,198,386,260
024_jpg.rf.668fd5eabc505eceea7d7822a6027589.jpg,400,400,airplane,265,313,292,367
624_jpg.rf.d75de1b6608ec2567f75f0f7fdaef11b.jpg,400,400,harbor,340,93,370,179
624_jpg.rf.d75de1b6608ec2567f75f0f7fdaef11b.jpg,400,400,harbor,302,93,328,175
624_jpg.rf.d75de1b6608ec2567f75f0f7fdaef11b.jpg,400,400,harbor,262,88,287,162
624_jpg.rf.d75de1b6608ec2567f75f0f7fdaef11b.jpg,400,400,harbor,232,85,254,167
624_jpg.rf.d75de1b6608ec2567f75f0f7fdaef11b.jpg,400,400,harbor,197,91,219,169
624_jpg.rf.d75de1b6608ec2567f75f0f7fdaef11b.jpg,400,400,harbor,127,88,159,187
624_jpg.rf.d75de1b6608ec2567f75f0f7fdaef11b.jpg,400,400,harbor,75,97,105,189
624_jpg.rf.d75de1b6608ec2567f75f0f7fdaef11b.jpg,400,400,harbor,26,100,56,194
559_jpg.rf.f6e31649ffbafe5f827aab2fe082c01d.jpg,400,400,bridge,18,87,70,179
559_jpg.rf.f6e31649ffbafe5f827aab2fe082c01d.jpg,400,400,bridge,200,28,227,137
559_jpg.rf.f6e31649ffbafe5f827aab2fe082c01d.jpg,400,400,bridge,312,34,358,136
432_jpg.rf.9b705dc0ded30d868bb82c8f368f161c.jpg,400,400,vehicle,165,268,195,280
432_jpg.rf.9b705dc0ded30d868bb82c8f368f161c.jpg,400,400,vehicle,153,292,187,304
432_jpg.rf.9b705dc0ded30d868bb82c8f368f161c.jpg,400,400,vehicle,132,362,162,376
482_jpg.rf.603f6279e8be56ccd692901f5d6f3cc3.jpg,400,400,baseball diamond,82,297,122,329
482_jpg.rf.603f6279e8be56ccd692901f5d6f3cc3.jpg,400,400,baseball diamond,169,304,215,340
482_jpg.rf.603f6279e8be56ccd692901f5d6f3cc3.jpg,400,400,ground track field,65,167,243,239
337_jpg.rf.06edb120939832b7fc15b75e254fd4bf.jpg,400,400,tennis court,132,189,184,231
337_jpg.rf.06edb120939832b7fc15b75e254fd4bf.jpg,400,400,tennis court,149,169,202,209
337_jpg.rf.06edb120939832b7fc15b75e254fd4bf.jpg,400,400,tennis court,167,149,217,190
525_jpg.rf.30fd73740b66d0d3fb55233318db6558.jpg,400,400,baseball diamond,226,134,264,171
525_jpg.rf.30fd73740b66d0d3fb55233318db6558.jpg,400,400,baseball diamond,76,168,136,222
525_jpg.rf.30fd73740b66d0d3fb55233318db6558.jpg,400,400,ground track field,101,16,310,114
561_jpg.rf.8c1c301508fede49190c5eacd365628d.jpg,400,400,bridge,225,50,330,86
561_jpg.rf.8c1c301508fede49190c5eacd365628d.jpg,400,400,bridge,244,293,361,365
428_jpg.rf.1aecc0783b29152dc5e5d1518d9c6a7b.jpg,400,400,vehicle,342,266,362,287
428_jpg.rf.1aecc0783b29152dc5e5d1518d9c6a7b.jpg,400,400,vehicle,150,336,163,363
428_jpg.rf.1aecc0783b29152dc5e5d1518d9c6a7b.jpg,400,400,vehicle,169,285,181,312
428_jpg.rf.1aecc0783b29152dc5e5d1518d9c6a7b.jpg,400,400,vehicle,210,171,232,193
428_jpg.rf.1aecc0783b29152dc5e5d1518d9c6a7b.jpg,400,400,vehicle,248,154,259,186
428_jpg.rf.1aecc0783b29152dc5e5d1518d9c6a7b.jpg,400,400,vehicle,164,94,178,124
428_jpg.rf.1aecc0783b29152dc5e5d1518d9c6a7b.jpg,400,400,vehicle,105,75,123,97
428_jpg.rf.1aecc0783b29152dc5e5d1518d9c6a7b.jpg,400,400,vehicle,263,16,276,38
428_jpg.rf.1aecc0783b29152dc5e5d1518d9c6a7b.jpg,400,400,vehicle,272,20,285,41
428_jpg.rf.1aecc0783b29152dc5e5d1518d9c6a7b.jpg,400,400,vehicle,286,27,299,54
428_jpg.rf.1aecc0783b29152dc5e5d1518d9c6a7b.jpg,400,400,vehicle,305,40,319,73
428_jpg.rf.1aecc0783b29152dc5e5d1518d9c6a7b.jpg,400,400,vehicle,347,73,359,102
428_jpg.rf.1aecc0783b29152dc5e5d1518d9c6a7b.jpg,400,400,vehicle,357,76,370,108
428_jpg.rf.1aecc0783b29152dc5e5d1518d9c6a7b.jpg,400,400,vehicle,367,88,378,117
428_jpg.rf.1aecc0783b29152dc5e5d1518d9c6a7b.jpg,400,400,vehicle,376,98,388,124
428_jpg.rf.1aecc0783b29152dc5e5d1518d9c6a7b.jpg,400,400,vehicle,40,4,58,32
428_jpg.rf.1aecc0783b29152dc5e5d1518d9c6a7b.jpg,400,400,vehicle,52,119,68,145
428_jpg.rf.1aecc0783b29152dc5e5d1518d9c6a7b.jpg,400,400,vehicle,192,154,207,174
428_jpg.rf.1aecc0783b29152dc5e5d1518d9c6a7b.jpg,400,400,vehicle,267,286,280,316
428_jpg.rf.1aecc0783b29152dc5e5d1518d9c6a7b.jpg,400,400,vehicle,276,295,291,328
428_jpg.rf.1aecc0783b29152dc5e5d1518d9c6a7b.jpg,400,400,vehicle,321,247,338,267
428_jpg.rf.1aecc0783b29152dc5e5d1518d9c6a7b.jpg,400,400,vehicle,295,28,311,61
428_jpg.rf.1aecc0783b29152dc5e5d1518d9c6a7b.jpg,400,400,vehicle,179,253,195,285
400_jpg.rf.3bc42be5a4d1d7f69c16922f3c591d4e.jpg,400,400,vehicle,28,20,52,55
400_jpg.rf.3bc42be5a4d1d7f69c16922f3c591d4e.jpg,400,400,vehicle,20,297,39,332
400_jpg.rf.3bc42be5a4d1d7f69c16922f3c591d4e.jpg,400,400,vehicle,53,309,74,349
609_jpg.rf.b56c2af1ee5671ed84fb25edaeb96cc8.jpg,400,400,ground track field,168,137,358,310
609_jpg.rf.b56c2af1ee5671ed84fb25edaeb96cc8.jpg,400,400,basketball court,55,265,89,295
609_jpg.rf.b56c2af1ee5671ed84fb25edaeb96cc8.jpg,400,400,basketball court,49,235,85,267
609_jpg.rf.b56c2af1ee5671ed84fb25edaeb96cc8.jpg,400,400,tennis court,45,203,75,229
609_jpg.rf.b56c2af1ee5671ed84fb25edaeb96cc8.jpg,400,400,tennis court,39,170,70,196
561_jpg.rf.6097802001e77a3fa1a5380c7fac3cea.jpg,400,400,bridge,70,50,176,86
561_jpg.rf.6097802001e77a3fa1a5380c7fac3cea.jpg,400,400,bridge,40,293,157,365
432_jpg.rf.4c1ec44b4d27b9bb0ee1eb0655af84be.jpg,400,400,vehicle,267,165,280,195
432_jpg.rf.4c1ec44b4d27b9bb0ee1eb0655af84be.jpg,400,400,vehicle,291,152,304,187
432_jpg.rf.4c1ec44b4d27b9bb0ee1eb0655af84be.jpg,400,400,vehicle,362,132,375,162
043_jpg.rf.bba2a6793299099675a50f69931c5766.jpg,400,400,airplane,44,16,85,61
043_jpg.rf.bba2a6793299099675a50f69931c5766.jpg,400,400,airplane,42,70,84,115
043_jpg.rf.bba2a6793299099675a50f69931c5766.jpg,400,400,airplane,42,125,82,170
043_jpg.rf.bba2a6793299099675a50f69931c5766.jpg,400,400,airplane,48,183,82,216
043_jpg.rf.bba2a6793299099675a50f69931c5766.jpg,400,400,airplane,46,235,83,275
043_jpg.rf.bba2a6793299099675a50f69931c5766.jpg,400,400,airplane,43,282,84,331
043_jpg.rf.bba2a6793299099675a50f69931c5766.jpg,400,400,airplane,42,337,84,384
043_jpg.rf.bba2a6793299099675a50f69931c5766.jpg,400,400,airplane,131,3,170,54
043_jpg.rf.bba2a6793299099675a50f69931c5766.jpg,400,400,airplane,130,77,166,121
043_jpg.rf.bba2a6793299099675a50f69931c5766.jpg,400,400,airplane,128,154,165,197
043_jpg.rf.bba2a6793299099675a50f69931c5766.jpg,400,400,airplane,127,213,168,262
043_jpg.rf.bba2a6793299099675a50f69931c5766.jpg,400,400,airplane,127,276,168,325
043_jpg.rf.bba2a6793299099675a50f69931c5766.jpg,400,400,airplane,131,338,168,385
043_jpg.rf.bba2a6793299099675a50f69931c5766.jpg,400,400,airplane,231,6,271,50
043_jpg.rf.bba2a6793299099675a50f69931c5766.jpg,400,400,airplane,232,72,269,116
043_jpg.rf.bba2a6793299099675a50f69931c5766.jpg,400,400,airplane,231,145,270,194
043_jpg.rf.bba2a6793299099675a50f69931c5766.jpg,400,400,airplane,200,221,240,273
043_jpg.rf.bba2a6793299099675a50f69931c5766.jpg,400,400,airplane,230,284,270,329
043_jpg.rf.bba2a6793299099675a50f69931c5766.jpg,400,400,airplane,231,336,272,379
043_jpg.rf.bba2a6793299099675a50f69931c5766.jpg,400,400,airplane,319,76,351,109
377_jpg.rf.fb67c7598218ba70bc98f4059461d074.jpg,400,400,vehicle,74,125,106,154
377_jpg.rf.fb67c7598218ba70bc98f4059461d074.jpg,400,400,vehicle,240,80,277,112
377_jpg.rf.fb67c7598218ba70bc98f4059461d074.jpg,400,400,vehicle,286,75,321,108
509_jpg.rf.2083c5c0e2c89b92b9f721a0729f1baa.jpg,400,400,ship,96,34,122,57
509_jpg.rf.2083c5c0e2c89b92b9f721a0729f1baa.jpg,400,400,ship,281,102,299,118
509_jpg.rf.2083c5c0e2c89b92b9f721a0729f1baa.jpg,400,400,ship,288,134,302,157
509_jpg.rf.2083c5c0e2c89b92b9f721a0729f1baa.jpg,400,400,ship,314,189,339,211
509_jpg.rf.2083c5c0e2c89b92b9f721a0729f1baa.jpg,400,400,ship,125,372,151,395
642_jpg.rf.b0d28027647a73d74a41832a794fe62f.jpg,400,400,ground track field,134,172,266,378
024_jpg.rf.f2e65e4703d3c8cacbd72535cd084be8.jpg,400,400,airplane,11,223,32,288
024_jpg.rf.f2e65e4703d3c8cacbd72535cd084be8.jpg,400,400,airplane,34,228,54,289
024_jpg.rf.f2e65e4703d3c8cacbd72535cd084be8.jpg,400,400,airplane,57,237,77,297
024_jpg.rf.f2e65e4703d3c8cacbd72535cd084be8.jpg,400,400,airplane,81,237,100,295
024_jpg.rf.f2e65e4703d3c8cacbd72535cd084be8.jpg,400,400,airplane,102,241,123,299
024_jpg.rf.f2e65e4703d3c8cacbd72535cd084be8.jpg,400,400,airplane,126,248,146,306
024_jpg.rf.f2e65e4703d3c8cacbd72535cd084be8.jpg,400,400,airplane,150,255,168,313
024_jpg.rf.f2e65e4703d3c8cacbd72535cd084be8.jpg,400,400,airplane,169,266,187,318
024_jpg.rf.f2e65e4703d3c8cacbd72535cd084be8.jpg,400,400,airplane,215,258,232,318
024_jpg.rf.f2e65e4703d3c8cacbd72535cd084be8.jpg,400,400,airplane,234,266,252,326
024_jpg.rf.f2e65e4703d3c8cacbd72535cd084be8.jpg,400,400,airplane,254,271,272,329
024_jpg.rf.f2e65e4703d3c8cacbd72535cd084be8.jpg,400,400,airplane,276,266,294,326
024_jpg.rf.f2e65e4703d3c8cacbd72535cd084be8.jpg,400,400,airplane,295,272,313,332
024_jpg.rf.f2e65e4703d3c8cacbd72535cd084be8.jpg,400,400,airplane,314,278,332,336
024_jpg.rf.f2e65e4703d3c8cacbd72535cd084be8.jpg,400,400,airplane,335,282,353,340
024_jpg.rf.f2e65e4703d3c8cacbd72535cd084be8.jpg,400,400,airplane,358,283,374,339
024_jpg.rf.f2e65e4703d3c8cacbd72535cd084be8.jpg,400,400,airplane,28,78,47,143
024_jpg.rf.f2e65e4703d3c8cacbd72535cd084be8.jpg,400,400,airplane,96,85,119,153
024_jpg.rf.f2e65e4703d3c8cacbd72535cd084be8.jpg,400,400,airplane,124,89,140,149
024_jpg.rf.f2e65e4703d3c8cacbd72535cd084be8.jpg,400,400,airplane,202,113,222,164
024_jpg.rf.f2e65e4703d3c8cacbd72535cd084be8.jpg,400,400,airplane,249,124,271,191
024_jpg.rf.f2e65e4703d3c8cacbd72535cd084be8.jpg,400,400,airplane,299,122,317,180
024_jpg.rf.f2e65e4703d3c8cacbd72535cd084be8.jpg,400,400,airplane,320,128,342,194
024_jpg.rf.f2e65e4703d3c8cacbd72535cd084be8.jpg,400,400,airplane,345,130,364,190
024_jpg.rf.f2e65e4703d3c8cacbd72535cd084be8.jpg,400,400,airplane,369,141,386,203
024_jpg.rf.f2e65e4703d3c8cacbd72535cd084be8.jpg,400,400,airplane,265,33,293,87
040_jpg.rf.4422a9ef1b32678045523f342054378d.jpg,400,400,airplane,325,271,353,325
040_jpg.rf.4422a9ef1b32678045523f342054378d.jpg,400,400,airplane,349,209,378,253
040_jpg.rf.4422a9ef1b32678045523f342054378d.jpg,400,400,airplane,353,132,389,180
040_jpg.rf.4422a9ef1b32678045523f342054378d.jpg,400,400,airplane,310,40,336,88
040_jpg.rf.4422a9ef1b32678045523f342054378d.jpg,400,400,airplane,199,280,228,338
040_jpg.rf.4422a9ef1b32678045523f342054378d.jpg,400,400,airplane,158,294,187,350
040_jpg.rf.4422a9ef1b32678045523f342054378d.jpg,400,400,airplane,117,315,149,375
040_jpg.rf.4422a9ef1b32678045523f342054378d.jpg,400,400,airplane,37,309,69,357
040_jpg.rf.4422a9ef1b32678045523f342054378d.jpg,400,400,airplane,25,240,53,289
040_jpg.rf.4422a9ef1b32678045523f342054378d.jpg,400,400,airplane,14,160,51,216
300_jpg.rf.e74a63b63729bb6184f1023dd2c85790.jpg,400,400,ship,326,335,339,372
300_jpg.rf.e74a63b63729bb6184f1023dd2c85790.jpg,400,400,ship,184,214,212,245
300_jpg.rf.e74a63b63729bb6184f1023dd2c85790.jpg,400,400,ship,224,158,263,180
053_jpg.rf.7a4da2c8fdc6ba7677a83ce9ed6442ce.jpg,400,400,airplane,352,312,380,357
053_jpg.rf.7a4da2c8fdc6ba7677a83ce9ed6442ce.jpg,400,400,airplane,352,198,380,243
053_jpg.rf.7a4da2c8fdc6ba7677a83ce9ed6442ce.jpg,400,400,airplane,353,81,381,125
053_jpg.rf.7a4da2c8fdc6ba7677a83ce9ed6442ce.jpg,400,400,airplane,348,19,381,65
053_jpg.rf.7a4da2c8fdc6ba7677a83ce9ed6442ce.jpg,400,400,airplane,257,260,289,294
053_jpg.rf.7a4da2c8fdc6ba7677a83ce9ed6442ce.jpg,400,400,airplane,262,133,287,161
053_jpg.rf.7a4da2c8fdc6ba7677a83ce9ed6442ce.jpg,400,400,airplane,261,81,292,115
053_jpg.rf.7a4da2c8fdc6ba7677a83ce9ed6442ce.jpg,400,400,airplane,256,21,280,52
053_jpg.rf.7a4da2c8fdc6ba7677a83ce9ed6442ce.jpg,400,400,airplane,227,183,249,239
053_jpg.rf.7a4da2c8fdc6ba7677a83ce9ed6442ce.jpg,400,400,airplane,193,285,214,339
053_jpg.rf.7a4da2c8fdc6ba7677a83ce9ed6442ce.jpg,400,400,airplane,151,165,185,197
053_jpg.rf.7a4da2c8fdc6ba7677a83ce9ed6442ce.jpg,400,400,airplane,151,120,177,151
053_jpg.rf.7a4da2c8fdc6ba7677a83ce9ed6442ce.jpg,400,400,airplane,147,76,171,106
053_jpg.rf.7a4da2c8fdc6ba7677a83ce9ed6442ce.jpg,400,400,airplane,56,235,82,281
053_jpg.rf.7a4da2c8fdc6ba7677a83ce9ed6442ce.jpg,400,400,airplane,60,160,82,188
053_jpg.rf.7a4da2c8fdc6ba7677a83ce9ed6442ce.jpg,400,400,airplane,62,115,86,142
053_jpg.rf.7a4da2c8fdc6ba7677a83ce9ed6442ce.jpg,400,400,airplane,54,19,74,53
053_jpg.rf.7a4da2c8fdc6ba7677a83ce9ed6442ce.jpg,400,400,airplane,23,18,41,58
547_jpg.rf.7587389bedb86465fff3639dbf4fd944.jpg,400,400,bridge,70,65,186,101
547_jpg.rf.7587389bedb86465fff3639dbf4fd944.jpg,400,400,bridge,87,178,189,212
547_jpg.rf.7587389bedb86465fff3639dbf4fd944.jpg,400,400,bridge,294,341,356,383
355_jpg.rf.d5c47486569b01c211d9e97a866e8a64.jpg,400,400,tennis court,231,32,281,48
355_jpg.rf.d5c47486569b01c211d9e97a866e8a64.jpg,400,400,tennis court,226,49,275,69
355_jpg.rf.d5c47486569b01c211d9e97a866e8a64.jpg,400,400,tennis court,223,71,271,93
355_jpg.rf.d5c47486569b01c211d9e97a866e8a64.jpg,400,400,tennis court,219,91,268,111
355_jpg.rf.d5c47486569b01c211d9e97a866e8a64.jpg,400,400,tennis court,217,113,265,133
355_jpg.rf.d5c47486569b01c211d9e97a866e8a64.jpg,400,400,tennis court,215,131,262,153
355_jpg.rf.d5c47486569b01c211d9e97a866e8a64.jpg,400,400,tennis court,209,155,256,174
355_jpg.rf.d5c47486569b01c211d9e97a866e8a64.jpg,400,400,tennis court,205,173,253,193
355_jpg.rf.d5c47486569b01c211d9e97a866e8a64.jpg,400,400,tennis court,202,199,251,219
355_jpg.rf.d5c47486569b01c211d9e97a866e8a64.jpg,400,400,tennis court,198,219,246,239
355_jpg.rf.d5c47486569b01c211d9e97a866e8a64.jpg,400,400,tennis court,194,243,244,261
355_jpg.rf.d5c47486569b01c211d9e97a866e8a64.jpg,400,400,tennis court,191,262,241,282
355_jpg.rf.d5c47486569b01c211d9e97a866e8a64.jpg,400,400,tennis court,186,286,239,304
355_jpg.rf.d5c47486569b01c211d9e97a866e8a64.jpg,400,400,tennis court,100,243,160,261
355_jpg.rf.d5c47486569b01c211d9e97a866e8a64.jpg,400,400,tennis court,95,264,155,283
355_jpg.rf.d5c47486569b01c211d9e97a866e8a64.jpg,400,400,tennis court,93,288,153,308
355_jpg.rf.d5c47486569b01c211d9e97a866e8a64.jpg,400,400,tennis court,90,308,147,328
130_jpg.rf.bd54c43ec2c38404f7a0f72f41bc6baf.jpg,400,400,baseball diamond,208,101,250,128
189_jpg.rf.e3320d626f16ec34f6cc5e6c58c4b693.jpg,400,400,bridge,156,207,330,301
189_jpg.rf.e3320d626f16ec34f6cc5e6c58c4b693.jpg,400,400,bridge,121,175,294,275
064_jpg.rf.75d4ff19af7be39e00a316a42bfdaf8e.jpg,400,400,airplane,297,235,319,260
064_jpg.rf.75d4ff19af7be39e00a316a42bfdaf8e.jpg,400,400,airplane,224,49,238,65
479_jpg.rf.9d3d362a24020ebad5ab57a371168d0b.jpg,400,400,baseball diamond,264,165,314,206
479_jpg.rf.9d3d362a24020ebad5ab57a371168d0b.jpg,400,400,baseball diamond,282,323,324,360
479_jpg.rf.9d3d362a24020ebad5ab57a371168d0b.jpg,400,400,ground track field,127,144,243,328
647_jpg.rf.6431f729a29e8f4bf99325e91cc0a194.jpg,400,400,ground track field,244,61,332,343
647_jpg.rf.6431f729a29e8f4bf99325e91cc0a194.jpg,400,400,baseball diamond,163,144,195,196
244_jpg.rf.d517a396193de541851e8c1737bd355f.jpg,400,400,ground track field,222,172,307,377
527_jpg.rf.9aa3c1ad507b1b48da3657f3bf460ac0.jpg,400,400,ship,365,354,391,390
527_jpg.rf.9aa3c1ad507b1b48da3657f3bf460ac0.jpg,400,400,ship,338,361,360,385
527_jpg.rf.9aa3c1ad507b1b48da3657f3bf460ac0.jpg,400,400,ship,353,324,373,353
527_jpg.rf.9aa3c1ad507b1b48da3657f3bf460ac0.jpg,400,400,ship,336,295,360,325
527_jpg.rf.9aa3c1ad507b1b48da3657f3bf460ac0.jpg,400,400,ship,278,264,311,304
527_jpg.rf.9aa3c1ad507b1b48da3657f3bf460ac0.jpg,400,400,ship,231,218,272,255
527_jpg.rf.9aa3c1ad507b1b48da3657f3bf460ac0.jpg,400,400,ship,238,175,272,205
527_jpg.rf.9aa3c1ad507b1b48da3657f3bf460ac0.jpg,400,400,ship,182,121,232,165
527_jpg.rf.9aa3c1ad507b1b48da3657f3bf460ac0.jpg,400,400,ship,112,66,174,112
527_jpg.rf.9aa3c1ad507b1b48da3657f3bf460ac0.jpg,400,400,ship,57,84,126,122
476_jpg.rf.eab5fc313d3cff77522fb31ca45beb70.jpg,400,400,baseball diamond,104,107,141,157
476_jpg.rf.eab5fc313d3cff77522fb31ca45beb70.jpg,400,400,ground track field,180,44,329,153
467_jpg.rf.4445295729d81dd9724959a2e6b89195.jpg,400,400,ground track field,103,70,220,258
504_jpg.rf.6a0441019abe47899a4d8322a267b4e9.jpg,400,400,ship,9,85,25,115
504_jpg.rf.6a0441019abe47899a4d8322a267b4e9.jpg,400,400,ship,43,164,62,191
504_jpg.rf.6a0441019abe47899a4d8322a267b4e9.jpg,400,400,ship,105,112,125,137
504_jpg.rf.6a0441019abe47899a4d8322a267b4e9.jpg,400,400,ship,92,269,117,302
504_jpg.rf.6a0441019abe47899a4d8322a267b4e9.jpg,400,400,ship,176,63,203,89
504_jpg.rf.6a0441019abe47899a4d8322a267b4e9.jpg,400,400,ship,193,296,219,329
504_jpg.rf.6a0441019abe47899a4d8322a267b4e9.jpg,400,400,ship,233,72,260,98
504_jpg.rf.6a0441019abe47899a4d8322a267b4e9.jpg,400,400,ship,274,337,300,361
504_jpg.rf.6a0441019abe47899a4d8322a267b4e9.jpg,400,400,ship,318,42,340,66
504_jpg.rf.6a0441019abe47899a4d8322a267b4e9.jpg,400,400,ship,341,134,366,156
504_jpg.rf.6a0441019abe47899a4d8322a267b4e9.jpg,400,400,ship,364,326,397,351
239_jpg.rf.430ed0c4d1c3515de623300cd2f5c267.jpg,400,400,ground track field,126,148,221,349
239_jpg.rf.430ed0c4d1c3515de623300cd2f5c267.jpg,400,400,baseball diamond,92,258,130,304
239_jpg.rf.430ed0c4d1c3515de623300cd2f5c267.jpg,400,400,baseball diamond,168,87,193,114
239_jpg.rf.430ed0c4d1c3515de623300cd2f5c267.jpg,400,400,baseball diamond,201,136,224,163
322_jpg.rf.4e9965af5e7f0573357959b82ff8e829.jpg,400,400,storage tank,278,260,302,296
322_jpg.rf.4e9965af5e7f0573357959b82ff8e829.jpg,400,400,storage tank,254,253,278,290
322_jpg.rf.4e9965af5e7f0573357959b82ff8e829.jpg,400,400,storage tank,233,252,253,284
322_jpg.rf.4e9965af5e7f0573357959b82ff8e829.jpg,400,400,storage tank,277,229,297,260
322_jpg.rf.4e9965af5e7f0573357959b82ff8e829.jpg,400,400,storage tank,256,222,276,252
322_jpg.rf.4e9965af5e7f0573357959b82ff8e829.jpg,400,400,storage tank,235,222,255,252
322_jpg.rf.4e9965af5e7f0573357959b82ff8e829.jpg,400,400,storage tank,205,201,223,227
322_jpg.rf.4e9965af5e7f0573357959b82ff8e829.jpg,400,400,storage tank,224,188,240,214
322_jpg.rf.4e9965af5e7f0573357959b82ff8e829.jpg,400,400,storage tank,209,174,225,200
322_jpg.rf.4e9965af5e7f0573357959b82ff8e829.jpg,400,400,storage tank,101,194,122,226
322_jpg.rf.4e9965af5e7f0573357959b82ff8e829.jpg,400,400,storage tank,78,199,99,228
322_jpg.rf.4e9965af5e7f0573357959b82ff8e829.jpg,400,400,storage tank,55,198,77,230
322_jpg.rf.4e9965af5e7f0573357959b82ff8e829.jpg,400,400,storage tank,74,168,94,197
322_jpg.rf.4e9965af5e7f0573357959b82ff8e829.jpg,400,400,storage tank,101,156,122,186
427_jpg.rf.d60b2b5fc06f6b1bace451a79f65bab4.jpg,400,400,vehicle,97,282,112,306
427_jpg.rf.d60b2b5fc06f6b1bace451a79f65bab4.jpg,400,400,vehicle,134,346,152,373
427_jpg.rf.d60b2b5fc06f6b1bace451a79f65bab4.jpg,400,400,vehicle,254,165,272,193
427_jpg.rf.d60b2b5fc06f6b1bace451a79f65bab4.jpg,400,400,vehicle,282,111,302,143
427_jpg.rf.d60b2b5fc06f6b1bace451a79f65bab4.jpg,400,400,vehicle,283,42,299,65
427_jpg.rf.d60b2b5fc06f6b1bace451a79f65bab4.jpg,400,400,vehicle,198,278,213,304
427_jpg.rf.d60b2b5fc06f6b1bace451a79f65bab4.jpg,400,400,vehicle,196,249,214,273
427_jpg.rf.d60b2b5fc06f6b1bace451a79f65bab4.jpg,400,400,vehicle,121,312,138,339
427_jpg.rf.d60b2b5fc06f6b1bace451a79f65bab4.jpg,400,400,vehicle,107,289,125,319
301_jpg.rf.96580c5bf6a8a90e35593e0176bb9326.jpg,400,400,airplane,14,68,28,91
301_jpg.rf.96580c5bf6a8a90e35593e0176bb9326.jpg,400,400,airplane,68,52,88,83
301_jpg.rf.96580c5bf6a8a90e35593e0176bb9326.jpg,400,400,ship,284,33,311,71
301_jpg.rf.96580c5bf6a8a90e35593e0176bb9326.jpg,400,400,ship,358,249,384,286
287_jpg.rf.e581bf36355496eb28f59196f571c4ed.jpg,400,400,ship,355,333,368,364
287_jpg.rf.e581bf36355496eb28f59196f571c4ed.jpg,400,400,ship,355,229,369,261
287_jpg.rf.e581bf36355496eb28f59196f571c4ed.jpg,400,400,ship,354,193,368,224
287_jpg.rf.e581bf36355496eb28f59196f571c4ed.jpg,400,400,ship,302,372,348,388
287_jpg.rf.e581bf36355496eb28f59196f571c4ed.jpg,400,400,ship,131,343,145,375
287_jpg.rf.e581bf36355496eb28f59196f571c4ed.jpg,400,400,ship,116,278,128,304
287_jpg.rf.e581bf36355496eb28f59196f571c4ed.jpg,400,400,ship,12,196,66,206
287_jpg.rf.e581bf36355496eb28f59196f571c4ed.jpg,400,400,ship,127,91,141,121
287_jpg.rf.e581bf36355496eb28f59196f571c4ed.jpg,400,400,ship,99,41,137,63
287_jpg.rf.e581bf36355496eb28f59196f571c4ed.jpg,400,400,storage tank,293,200,324,218
287_jpg.rf.e581bf36355496eb28f59196f571c4ed.jpg,400,400,storage tank,260,200,290,218
287_jpg.rf.e581bf36355496eb28f59196f571c4ed.jpg,400,400,storage tank,229,201,259,219
287_jpg.rf.e581bf36355496eb28f59196f571c4ed.jpg,400,400,storage tank,260,151,289,168
287_jpg.rf.e581bf36355496eb28f59196f571c4ed.jpg,400,400,storage tank,228,152,258,168
287_jpg.rf.e581bf36355496eb28f59196f571c4ed.jpg,400,400,storage tank,232,128,263,147
287_jpg.rf.e581bf36355496eb28f59196f571c4ed.jpg,400,400,storage tank,232,108,262,126
532_jpg.rf.a5775d51010f61c6df3e22a9ef6a93ba.jpg,400,400,airplane,187,49,212,96
532_jpg.rf.a5775d51010f61c6df3e22a9ef6a93ba.jpg,400,400,airplane,219,73,246,122
532_jpg.rf.a5775d51010f61c6df3e22a9ef6a93ba.jpg,400,400,airplane,250,111,277,164
532_jpg.rf.a5775d51010f61c6df3e22a9ef6a93ba.jpg,400,400,airplane,281,147,309,204
532_jpg.rf.a5775d51010f61c6df3e22a9ef6a93ba.jpg,400,400,airplane,316,172,347,226
532_jpg.rf.a5775d51010f61c6df3e22a9ef6a93ba.jpg,400,400,airplane,76,216,107,254
532_jpg.rf.a5775d51010f61c6df3e22a9ef6a93ba.jpg,400,400,airplane,50,271,84,318
532_jpg.rf.a5775d51010f61c6df3e22a9ef6a93ba.jpg,400,400,airplane,23,327,56,376
532_jpg.rf.a5775d51010f61c6df3e22a9ef6a93ba.jpg,400,400,ship,195,289,206,309
532_jpg.rf.a5775d51010f61c6df3e22a9ef6a93ba.jpg,400,400,ship,194,313,206,333
401_jpg.rf.41c76af2a791e6eadc3344c8e7673a53.jpg,400,400,vehicle,284,155,326,179
401_jpg.rf.41c76af2a791e6eadc3344c8e7673a53.jpg,400,400,vehicle,219,67,251,97
353_jpg.rf.9d39c94bd452e0a00478b9f5c0488164.jpg,400,400,tennis court,158,261,191,325
353_jpg.rf.9d39c94bd452e0a00478b9f5c0488164.jpg,400,400,tennis court,181,278,208,339
353_jpg.rf.9d39c94bd452e0a00478b9f5c0488164.jpg,400,400,tennis court,202,294,237,358
353_jpg.rf.9d39c94bd452e0a00478b9f5c0488164.jpg,400,400,tennis court,224,310,258,371
450_jpg.rf.2f9f8babe061a9be1ae60934142dd9cc.jpg,400,400,vehicle,189,208,211,239
450_jpg.rf.2f9f8babe061a9be1ae60934142dd9cc.jpg,400,400,vehicle,272,205,294,232
450_jpg.rf.2f9f8babe061a9be1ae60934142dd9cc.jpg,400,400,vehicle,308,312,329,338
450_jpg.rf.2f9f8babe061a9be1ae60934142dd9cc.jpg,400,400,vehicle,327,323,358,360
450_jpg.rf.2f9f8babe061a9be1ae60934142dd9cc.jpg,400,400,vehicle,122,137,138,162
450_jpg.rf.2f9f8babe061a9be1ae60934142dd9cc.jpg,400,400,vehicle,82,88,98,115
327_jpg.rf.f967611f0efa0fd6bf41a4eb5ce02c53.jpg,400,400,storage tank,316,339,344,358
327_jpg.rf.f967611f0efa0fd6bf41a4eb5ce02c53.jpg,400,400,storage tank,321,316,351,336
327_jpg.rf.f967611f0efa0fd6bf41a4eb5ce02c53.jpg,400,400,storage tank,282,270,313,288
327_jpg.rf.f967611f0efa0fd6bf41a4eb5ce02c53.jpg,400,400,storage tank,290,207,316,223
327_jpg.rf.f967611f0efa0fd6bf41a4eb5ce02c53.jpg,400,400,storage tank,270,207,294,223
327_jpg.rf.f967611f0efa0fd6bf41a4eb5ce02c53.jpg,400,400,storage tank,246,206,272,222
327_jpg.rf.f967611f0efa0fd6bf41a4eb5ce02c53.jpg,400,400,storage tank,210,215,244,234
327_jpg.rf.f967611f0efa0fd6bf41a4eb5ce02c53.jpg,400,400,storage tank,181,214,213,233
327_jpg.rf.f967611f0efa0fd6bf41a4eb5ce02c53.jpg,400,400,storage tank,209,198,243,217
327_jpg.rf.f967611f0efa0fd6bf41a4eb5ce02c53.jpg,400,400,storage tank,181,197,211,216
327_jpg.rf.f967611f0efa0fd6bf41a4eb5ce02c53.jpg,400,400,storage tank,210,180,242,199
327_jpg.rf.f967611f0efa0fd6bf41a4eb5ce02c53.jpg,400,400,storage tank,179,179,213,199
327_jpg.rf.f967611f0efa0fd6bf41a4eb5ce02c53.jpg,400,400,storage tank,228,162,248,175
327_jpg.rf.f967611f0efa0fd6bf41a4eb5ce02c53.jpg,400,400,storage tank,227,150,248,164
327_jpg.rf.f967611f0efa0fd6bf41a4eb5ce02c53.jpg,400,400,storage tank,197,153,226,172
327_jpg.rf.f967611f0efa0fd6bf41a4eb5ce02c53.jpg,400,400,storage tank,291,99,321,120
631_jpg.rf.0dee1b65c1998783af4b9adebf1e0db8.jpg,400,400,baseball diamond,86,108,145,154
631_jpg.rf.0dee1b65c1998783af4b9adebf1e0db8.jpg,400,400,baseball diamond,104,54,160,94
631_jpg.rf.0dee1b65c1998783af4b9adebf1e0db8.jpg,400,400,baseball diamond,204,133,275,183
631_jpg.rf.0dee1b65c1998783af4b9adebf1e0db8.jpg,400,400,baseball diamond,194,307,276,363
631_jpg.rf.0dee1b65c1998783af4b9adebf1e0db8.jpg,400,400,basketball court,123,190,175,216
631_jpg.rf.0dee1b65c1998783af4b9adebf1e0db8.jpg,400,400,tennis court,120,223,148,259
631_jpg.rf.0dee1b65c1998783af4b9adebf1e0db8.jpg,400,400,tennis court,148,223,174,261
631_jpg.rf.0dee1b65c1998783af4b9adebf1e0db8.jpg,400,400,tennis court,120,271,144,309
631_jpg.rf.0dee1b65c1998783af4b9adebf1e0db8.jpg,400,400,tennis court,146,274,172,312
056_jpg.rf.b93afc356c2350a1b320da5c4e6d6a95.jpg,400,400,airplane,116,233,136,250
056_jpg.rf.b93afc356c2350a1b320da5c4e6d6a95.jpg,400,400,airplane,56,351,79,383
056_jpg.rf.b93afc356c2350a1b320da5c4e6d6a95.jpg,400,400,airplane,106,356,136,387
056_jpg.rf.b93afc356c2350a1b320da5c4e6d6a95.jpg,400,400,airplane,95,323,126,356
056_jpg.rf.b93afc356c2350a1b320da5c4e6d6a95.jpg,400,400,airplane,109,296,131,330
056_jpg.rf.b93afc356c2350a1b320da5c4e6d6a95.jpg,400,400,airplane,134,286,160,321
056_jpg.rf.b93afc356c2350a1b320da5c4e6d6a95.jpg,400,400,airplane,206,295,239,345
056_jpg.rf.b93afc356c2350a1b320da5c4e6d6a95.jpg,400,400,airplane,259,320,290,351
056_jpg.rf.b93afc356c2350a1b320da5c4e6d6a95.jpg,400,400,airplane,254,360,284,392
441_jpg.rf.eec96284706d9e471c9593639134272c.jpg,400,400,vehicle,115,83,135,103
441_jpg.rf.eec96284706d9e471c9593639134272c.jpg,400,400,vehicle,129,173,163,184
441_jpg.rf.eec96284706d9e471c9593639134272c.jpg,400,400,vehicle,152,213,182,224
441_jpg.rf.eec96284706d9e471c9593639134272c.jpg,400,400,vehicle,182,209,224,222
441_jpg.rf.eec96284706d9e471c9593639134272c.jpg,400,400,vehicle,267,205,299,216
441_jpg.rf.eec96284706d9e471c9593639134272c.jpg,400,400,vehicle,77,288,99,311
441_jpg.rf.eec96284706d9e471c9593639134272c.jpg,400,400,vehicle,162,319,190,332
441_jpg.rf.eec96284706d9e471c9593639134272c.jpg,400,400,vehicle,247,325,277,338
441_jpg.rf.eec96284706d9e471c9593639134272c.jpg,400,400,vehicle,229,342,257,355
441_jpg.rf.eec96284706d9e471c9593639134272c.jpg,400,400,vehicle,217,363,245,377
441_jpg.rf.eec96284706d9e471c9593639134272c.jpg,400,400,vehicle,39,350,57,370
441_jpg.rf.eec96284706d9e471c9593639134272c.jpg,400,400,vehicle,55,353,71,371
441_jpg.rf.eec96284706d9e471c9593639134272c.jpg,400,400,vehicle,70,355,90,373
441_jpg.rf.eec96284706d9e471c9593639134272c.jpg,400,400,vehicle,89,356,109,375
441_jpg.rf.eec96284706d9e471c9593639134272c.jpg,400,400,vehicle,17,253,49,267
169_jpg.rf.cf0576d56e924a3b05b21925fd0b612a.jpg,400,400,bridge,177,135,255,299
643_jpg.rf.328ab5667dd9774feedfc80247e3d1b7.jpg,400,400,tennis court,146,117,169,177
643_jpg.rf.328ab5667dd9774feedfc80247e3d1b7.jpg,400,400,tennis court,171,119,197,180
643_jpg.rf.328ab5667dd9774feedfc80247e3d1b7.jpg,400,400,tennis court,199,121,225,182
643_jpg.rf.328ab5667dd9774feedfc80247e3d1b7.jpg,400,400,basketball court,233,120,268,192
551_jpg.rf.c26363d5fd5b3174239e8c2664032462.jpg,400,400,bridge,113,198,176,273
551_jpg.rf.c26363d5fd5b3174239e8c2664032462.jpg,400,400,bridge,231,125,297,225
115_jpg.rf.0fb25c090d2ca2c1c9c078cde4e07cda.jpg,400,400,baseball diamond,197,142,235,208
504_jpg.rf.bc500230be5bc6db4d19520f6879dcd7.jpg,400,400,ship,285,376,315,392
504_jpg.rf.bc500230be5bc6db4d19520f6879dcd7.jpg,400,400,ship,209,338,236,358
504_jpg.rf.bc500230be5bc6db4d19520f6879dcd7.jpg,400,400,ship,264,275,289,295
504_jpg.rf.bc500230be5bc6db4d19520f6879dcd7.jpg,400,400,ship,98,283,132,308
504_jpg.rf.bc500230be5bc6db4d19520f6879dcd7.jpg,400,400,ship,311,197,337,225
504_jpg.rf.bc500230be5bc6db4d19520f6879dcd7.jpg,400,400,ship,71,181,105,207
504_jpg.rf.bc500230be5bc6db4d19520f6879dcd7.jpg,400,400,ship,303,140,329,168
504_jpg.rf.bc500230be5bc6db4d19520f6879dcd7.jpg,400,400,ship,40,100,64,126
504_jpg.rf.bc500230be5bc6db4d19520f6879dcd7.jpg,400,400,ship,335,60,359,82
504_jpg.rf.bc500230be5bc6db4d19520f6879dcd7.jpg,400,400,ship,244,35,266,59
504_jpg.rf.bc500230be5bc6db4d19520f6879dcd7.jpg,400,400,ship,49,3,75,36
084_jpg.rf.02fa490a85b3ef1d8cb43e184dcf5bee.jpg,400,400,baseball diamond,132,144,194,183
084_jpg.rf.02fa490a85b3ef1d8cb43e184dcf5bee.jpg,400,400,tennis court,224,182,273,218
084_jpg.rf.02fa490a85b3ef1d8cb43e184dcf5bee.jpg,400,400,basketball court,253,187,299,225
441_jpg.rf.96db741016625ef1715b77c08f175d69.jpg,400,400,vehicle,298,115,317,135
441_jpg.rf.96db741016625ef1715b77c08f175d69.jpg,400,400,vehicle,216,129,227,163
441_jpg.rf.96db741016625ef1715b77c08f175d69.jpg,400,400,vehicle,176,151,187,182
441_jpg.rf.96db741016625ef1715b77c08f175d69.jpg,400,400,vehicle,179,182,192,223
441_jpg.rf.96db741016625ef1715b77c08f175d69.jpg,400,400,vehicle,185,267,196,299
441_jpg.rf.96db741016625ef1715b77c08f175d69.jpg,400,400,vehicle,90,77,112,99
441_jpg.rf.96db741016625ef1715b77c08f175d69.jpg,400,400,vehicle,68,162,81,190
441_jpg.rf.96db741016625ef1715b77c08f175d69.jpg,400,400,vehicle,62,247,75,277
441_jpg.rf.96db741016625ef1715b77c08f175d69.jpg,400,400,vehicle,45,229,58,257
441_jpg.rf.96db741016625ef1715b77c08f175d69.jpg,400,400,vehicle,24,217,37,245
441_jpg.rf.96db741016625ef1715b77c08f175d69.jpg,400,400,vehicle,30,39,51,57
441_jpg.rf.96db741016625ef1715b77c08f175d69.jpg,400,400,vehicle,29,55,47,71
441_jpg.rf.96db741016625ef1715b77c08f175d69.jpg,400,400,vehicle,27,70,45,90
441_jpg.rf.96db741016625ef1715b77c08f175d69.jpg,400,400,vehicle,26,88,45,109
441_jpg.rf.96db741016625ef1715b77c08f175d69.jpg,400,400,vehicle,134,17,147,48
511_jpg.rf.3851d6c396dfa186aa34b929f3e8e261.jpg,400,400,ship,31,367,77,381
511_jpg.rf.3851d6c396dfa186aa34b929f3e8e261.jpg,400,400,ship,195,306,226,314
511_jpg.rf.3851d6c396dfa186aa34b929f3e8e261.jpg,400,400,ship,82,293,118,303
511_jpg.rf.3851d6c396dfa186aa34b929f3e8e261.jpg,400,400,ship,252,214,289,225
511_jpg.rf.3851d6c396dfa186aa34b929f3e8e261.jpg,400,400,ship,72,227,110,236
511_jpg.rf.3851d6c396dfa186aa34b929f3e8e261.jpg,400,400,ship,326,162,353,182
511_jpg.rf.3851d6c396dfa186aa34b929f3e8e261.jpg,400,400,ship,242,162,269,174
511_jpg.rf.3851d6c396dfa186aa34b929f3e8e261.jpg,400,400,ship,289,71,312,94
511_jpg.rf.3851d6c396dfa186aa34b929f3e8e261.jpg,400,400,ship,292,23,310,44
511_jpg.rf.3851d6c396dfa186aa34b929f3e8e261.jpg,400,400,ship,155,120,203,137
511_jpg.rf.3851d6c396dfa186aa34b929f3e8e261.jpg,400,400,ship,168,23,203,55
511_jpg.rf.3851d6c396dfa186aa34b929f3e8e261.jpg,400,400,ship,53,31,83,49
224_jpg.rf.e10b6967ff922c80cd40190d66a9994e.jpg,400,400,ground track field,121,165,235,314
192_jpg.rf.e33ee49958aca6f75a0dd06a75184249.jpg,400,400,bridge,7,136,72,268
192_jpg.rf.e33ee49958aca6f75a0dd06a75184249.jpg,400,400,bridge,181,171,228,264
192_jpg.rf.e33ee49958aca6f75a0dd06a75184249.jpg,400,400,bridge,322,109,386,190
462_jpg.rf.ab1a2b486408a2804e153026dc5b5811.jpg,400,400,baseball diamond,47,19,80,58
462_jpg.rf.ab1a2b486408a2804e153026dc5b5811.jpg,400,400,baseball diamond,75,126,112,177
462_jpg.rf.ab1a2b486408a2804e153026dc5b5811.jpg,400,400,baseball diamond,35,295,65,332
462_jpg.rf.ab1a2b486408a2804e153026dc5b5811.jpg,400,400,ground track field,167,99,240,285
401_jpg.rf.29f9c38a1ed4d7d95996b8b1ae5f88b4.jpg,400,400,vehicle,155,74,179,116
401_jpg.rf.29f9c38a1ed4d7d95996b8b1ae5f88b4.jpg,400,400,vehicle,67,149,97,182
234_jpg.rf.78f094fe0519494b239bf7282cc2fb33.jpg,400,400,ground track field,49,41,166,227
234_jpg.rf.78f094fe0519494b239bf7282cc2fb33.jpg,400,400,baseball diamond,119,177,162,223
234_jpg.rf.78f094fe0519494b239bf7282cc2fb33.jpg,400,400,baseball diamond,190,165,234,212
234_jpg.rf.78f094fe0519494b239bf7282cc2fb33.jpg,400,400,baseball diamond,173,51,216,92
559_jpg.rf.dd579894b2925731139879563fd81255.jpg,400,400,bridge,18,87,70,179
559_jpg.rf.dd579894b2925731139879563fd81255.jpg,400,400,bridge,200,28,227,137
559_jpg.rf.dd579894b2925731139879563fd81255.jpg,400,400,bridge,312,34,358,136
017_jpg.rf.44fd652c4f4b119202fb5a4153a2a6c9.jpg,400,400,airplane,20,24,59,74
017_jpg.rf.44fd652c4f4b119202fb5a4153a2a6c9.jpg,400,400,airplane,91,114,122,152
017_jpg.rf.44fd652c4f4b119202fb5a4153a2a6c9.jpg,400,400,airplane,101,65,131,101
017_jpg.rf.44fd652c4f4b119202fb5a4153a2a6c9.jpg,400,400,airplane,106,6,144,54
017_jpg.rf.44fd652c4f4b119202fb5a4153a2a6c9.jpg,400,400,airplane,69,282,101,332
017_jpg.rf.44fd652c4f4b119202fb5a4153a2a6c9.jpg,400,400,airplane,181,342,213,396
017_jpg.rf.44fd652c4f4b119202fb5a4153a2a6c9.jpg,400,400,airplane,204,276,242,322
017_jpg.rf.44fd652c4f4b119202fb5a4153a2a6c9.jpg,400,400,airplane,177,203,210,255
017_jpg.rf.44fd652c4f4b119202fb5a4153a2a6c9.jpg,400,400,airplane,303,131,335,177
017_jpg.rf.44fd652c4f4b119202fb5a4153a2a6c9.jpg,400,400,airplane,349,166,381,222
017_jpg.rf.44fd652c4f4b119202fb5a4153a2a6c9.jpg,400,400,storage tank,152,128,174,158
017_jpg.rf.44fd652c4f4b119202fb5a4153a2a6c9.jpg,400,400,storage tank,158,97,180,123
017_jpg.rf.44fd652c4f4b119202fb5a4153a2a6c9.jpg,400,400,storage tank,166,66,186,90
017_jpg.rf.44fd652c4f4b119202fb5a4153a2a6c9.jpg,400,400,storage tank,183,145,208,175
017_jpg.rf.44fd652c4f4b119202fb5a4153a2a6c9.jpg,400,400,storage tank,192,104,218,136
017_jpg.rf.44fd652c4f4b119202fb5a4153a2a6c9.jpg,400,400,storage tank,205,163,231,195
017_jpg.rf.44fd652c4f4b119202fb5a4153a2a6c9.jpg,400,400,storage tank,215,123,241,157
017_jpg.rf.44fd652c4f4b119202fb5a4153a2a6c9.jpg,400,400,storage tank,241,190,263,216
017_jpg.rf.44fd652c4f4b119202fb5a4153a2a6c9.jpg,400,400,storage tank,249,157,272,183
017_jpg.rf.44fd652c4f4b119202fb5a4153a2a6c9.jpg,400,400,storage tank,257,125,279,154
552_jpg.rf.b52e1723e7c05c44c37ca8065a69d30c.jpg,400,400,bridge,192,177,294,237
552_jpg.rf.b52e1723e7c05c44c37ca8065a69d30c.jpg,400,400,bridge,231,243,317,302
549_jpg.rf.5adf609ce36f36d2ad2260cfd3d45415.jpg,400,400,baseball diamond,66,183,100,220
549_jpg.rf.5adf609ce36f36d2ad2260cfd3d45415.jpg,400,400,bridge,286,20,356,114
031_jpg.rf.26fe78fb0527ef47fcee1f01a497beeb.jpg,400,400,airplane,72,45,104,99
031_jpg.rf.26fe78fb0527ef47fcee1f01a497beeb.jpg,400,400,airplane,115,52,149,107
031_jpg.rf.26fe78fb0527ef47fcee1f01a497beeb.jpg,400,400,airplane,29,269,61,318
031_jpg.rf.26fe78fb0527ef47fcee1f01a497beeb.jpg,400,400,airplane,64,253,97,301
031_jpg.rf.26fe78fb0527ef47fcee1f01a497beeb.jpg,400,400,airplane,110,249,141,295
031_jpg.rf.26fe78fb0527ef47fcee1f01a497beeb.jpg,400,400,airplane,153,251,190,306
031_jpg.rf.26fe78fb0527ef47fcee1f01a497beeb.jpg,400,400,airplane,197,252,233,307
031_jpg.rf.26fe78fb0527ef47fcee1f01a497beeb.jpg,400,400,airplane,307,258,342,315
031_jpg.rf.26fe78fb0527ef47fcee1f01a497beeb.jpg,400,400,airplane,352,266,383,313
116_jpg.rf.ac7f43079fdb40655c8ed23b38c1a1b2.jpg,400,400,baseball diamond,190,98,226,155
116_jpg.rf.ac7f43079fdb40655c8ed23b38c1a1b2.jpg,400,400,baseball diamond,250,151,282,204
600_jpg.rf.e935f5335cd1298c1ee43585385f6cea.jpg,400,400,ground track field,148,89,280,301
476_jpg.rf.d87a093982c93705420cffd23484922e.jpg,400,400,baseball diamond,259,243,296,293
476_jpg.rf.d87a093982c93705420cffd23484922e.jpg,400,400,ground track field,72,248,221,357
543_jpg.rf.4b5223c78a2332cb8eb53eceab1dae54.jpg,400,400,baseball diamond,99,90,170,173
543_jpg.rf.4b5223c78a2332cb8eb53eceab1dae54.jpg,400,400,tennis court,185,126,211,166
543_jpg.rf.4b5223c78a2332cb8eb53eceab1dae54.jpg,400,400,tennis court,200,140,229,183
543_jpg.rf.4b5223c78a2332cb8eb53eceab1dae54.jpg,400,400,basketball court,215,156,250,207
543_jpg.rf.4b5223c78a2332cb8eb53eceab1dae54.jpg,400,400,basketball court,237,172,271,223
076_jpg.rf.e7a50dc26db737cadd3010277212ee23.jpg,400,400,airplane,319,43,345,78
076_jpg.rf.e7a50dc26db737cadd3010277212ee23.jpg,400,400,airplane,292,50,317,85
076_jpg.rf.e7a50dc26db737cadd3010277212ee23.jpg,400,400,airplane,263,54,290,89
076_jpg.rf.e7a50dc26db737cadd3010277212ee23.jpg,400,400,airplane,368,268,383,286
076_jpg.rf.e7a50dc26db737cadd3010277212ee23.jpg,400,400,airplane,133,239,161,271
076_jpg.rf.e7a50dc26db737cadd3010277212ee23.jpg,400,400,airplane,74,46,104,86
076_jpg.rf.e7a50dc26db737cadd3010277212ee23.jpg,400,400,airplane,66,11,93,45
281_jpg.rf.4663a470a905a47426c271d03bc4d6d6.jpg,400,400,harbor,146,44,202,89
281_jpg.rf.4663a470a905a47426c271d03bc4d6d6.jpg,400,400,harbor,141,104,211,147
281_jpg.rf.4663a470a905a47426c271d03bc4d6d6.jpg,400,400,harbor,144,140,218,185
281_jpg.rf.4663a470a905a47426c271d03bc4d6d6.jpg,400,400,harbor,146,185,227,225
281_jpg.rf.4663a470a905a47426c271d03bc4d6d6.jpg,400,400,harbor,149,225,226,275
281_jpg.rf.4663a470a905a47426c271d03bc4d6d6.jpg,400,400,harbor,163,278,237,332
285_jpg.rf.9185899cd70bc9d5d0e24cdcea778b0d.jpg,400,400,ship,139,118,150,169
285_jpg.rf.9185899cd70bc9d5d0e24cdcea778b0d.jpg,400,400,ship,187,166,201,197
285_jpg.rf.9185899cd70bc9d5d0e24cdcea778b0d.jpg,400,400,ship,244,275,263,313
285_jpg.rf.9185899cd70bc9d5d0e24cdcea778b0d.jpg,400,400,ship,283,29,307,65
285_jpg.rf.9185899cd70bc9d5d0e24cdcea778b0d.jpg,400,400,ship,303,146,331,185
285_jpg.rf.9185899cd70bc9d5d0e24cdcea778b0d.jpg,400,400,storage tank,31,6,53,35
285_jpg.rf.9185899cd70bc9d5d0e24cdcea778b0d.jpg,400,400,storage tank,54,11,74,39
285_jpg.rf.9185899cd70bc9d5d0e24cdcea778b0d.jpg,400,400,storage tank,76,16,97,43
285_jpg.rf.9185899cd70bc9d5d0e24cdcea778b0d.jpg,400,400,storage tank,98,19,118,48
285_jpg.rf.9185899cd70bc9d5d0e24cdcea778b0d.jpg,400,400,storage tank,7,30,25,53
285_jpg.rf.9185899cd70bc9d5d0e24cdcea778b0d.jpg,400,400,storage tank,7,55,24,79
285_jpg.rf.9185899cd70bc9d5d0e24cdcea778b0d.jpg,400,400,storage tank,10,83,25,103
285_jpg.rf.9185899cd70bc9d5d0e24cdcea778b0d.jpg,400,400,storage tank,10,106,25,124
285_jpg.rf.9185899cd70bc9d5d0e24cdcea778b0d.jpg,400,400,storage tank,37,69,52,90
285_jpg.rf.9185899cd70bc9d5d0e24cdcea778b0d.jpg,400,400,storage tank,52,72,67,93
285_jpg.rf.9185899cd70bc9d5d0e24cdcea778b0d.jpg,400,400,storage tank,36,90,51,109
285_jpg.rf.9185899cd70bc9d5d0e24cdcea778b0d.jpg,400,400,storage tank,52,93,67,112
285_jpg.rf.9185899cd70bc9d5d0e24cdcea778b0d.jpg,400,400,storage tank,35,109,50,130
285_jpg.rf.9185899cd70bc9d5d0e24cdcea778b0d.jpg,400,400,storage tank,51,112,66,132
285_jpg.rf.9185899cd70bc9d5d0e24cdcea778b0d.jpg,400,400,storage tank,73,76,88,96
285_jpg.rf.9185899cd70bc9d5d0e24cdcea778b0d.jpg,400,400,storage tank,88,79,103,99
285_jpg.rf.9185899cd70bc9d5d0e24cdcea778b0d.jpg,400,400,storage tank,103,82,119,101
285_jpg.rf.9185899cd70bc9d5d0e24cdcea778b0d.jpg,400,400,storage tank,72,95,87,117
285_jpg.rf.9185899cd70bc9d5d0e24cdcea778b0d.jpg,400,400,storage tank,86,99,102,120
285_jpg.rf.9185899cd70bc9d5d0e24cdcea778b0d.jpg,400,400,storage tank,102,101,117,122
285_jpg.rf.9185899cd70bc9d5d0e24cdcea778b0d.jpg,400,400,storage tank,70,116,85,136
285_jpg.rf.9185899cd70bc9d5d0e24cdcea778b0d.jpg,400,400,storage tank,86,118,101,139
285_jpg.rf.9185899cd70bc9d5d0e24cdcea778b0d.jpg,400,400,storage tank,101,121,116,142
285_jpg.rf.9185899cd70bc9d5d0e24cdcea778b0d.jpg,400,400,storage tank,69,168,86,192
285_jpg.rf.9185899cd70bc9d5d0e24cdcea778b0d.jpg,400,400,storage tank,90,171,107,194
285_jpg.rf.9185899cd70bc9d5d0e24cdcea778b0d.jpg,400,400,storage tank,32,37,52,64
285_jpg.rf.9185899cd70bc9d5d0e24cdcea778b0d.jpg,400,400,storage tank,52,40,73,69
285_jpg.rf.9185899cd70bc9d5d0e24cdcea778b0d.jpg,400,400,storage tank,74,44,95,71
285_jpg.rf.9185899cd70bc9d5d0e24cdcea778b0d.jpg,400,400,storage tank,96,48,116,76
285_jpg.rf.9185899cd70bc9d5d0e24cdcea778b0d.jpg,400,400,storage tank,7,3,27,20
234_jpg.rf.50d1d25a04fe0911460467387eb97b7a.jpg,400,400,ground track field,41,235,227,352
234_jpg.rf.50d1d25a04fe0911460467387eb97b7a.jpg,400,400,baseball diamond,177,238,223,281
234_jpg.rf.50d1d25a04fe0911460467387eb97b7a.jpg,400,400,baseball diamond,165,167,213,211
234_jpg.rf.50d1d25a04fe0911460467387eb97b7a.jpg,400,400,baseball diamond,52,185,92,227
474_jpg.rf.8a42d6535e7823ecf50f3fbbc56a1246.jpg,400,400,ground track field,31,256,239,326
308_jpg.rf.2cd0029af2b556111728935b9ca524bd.jpg,400,400,ship,184,131,212,169
308_jpg.rf.2cd0029af2b556111728935b9ca524bd.jpg,400,400,ship,307,101,335,120
308_jpg.rf.2cd0029af2b556111728935b9ca524bd.jpg,400,400,ship,50,156,81,184
308_jpg.rf.2cd0029af2b556111728935b9ca524bd.jpg,400,400,ship,9,304,36,318
308_jpg.rf.2cd0029af2b556111728935b9ca524bd.jpg,400,400,storage tank,91,37,113,70
308_jpg.rf.2cd0029af2b556111728935b9ca524bd.jpg,400,400,storage tank,109,49,132,82
308_jpg.rf.2cd0029af2b556111728935b9ca524bd.jpg,400,400,storage tank,48,279,62,299
308_jpg.rf.2cd0029af2b556111728935b9ca524bd.jpg,400,400,storage tank,62,279,77,301
308_jpg.rf.2cd0029af2b556111728935b9ca524bd.jpg,400,400,storage tank,76,279,90,299
308_jpg.rf.2cd0029af2b556111728935b9ca524bd.jpg,400,400,storage tank,90,279,104,301
308_jpg.rf.2cd0029af2b556111728935b9ca524bd.jpg,400,400,storage tank,52,304,68,324
308_jpg.rf.2cd0029af2b556111728935b9ca524bd.jpg,400,400,storage tank,67,302,82,324
308_jpg.rf.2cd0029af2b556111728935b9ca524bd.jpg,400,400,storage tank,82,303,97,325
308_jpg.rf.2cd0029af2b556111728935b9ca524bd.jpg,400,400,storage tank,95,304,111,324
308_jpg.rf.2cd0029af2b556111728935b9ca524bd.jpg,400,400,storage tank,75,327,91,347
308_jpg.rf.2cd0029af2b556111728935b9ca524bd.jpg,400,400,storage tank,92,327,109,351
308_jpg.rf.2cd0029af2b556111728935b9ca524bd.jpg,400,400,storage tank,76,347,91,370
308_jpg.rf.2cd0029af2b556111728935b9ca524bd.jpg,400,400,storage tank,93,351,108,371
308_jpg.rf.2cd0029af2b556111728935b9ca524bd.jpg,400,400,storage tank,21,370,36,393
641_jpg.rf.0d5d4392e35613cbed5c454eb23184e9.jpg,400,400,baseball diamond,235,28,266,69
641_jpg.rf.0d5d4392e35613cbed5c454eb23184e9.jpg,400,400,baseball diamond,275,201,334,284
641_jpg.rf.0d5d4392e35613cbed5c454eb23184e9.jpg,400,400,ground track field,96,52,241,260
606_jpg.rf.695999da4568535951af4a19ecaad0ad.jpg,400,400,ground track field,100,207,331,283
140_jpg.rf.c66751ec02f116b137bd2daeabfd6458.jpg,400,400,tennis court,268,165,314,231
140_jpg.rf.c66751ec02f116b137bd2daeabfd6458.jpg,400,400,tennis court,213,163,263,230
140_jpg.rf.c66751ec02f116b137bd2daeabfd6458.jpg,400,400,basketball court,203,293,311,339
140_jpg.rf.c66751ec02f116b137bd2daeabfd6458.jpg,400,400,basketball court,205,249,313,295
571_jpg.rf.f3090a8dbd090f626fab37a352f77e85.jpg,400,400,basketball court,117,134,135,166
571_jpg.rf.f3090a8dbd090f626fab37a352f77e85.jpg,400,400,basketball court,136,133,155,167
485_jpg.rf.5ba517256cd8921f1b0f367eb1b67023.jpg,400,400,baseball diamond,325,18,353,57
485_jpg.rf.5ba517256cd8921f1b0f367eb1b67023.jpg,400,400,baseball diamond,165,119,204,177
485_jpg.rf.5ba517256cd8921f1b0f367eb1b67023.jpg,400,400,baseball diamond,262,106,301,163
485_jpg.rf.5ba517256cd8921f1b0f367eb1b67023.jpg,400,400,ground track field,74,4,149,214
308_jpg.rf.274c13ae26ce109f1305359eff29cfd7.jpg,400,400,ship,188,131,216,169
308_jpg.rf.274c13ae26ce109f1305359eff29cfd7.jpg,400,400,ship,65,101,93,120
308_jpg.rf.274c13ae26ce109f1305359eff29cfd7.jpg,400,400,ship,320,156,350,184
308_jpg.rf.274c13ae26ce109f1305359eff29cfd7.jpg,400,400,ship,364,304,391,318
308_jpg.rf.274c13ae26ce109f1305359eff29cfd7.jpg,400,400,storage tank,287,37,309,70
308_jpg.rf.274c13ae26ce109f1305359eff29cfd7.jpg,400,400,storage tank,269,50,291,82
308_jpg.rf.274c13ae26ce109f1305359eff29cfd7.jpg,400,400,storage tank,339,279,353,299
308_jpg.rf.274c13ae26ce109f1305359eff29cfd7.jpg,400,400,storage tank,324,279,339,301
308_jpg.rf.274c13ae26ce109f1305359eff29cfd7.jpg,400,400,storage tank,310,279,324,299
308_jpg.rf.274c13ae26ce109f1305359eff29cfd7.jpg,400,400,storage tank,296,279,310,301
308_jpg.rf.274c13ae26ce109f1305359eff29cfd7.jpg,400,400,storage tank,332,304,348,324
308_jpg.rf.274c13ae26ce109f1305359eff29cfd7.jpg,400,400,storage tank,318,302,334,324
308_jpg.rf.274c13ae26ce109f1305359eff29cfd7.jpg,400,400,storage tank,304,303,319,325
308_jpg.rf.274c13ae26ce109f1305359eff29cfd7.jpg,400,400,storage tank,289,304,305,324
308_jpg.rf.274c13ae26ce109f1305359eff29cfd7.jpg,400,400,storage tank,309,327,325,347
308_jpg.rf.274c13ae26ce109f1305359eff29cfd7.jpg,400,400,storage tank,292,327,308,351
308_jpg.rf.274c13ae26ce109f1305359eff29cfd7.jpg,400,400,storage tank,310,347,325,370
308_jpg.rf.274c13ae26ce109f1305359eff29cfd7.jpg,400,400,storage tank,292,351,307,371
308_jpg.rf.274c13ae26ce109f1305359eff29cfd7.jpg,400,400,storage tank,364,371,379,393
189_jpg.rf.c3617b410c2e6498bbd4675c0eaca17e.jpg,400,400,bridge,100,71,193,244
189_jpg.rf.c3617b410c2e6498bbd4675c0eaca17e.jpg,400,400,bridge,125,107,225,280
589_jpg.rf.fbc4a72513137ef7f8ce01d1aded0665.jpg,400,400,ground track field,139,124,284,235
589_jpg.rf.fbc4a72513137ef7f8ce01d1aded0665.jpg,400,400,baseball diamond,195,20,225,67
589_jpg.rf.fbc4a72513137ef7f8ce01d1aded0665.jpg,400,400,baseball diamond,259,9,297,62
589_jpg.rf.fbc4a72513137ef7f8ce01d1aded0665.jpg,400,400,baseball diamond,358,202,388,253
589_jpg.rf.fbc4a72513137ef7f8ce01d1aded0665.jpg,400,400,baseball diamond,89,135,114,177
589_jpg.rf.fbc4a72513137ef7f8ce01d1aded0665.jpg,400,400,baseball diamond,43,266,83,334
589_jpg.rf.fbc4a72513137ef7f8ce01d1aded0665.jpg,400,400,tennis court,284,145,307,166
589_jpg.rf.fbc4a72513137ef7f8ce01d1aded0665.jpg,400,400,tennis court,287,162,308,181
589_jpg.rf.fbc4a72513137ef7f8ce01d1aded0665.jpg,400,400,tennis court,289,177,312,201
589_jpg.rf.fbc4a72513137ef7f8ce01d1aded0665.jpg,400,400,tennis court,293,196,315,218
609_jpg.rf.ed4cd9f30d7316ed184dd2de7f3fb659.jpg,400,400,ground track field,42,90,232,263
609_jpg.rf.ed4cd9f30d7316ed184dd2de7f3fb659.jpg,400,400,basketball court,312,105,346,135
609_jpg.rf.ed4cd9f30d7316ed184dd2de7f3fb659.jpg,400,400,basketball court,316,133,351,165
609_jpg.rf.ed4cd9f30d7316ed184dd2de7f3fb659.jpg,400,400,tennis court,326,171,356,197
609_jpg.rf.ed4cd9f30d7316ed184dd2de7f3fb659.jpg,400,400,tennis court,330,204,361,231
543_jpg.rf.9dc5a3c9e92921d1b7cbf037e37efa07.jpg,400,400,baseball diamond,230,227,302,310
543_jpg.rf.9dc5a3c9e92921d1b7cbf037e37efa07.jpg,400,400,tennis court,189,234,215,274
543_jpg.rf.9dc5a3c9e92921d1b7cbf037e37efa07.jpg,400,400,tennis court,171,217,200,260
543_jpg.rf.9dc5a3c9e92921d1b7cbf037e37efa07.jpg,400,400,basketball court,150,194,185,244
543_jpg.rf.9dc5a3c9e92921d1b7cbf037e37efa07.jpg,400,400,basketball court,130,177,164,228
217_jpg.rf.3e0e6ebe1860124b91889098b84b1a22.jpg,400,400,ground track field,153,77,245,280
436_jpg.rf.d36443705bc809ff0c6e90da4042ff13.jpg,400,400,vehicle,183,346,196,367
436_jpg.rf.d36443705bc809ff0c6e90da4042ff13.jpg,400,400,vehicle,187,329,203,356
436_jpg.rf.d36443705bc809ff0c6e90da4042ff13.jpg,400,400,vehicle,197,305,216,334
436_jpg.rf.d36443705bc809ff0c6e90da4042ff13.jpg,400,400,vehicle,206,297,221,321
436_jpg.rf.d36443705bc809ff0c6e90da4042ff13.jpg,400,400,vehicle,303,177,319,205
436_jpg.rf.d36443705bc809ff0c6e90da4042ff13.jpg,400,400,vehicle,213,189,228,213
436_jpg.rf.d36443705bc809ff0c6e90da4042ff13.jpg,400,400,vehicle,180,140,199,163
436_jpg.rf.d36443705bc809ff0c6e90da4042ff13.jpg,400,400,vehicle,189,126,206,148
436_jpg.rf.d36443705bc809ff0c6e90da4042ff13.jpg,400,400,vehicle,273,100,289,121
436_jpg.rf.d36443705bc809ff0c6e90da4042ff13.jpg,400,400,vehicle,293,78,309,97
436_jpg.rf.d36443705bc809ff0c6e90da4042ff13.jpg,400,400,vehicle,312,51,333,76
436_jpg.rf.d36443705bc809ff0c6e90da4042ff13.jpg,400,400,vehicle,124,253,140,276
436_jpg.rf.d36443705bc809ff0c6e90da4042ff13.jpg,400,400,vehicle,175,158,190,177
611_jpg.rf.813e1fe3d78fc3133d12d7f8781c01b4.jpg,400,400,ground track field,89,9,298,221
611_jpg.rf.813e1fe3d78fc3133d12d7f8781c01b4.jpg,400,400,baseball diamond,306,162,354,234
611_jpg.rf.813e1fe3d78fc3133d12d7f8781c01b4.jpg,400,400,baseball diamond,31,107,104,197
611_jpg.rf.813e1fe3d78fc3133d12d7f8781c01b4.jpg,400,400,basketball court,299,303,342,352
611_jpg.rf.813e1fe3d78fc3133d12d7f8781c01b4.jpg,400,400,basketball court,339,314,384,366
509_jpg.rf.a408465173b395361c61f294e46e6434.jpg,400,400,ship,34,278,57,304
509_jpg.rf.a408465173b395361c61f294e46e6434.jpg,400,400,ship,102,101,118,120
509_jpg.rf.a408465173b395361c61f294e46e6434.jpg,400,400,ship,134,98,157,112
509_jpg.rf.a408465173b395361c61f294e46e6434.jpg,400,400,ship,189,62,211,87
509_jpg.rf.a408465173b395361c61f294e46e6434.jpg,400,400,ship,372,250,395,275
132_jpg.rf.6b72221d3b6045640447cc0d542e7b9a.jpg,400,400,baseball diamond,78,304,116,367
132_jpg.rf.6b72221d3b6045640447cc0d542e7b9a.jpg,400,400,baseball diamond,200,311,225,350
132_jpg.rf.6b72221d3b6045640447cc0d542e7b9a.jpg,400,400,baseball diamond,269,62,307,130
132_jpg.rf.6b72221d3b6045640447cc0d542e7b9a.jpg,400,400,ground track field,36,139,174,248
405_jpg.rf.2fc16c67e19fbddd2b836ce3eecd46a2.jpg,400,400,vehicle,189,86,219,126
405_jpg.rf.2fc16c67e19fbddd2b836ce3eecd46a2.jpg,400,400,vehicle,65,64,93,104
316_jpg.rf.ca207cc4e325d58bc763a3d3fdfc28be.jpg,400,400,storage tank,276,120,297,153
316_jpg.rf.ca207cc4e325d58bc763a3d3fdfc28be.jpg,400,400,storage tank,263,156,287,189
316_jpg.rf.ca207cc4e325d58bc763a3d3fdfc28be.jpg,400,400,storage tank,254,194,277,228
316_jpg.rf.ca207cc4e325d58bc763a3d3fdfc28be.jpg,400,400,storage tank,301,135,324,169
316_jpg.rf.ca207cc4e325d58bc763a3d3fdfc28be.jpg,400,400,storage tank,292,172,313,205
316_jpg.rf.ca207cc4e325d58bc763a3d3fdfc28be.jpg,400,400,storage tank,279,211,302,243
316_jpg.rf.ca207cc4e325d58bc763a3d3fdfc28be.jpg,400,400,storage tank,328,149,351,185
316_jpg.rf.ca207cc4e325d58bc763a3d3fdfc28be.jpg,400,400,storage tank,318,189,339,222
316_jpg.rf.ca207cc4e325d58bc763a3d3fdfc28be.jpg,400,400,storage tank,306,223,330,260
316_jpg.rf.ca207cc4e325d58bc763a3d3fdfc28be.jpg,400,400,storage tank,358,216,380,247
316_jpg.rf.ca207cc4e325d58bc763a3d3fdfc28be.jpg,400,400,storage tank,350,238,374,275
316_jpg.rf.ca207cc4e325d58bc763a3d3fdfc28be.jpg,400,400,storage tank,344,263,365,299
316_jpg.rf.ca207cc4e325d58bc763a3d3fdfc28be.jpg,400,400,storage tank,336,289,359,325
064_jpg.rf.61c6eaaf4f705bb3d0c07e89a576247b.jpg,400,400,airplane,81,235,103,260
064_jpg.rf.61c6eaaf4f705bb3d0c07e89a576247b.jpg,400,400,airplane,163,48,177,65
277_jpg.rf.48afca386f2d16fb7171032de0518205.jpg,400,400,harbor,58,262,86,327
277_jpg.rf.48afca386f2d16fb7171032de0518205.jpg,400,400,harbor,154,234,180,285
277_jpg.rf.48afca386f2d16fb7171032de0518205.jpg,400,400,harbor,270,193,297,242
277_jpg.rf.48afca386f2d16fb7171032de0518205.jpg,400,400,harbor,299,183,325,232
277_jpg.rf.48afca386f2d16fb7171032de0518205.jpg,400,400,harbor,329,173,362,231
277_jpg.rf.48afca386f2d16fb7171032de0518205.jpg,400,400,ship,97,262,107,314
277_jpg.rf.48afca386f2d16fb7171032de0518205.jpg,400,400,ship,336,319,359,341
277_jpg.rf.48afca386f2d16fb7171032de0518205.jpg,400,400,ship,369,308,390,323
023_jpg.rf.9e70ef2de7898d25b6ad61e41b6a67f3.jpg,400,400,airplane,21,364,41,387
023_jpg.rf.9e70ef2de7898d25b6ad61e41b6a67f3.jpg,400,400,airplane,152,242,173,271
023_jpg.rf.9e70ef2de7898d25b6ad61e41b6a67f3.jpg,400,400,airplane,219,185,238,211
023_jpg.rf.9e70ef2de7898d25b6ad61e41b6a67f3.jpg,400,400,airplane,240,165,260,191
023_jpg.rf.9e70ef2de7898d25b6ad61e41b6a67f3.jpg,400,400,airplane,237,311,258,342
202_jpg.rf.a878306be2b0c3c2935f2fdc36fccc21.jpg,400,400,tennis court,277,138,303,174
202_jpg.rf.a878306be2b0c3c2935f2fdc36fccc21.jpg,400,400,tennis court,263,124,291,163
202_jpg.rf.a878306be2b0c3c2935f2fdc36fccc21.jpg,400,400,tennis court,252,111,279,151
202_jpg.rf.a878306be2b0c3c2935f2fdc36fccc21.jpg,400,400,tennis court,240,100,266,141
202_jpg.rf.a878306be2b0c3c2935f2fdc36fccc21.jpg,400,400,tennis court,218,79,246,123
202_jpg.rf.a878306be2b0c3c2935f2fdc36fccc21.jpg,400,400,tennis court,207,69,233,109
202_jpg.rf.a878306be2b0c3c2935f2fdc36fccc21.jpg,400,400,ground track field,114,128,243,356
578_jpg.rf.c2debdd47e4e83f0e72c23bf2275aa48.jpg,400,400,baseball diamond,241,132,274,183
578_jpg.rf.c2debdd47e4e83f0e72c23bf2275aa48.jpg,400,400,baseball diamond,85,176,148,261
578_jpg.rf.c2debdd47e4e83f0e72c23bf2275aa48.jpg,400,400,baseball diamond,307,160,344,214
578_jpg.rf.c2debdd47e4e83f0e72c23bf2275aa48.jpg,400,400,baseball diamond,81,34,114,76
578_jpg.rf.c2debdd47e4e83f0e72c23bf2275aa48.jpg,400,400,tennis court,156,244,180,292
578_jpg.rf.c2debdd47e4e83f0e72c23bf2275aa48.jpg,400,400,tennis court,172,252,195,303
130_jpg.rf.473e50970b95eeab56bd0a6a8a24af50.jpg,400,400,baseball diamond,272,208,299,250
630_jpg.rf.e023c884676969879cdbfb26323ef101.jpg,400,400,ground track field,140,38,231,215
630_jpg.rf.e023c884676969879cdbfb26323ef101.jpg,400,400,baseball diamond,171,239,214,303
361_jpg.rf.b9067924d1013da4c03d7599fefe842e.jpg,400,400,tennis court,164,107,208,146
361_jpg.rf.b9067924d1013da4c03d7599fefe842e.jpg,400,400,tennis court,152,134,200,170
361_jpg.rf.b9067924d1013da4c03d7599fefe842e.jpg,400,400,basketball court,217,133,249,184
361_jpg.rf.b9067924d1013da4c03d7599fefe842e.jpg,400,400,basketball court,246,143,283,195
361_jpg.rf.b9067924d1013da4c03d7599fefe842e.jpg,400,400,baseball diamond,102,187,191,275
164_jpg.rf.14f6289d89c3688cedacad9b9638af73.jpg,400,400,basketball court,167,104,253,191
164_jpg.rf.14f6289d89c3688cedacad9b9638af73.jpg,400,400,basketball court,115,165,206,251
001_jpg.rf.675d7476be13bd73127a04139bddb546.jpg,400,400,airplane,235,236,263,283
459_jpg.rf.4b2f965cb83b82eac3092833c25d513c.jpg,400,400,ground track field,213,51,310,300
617_jpg.rf.5844430059f5e39187f73710ed4b050f.jpg,400,400,baseball diamond,135,32,172,83
617_jpg.rf.5844430059f5e39187f73710ed4b050f.jpg,400,400,ground track field,131,97,208,293
481_jpg.rf.44f7ac72e1275b262dac31ab25c4f8e4.jpg,400,400,baseball diamond,202,66,241,107
481_jpg.rf.44f7ac72e1275b262dac31ab25c4f8e4.jpg,400,400,baseball diamond,173,190,217,243
481_jpg.rf.44f7ac72e1275b262dac31ab25c4f8e4.jpg,400,400,ground track field,38,54,136,246
474_jpg.rf.bd3a700c3d59384d4d0a5beefbf7b05c.jpg,400,400,ground track field,75,161,145,369
408_jpg.rf.3059c0dc38e591fd5a700b0b5394e66e.jpg,400,400,vehicle,166,75,181,114
408_jpg.rf.3059c0dc38e591fd5a700b0b5394e66e.jpg,400,400,vehicle,183,77,197,113
544_jpg.rf.9b5d3add34a53dd46e8cc8688156578e.jpg,400,400,bridge,63,94,128,183
544_jpg.rf.9b5d3add34a53dd46e8cc8688156578e.jpg,400,400,bridge,335,131,380,226
458_jpg.rf.dad00594d6a79dc6c7ff905334a22033.jpg,400,400,ground track field,269,86,385,334
195_jpg.rf.42bffc119f5d5cc1ef63273b2a8a4f27.jpg,400,400,bridge,74,56,155,96
195_jpg.rf.42bffc119f5d5cc1ef63273b2a8a4f27.jpg,400,400,bridge,223,237,284,299
488_jpg.rf.5b1784e4ad17a4000bdf26471b4fc6b0.jpg,400,400,tennis court,161,25,184,72
488_jpg.rf.5b1784e4ad17a4000bdf26471b4fc6b0.jpg,400,400,tennis court,182,21,205,66
488_jpg.rf.5b1784e4ad17a4000bdf26471b4fc6b0.jpg,400,400,tennis court,173,86,198,135
488_jpg.rf.5b1784e4ad17a4000bdf26471b4fc6b0.jpg,400,400,tennis court,193,80,219,129
488_jpg.rf.5b1784e4ad17a4000bdf26471b4fc6b0.jpg,400,400,basketball court,195,206,245,248
488_jpg.rf.5b1784e4ad17a4000bdf26471b4fc6b0.jpg,400,400,basketball court,209,275,260,323
585_jpg.rf.db2e15412f4a46ce151b64e423294cf2.jpg,400,400,bridge,130,97,193,151
010_jpg.rf.c911317e36030f1abad721517d527b5a.jpg,400,400,airplane,90,28,108,50
010_jpg.rf.c911317e36030f1abad721517d527b5a.jpg,400,400,airplane,60,135,78,158
010_jpg.rf.c911317e36030f1abad721517d527b5a.jpg,400,400,airplane,180,335,201,364
010_jpg.rf.c911317e36030f1abad721517d527b5a.jpg,400,400,airplane,268,258,300,300
010_jpg.rf.c911317e36030f1abad721517d527b5a.jpg,400,400,airplane,345,40,378,79
010_jpg.rf.c911317e36030f1abad721517d527b5a.jpg,400,400,airplane,86,185,107,211
482_jpg.rf.edd51fb190bbca6d88a33eec14b321fe.jpg,400,400,baseball diamond,71,82,103,122
482_jpg.rf.edd51fb190bbca6d88a33eec14b321fe.jpg,400,400,baseball diamond,61,169,97,214
482_jpg.rf.edd51fb190bbca6d88a33eec14b321fe.jpg,400,400,ground track field,161,65,234,242
539_jpg.rf.3d974ddd57a5181c656ba4baabc58dc3.jpg,400,400,bridge,52,133,106,319
539_jpg.rf.3d974ddd57a5181c656ba4baabc58dc3.jpg,400,400,bridge,308,103,361,248
606_jpg.rf.cb1e393fe060fdf584a3bbb882fec6a2.jpg,400,400,ground track field,118,70,193,301
246_jpg.rf.a341a286e544b487465faeae758d5088.jpg,400,400,ground track field,93,122,339,278
246_jpg.rf.a341a286e544b487465faeae758d5088.jpg,400,400,tennis court,147,41,193,63
246_jpg.rf.a341a286e544b487465faeae758d5088.jpg,400,400,tennis court,139,55,180,75
246_jpg.rf.a341a286e544b487465faeae758d5088.jpg,400,400,tennis court,199,59,238,82
246_jpg.rf.a341a286e544b487465faeae758d5088.jpg,400,400,tennis court,190,74,228,95
246_jpg.rf.a341a286e544b487465faeae758d5088.jpg,400,400,basketball court,232,75,272,107
246_jpg.rf.a341a286e544b487465faeae758d5088.jpg,400,400,basketball court,253,80,292,116
140_jpg.rf.07b12df8ec77decb2476d855e906bb6c.jpg,400,400,tennis court,169,86,235,132
140_jpg.rf.07b12df8ec77decb2476d855e906bb6c.jpg,400,400,tennis court,171,138,238,187
140_jpg.rf.07b12df8ec77decb2476d855e906bb6c.jpg,400,400,basketball court,62,89,107,198
140_jpg.rf.07b12df8ec77decb2476d855e906bb6c.jpg,400,400,basketball court,105,87,151,195
334_jpg.rf.3ddcaea651bc620aae310454a78e3878.jpg,400,400,tennis court,71,158,103,248
334_jpg.rf.3ddcaea651bc620aae310454a78e3878.jpg,400,400,tennis court,105,152,138,238
489_jpg.rf.642126643b7b2eb7760c2b28f263618a.jpg,400,400,baseball diamond,295,82,344,140
489_jpg.rf.642126643b7b2eb7760c2b28f263618a.jpg,400,400,tennis court,153,217,172,277
489_jpg.rf.642126643b7b2eb7760c2b28f263618a.jpg,400,400,tennis court,180,218,201,278
489_jpg.rf.642126643b7b2eb7760c2b28f263618a.jpg,400,400,tennis court,210,220,230,280
489_jpg.rf.642126643b7b2eb7760c2b28f263618a.jpg,400,400,tennis court,238,221,258,279
489_jpg.rf.642126643b7b2eb7760c2b28f263618a.jpg,400,400,basketball court,90,248,134,288
071_jpg.rf.542647c83a97424ac1f0515ccf5917de.jpg,400,400,airplane,16,43,42,71
071_jpg.rf.542647c83a97424ac1f0515ccf5917de.jpg,400,400,airplane,30,71,60,103
071_jpg.rf.542647c83a97424ac1f0515ccf5917de.jpg,400,400,airplane,69,135,90,161
071_jpg.rf.542647c83a97424ac1f0515ccf5917de.jpg,400,400,airplane,86,164,112,196
071_jpg.rf.542647c83a97424ac1f0515ccf5917de.jpg,400,400,airplane,156,121,170,139
071_jpg.rf.542647c83a97424ac1f0515ccf5917de.jpg,400,400,airplane,175,155,191,173
071_jpg.rf.542647c83a97424ac1f0515ccf5917de.jpg,400,400,airplane,167,289,183,315
071_jpg.rf.542647c83a97424ac1f0515ccf5917de.jpg,400,400,airplane,199,272,215,294
071_jpg.rf.542647c83a97424ac1f0515ccf5917de.jpg,400,400,airplane,227,225,247,258
071_jpg.rf.542647c83a97424ac1f0515ccf5917de.jpg,400,400,airplane,259,338,281,374
071_jpg.rf.542647c83a97424ac1f0515ccf5917de.jpg,400,400,airplane,283,312,305,347
556_jpg.rf.aece1a73d5e0f1d6d3f18278916f9a53.jpg,400,400,baseball diamond,319,224,351,258
556_jpg.rf.aece1a73d5e0f1d6d3f18278916f9a53.jpg,400,400,baseball diamond,255,160,283,198
556_jpg.rf.aece1a73d5e0f1d6d3f18278916f9a53.jpg,400,400,baseball diamond,129,115,160,163
556_jpg.rf.aece1a73d5e0f1d6d3f18278916f9a53.jpg,400,400,ground track field,240,48,342,164
033_jpg.rf.d0b39c0e9edbbf7bb9e22a136814dc8f.jpg,400,400,airplane,281,26,337,80
033_jpg.rf.d0b39c0e9edbbf7bb9e22a136814dc8f.jpg,400,400,airplane,285,108,341,163
033_jpg.rf.d0b39c0e9edbbf7bb9e22a136814dc8f.jpg,400,400,airplane,290,177,346,231
033_jpg.rf.d0b39c0e9edbbf7bb9e22a136814dc8f.jpg,400,400,airplane,127,21,177,70
033_jpg.rf.d0b39c0e9edbbf7bb9e22a136814dc8f.jpg,400,400,airplane,164,200,224,253
033_jpg.rf.d0b39c0e9edbbf7bb9e22a136814dc8f.jpg,400,400,airplane,140,260,193,314
033_jpg.rf.d0b39c0e9edbbf7bb9e22a136814dc8f.jpg,400,400,airplane,142,319,193,370
499_jpg.rf.d22b45fab6ba7e0171e09568401dc23f.jpg,400,400,basketball court,307,139,361,171
499_jpg.rf.d22b45fab6ba7e0171e09568401dc23f.jpg,400,400,basketball court,311,214,366,253
515_jpg.rf.1e11f2c3bac4d59902df1770b9df1168.jpg,400,400,airplane,158,43,188,85
515_jpg.rf.1e11f2c3bac4d59902df1770b9df1168.jpg,400,400,airplane,144,88,178,134
515_jpg.rf.1e11f2c3bac4d59902df1770b9df1168.jpg,400,400,airplane,125,133,159,186
515_jpg.rf.1e11f2c3bac4d59902df1770b9df1168.jpg,400,400,airplane,164,194,181,230
515_jpg.rf.1e11f2c3bac4d59902df1770b9df1168.jpg,400,400,airplane,205,227,242,284
515_jpg.rf.1e11f2c3bac4d59902df1770b9df1168.jpg,400,400,airplane,226,189,248,221
515_jpg.rf.1e11f2c3bac4d59902df1770b9df1168.jpg,400,400,airplane,235,151,256,180
530_jpg.rf.c4face71f26eb5f05ea15b58e0041007.jpg,400,400,bridge,8,47,83,144
530_jpg.rf.c4face71f26eb5f05ea15b58e0041007.jpg,400,400,bridge,156,107,197,245
530_jpg.rf.c4face71f26eb5f05ea15b58e0041007.jpg,400,400,bridge,330,212,381,294
243_jpg.rf.b7d41c7c5b493a14e2f947a925946e4c.jpg,400,400,ground track field,67,131,169,331
092_jpg.rf.adb47917e0e14494242a0deabd296809.jpg,400,400,baseball diamond,133,51,159,92
092_jpg.rf.adb47917e0e14494242a0deabd296809.jpg,400,400,baseball diamond,97,74,124,117
092_jpg.rf.adb47917e0e14494242a0deabd296809.jpg,400,400,baseball diamond,178,200,215,256
092_jpg.rf.adb47917e0e14494242a0deabd296809.jpg,400,400,baseball diamond,138,233,174,289
092_jpg.rf.adb47917e0e14494242a0deabd296809.jpg,400,400,baseball diamond,210,249,257,326
092_jpg.rf.adb47917e0e14494242a0deabd296809.jpg,400,400,baseball diamond,158,287,204,359
533_jpg.rf.5320569399ad4495a5cc4580d07c2501.jpg,400,400,harbor,25,176,76,242
533_jpg.rf.5320569399ad4495a5cc4580d07c2501.jpg,400,400,harbor,64,144,106,210
533_jpg.rf.5320569399ad4495a5cc4580d07c2501.jpg,400,400,harbor,98,111,137,178
533_jpg.rf.5320569399ad4495a5cc4580d07c2501.jpg,400,400,harbor,129,89,163,142
533_jpg.rf.5320569399ad4495a5cc4580d07c2501.jpg,400,400,harbor,168,17,200,106
533_jpg.rf.5320569399ad4495a5cc4580d07c2501.jpg,400,400,harbor,202,21,228,110
533_jpg.rf.5320569399ad4495a5cc4580d07c2501.jpg,400,400,harbor,227,25,252,109
533_jpg.rf.5320569399ad4495a5cc4580d07c2501.jpg,400,400,harbor,251,27,273,108
533_jpg.rf.5320569399ad4495a5cc4580d07c2501.jpg,400,400,harbor,274,25,292,109
533_jpg.rf.5320569399ad4495a5cc4580d07c2501.jpg,400,400,harbor,294,28,310,113
533_jpg.rf.5320569399ad4495a5cc4580d07c2501.jpg,400,400,harbor,312,26,327,114
533_jpg.rf.5320569399ad4495a5cc4580d07c2501.jpg,400,400,harbor,329,25,346,116
533_jpg.rf.5320569399ad4495a5cc4580d07c2501.jpg,400,400,harbor,264,125,329,149
533_jpg.rf.5320569399ad4495a5cc4580d07c2501.jpg,400,400,harbor,265,148,368,182
533_jpg.rf.5320569399ad4495a5cc4580d07c2501.jpg,400,400,harbor,264,182,367,216
533_jpg.rf.5320569399ad4495a5cc4580d07c2501.jpg,400,400,harbor,265,220,372,254
533_jpg.rf.5320569399ad4495a5cc4580d07c2501.jpg,400,400,harbor,262,260,374,301
533_jpg.rf.5320569399ad4495a5cc4580d07c2501.jpg,400,400,harbor,261,307,378,347
585_jpg.rf.4d161179b89b6dc19a0ed64593ffbaeb.jpg,400,400,bridge,207,97,270,151
395_jpg.rf.9404d181b9b99afe8dbf67c5357638e8.jpg,400,400,vehicle,223,214,243,252
395_jpg.rf.9404d181b9b99afe8dbf67c5357638e8.jpg,400,400,vehicle,253,87,273,129
395_jpg.rf.9404d181b9b99afe8dbf67c5357638e8.jpg,400,400,vehicle,263,51,283,83
395_jpg.rf.9404d181b9b99afe8dbf67c5357638e8.jpg,400,400,vehicle,274,5,292,43
382_jpg.rf.6dc1f9030a2f9bef117bf358960bc3c1.jpg,400,400,vehicle,48,267,67,303
382_jpg.rf.6dc1f9030a2f9bef117bf358960bc3c1.jpg,400,400,vehicle,70,327,95,347
591_jpg.rf.0928079333bc88b13628cec798d1a494.jpg,400,400,ground track field,70,206,366,290
576_jpg.rf.248ea26258ff0c7c9cf501c3fb9037eb.jpg,400,400,baseball diamond,136,266,172,316
576_jpg.rf.248ea26258ff0c7c9cf501c3fb9037eb.jpg,400,400,baseball diamond,149,138,185,196
576_jpg.rf.248ea26258ff0c7c9cf501c3fb9037eb.jpg,400,400,baseball diamond,89,116,127,177
576_jpg.rf.248ea26258ff0c7c9cf501c3fb9037eb.jpg,400,400,ground track field,36,128,125,314
448_jpg.rf.9b786892c883700afe3f8ffcc1514943.jpg,400,400,vehicle,67,154,86,170
448_jpg.rf.9b786892c883700afe3f8ffcc1514943.jpg,400,400,vehicle,139,147,162,163
448_jpg.rf.9b786892c883700afe3f8ffcc1514943.jpg,400,400,vehicle,164,147,183,162
448_jpg.rf.9b786892c883700afe3f8ffcc1514943.jpg,400,400,vehicle,243,150,264,167
448_jpg.rf.9b786892c883700afe3f8ffcc1514943.jpg,400,400,vehicle,286,116,298,146
448_jpg.rf.9b786892c883700afe3f8ffcc1514943.jpg,400,400,vehicle,353,203,370,218
448_jpg.rf.9b786892c883700afe3f8ffcc1514943.jpg,400,400,vehicle,45,160,66,171
448_jpg.rf.9b786892c883700afe3f8ffcc1514943.jpg,400,400,vehicle,196,147,212,160
448_jpg.rf.9b786892c883700afe3f8ffcc1514943.jpg,400,400,vehicle,218,148,235,164
226_jpg.rf.b7bae3a85538205cf6e3c28550de1de6.jpg,400,400,ground track field,136,108,321,192
226_jpg.rf.b7bae3a85538205cf6e3c28550de1de6.jpg,400,400,tennis court,321,141,357,159
226_jpg.rf.b7bae3a85538205cf6e3c28550de1de6.jpg,400,400,tennis court,333,156,363,170
226_jpg.rf.b7bae3a85538205cf6e3c28550de1de6.jpg,400,400,tennis court,290,165,320,179
226_jpg.rf.b7bae3a85538205cf6e3c28550de1de6.jpg,400,400,tennis court,297,175,327,190
226_jpg.rf.b7bae3a85538205cf6e3c28550de1de6.jpg,400,400,baseball diamond,107,204,151,236
226_jpg.rf.b7bae3a85538205cf6e3c28550de1de6.jpg,400,400,baseball diamond,178,192,214,222
322_jpg.rf.82c7603901578b920d201f780ae17b29.jpg,400,400,storage tank,98,105,122,140
322_jpg.rf.82c7603901578b920d201f780ae17b29.jpg,400,400,storage tank,122,111,146,148
322_jpg.rf.82c7603901578b920d201f780ae17b29.jpg,400,400,storage tank,147,117,167,148
322_jpg.rf.82c7603901578b920d201f780ae17b29.jpg,400,400,storage tank,103,141,123,172
322_jpg.rf.82c7603901578b920d201f780ae17b29.jpg,400,400,storage tank,124,149,145,179
322_jpg.rf.82c7603901578b920d201f780ae17b29.jpg,400,400,storage tank,145,148,166,178
322_jpg.rf.82c7603901578b920d201f780ae17b29.jpg,400,400,storage tank,177,173,195,200
322_jpg.rf.82c7603901578b920d201f780ae17b29.jpg,400,400,storage tank,160,186,176,213
322_jpg.rf.82c7603901578b920d201f780ae17b29.jpg,400,400,storage tank,175,200,192,227
322_jpg.rf.82c7603901578b920d201f780ae17b29.jpg,400,400,storage tank,279,174,300,207
322_jpg.rf.82c7603901578b920d201f780ae17b29.jpg,400,400,storage tank,301,172,322,201
322_jpg.rf.82c7603901578b920d201f780ae17b29.jpg,400,400,storage tank,323,170,346,203
322_jpg.rf.82c7603901578b920d201f780ae17b29.jpg,400,400,storage tank,306,203,327,232
322_jpg.rf.82c7603901578b920d201f780ae17b29.jpg,400,400,storage tank,279,214,300,244
577_jpg.rf.8a423fc65ec54763b62cb6e94958f7a7.jpg,400,400,baseball diamond,210,235,232,269
577_jpg.rf.8a423fc65ec54763b62cb6e94958f7a7.jpg,400,400,baseball diamond,184,237,202,266
577_jpg.rf.8a423fc65ec54763b62cb6e94958f7a7.jpg,400,400,baseball diamond,208,175,238,221
577_jpg.rf.8a423fc65ec54763b62cb6e94958f7a7.jpg,400,400,baseball diamond,171,179,201,229
288_jpg.rf.06513cbf4f73911a17ff823245c1cf7c.jpg,400,400,ship,98,224,114,254
288_jpg.rf.06513cbf4f73911a17ff823245c1cf7c.jpg,400,400,ship,267,325,287,353
475_jpg.rf.10594ef8107f7559a0568b88a387dab3.jpg,400,400,ground track field,73,147,285,223
480_jpg.rf.ff590331e1ea1104ffc31d86cd11609c.jpg,400,400,baseball diamond,160,184,182,213
480_jpg.rf.ff590331e1ea1104ffc31d86cd11609c.jpg,400,400,baseball diamond,223,190,255,230
480_jpg.rf.ff590331e1ea1104ffc31d86cd11609c.jpg,400,400,ground track field,306,157,370,317
567_jpg.rf.d0205af0ce5ef7d10eaf65cdb5795677.jpg,400,400,ground track field,56,141,246,274
567_jpg.rf.d0205af0ce5ef7d10eaf65cdb5795677.jpg,400,400,baseball diamond,326,72,376,106
567_jpg.rf.d0205af0ce5ef7d10eaf65cdb5795677.jpg,400,400,baseball diamond,312,132,354,161
154_jpg.rf.4dbf17443e5027384fb3fd014be68daa.jpg,400,400,basketball court,39,96,104,137
154_jpg.rf.4dbf17443e5027384fb3fd014be68daa.jpg,400,400,basketball court,110,101,172,143
097_jpg.rf.0b90496e2a610894778c233b5567af9e.jpg,400,400,baseball diamond,207,23,251,50
097_jpg.rf.0b90496e2a610894778c233b5567af9e.jpg,400,400,baseball diamond,233,145,281,173
097_jpg.rf.0b90496e2a610894778c233b5567af9e.jpg,400,400,baseball diamond,153,122,198,149
097_jpg.rf.0b90496e2a610894778c233b5567af9e.jpg,400,400,baseball diamond,122,74,162,98
097_jpg.rf.0b90496e2a610894778c233b5567af9e.jpg,400,400,baseball diamond,178,316,216,339
097_jpg.rf.0b90496e2a610894778c233b5567af9e.jpg,400,400,baseball diamond,58,353,103,381
455_jpg.rf.fd8e4e3843d950241c0c6b0fd80e2793.jpg,400,400,tennis court,122,181,154,235
455_jpg.rf.fd8e4e3843d950241c0c6b0fd80e2793.jpg,400,400,tennis court,146,165,179,217
455_jpg.rf.fd8e4e3843d950241c0c6b0fd80e2793.jpg,400,400,tennis court,212,119,244,166
455_jpg.rf.fd8e4e3843d950241c0c6b0fd80e2793.jpg,400,400,tennis court,236,102,268,150
613_jpg.rf.e7e5ee905ad569707e88c8106e87e6ce.jpg,400,400,baseball diamond,162,36,226,126
613_jpg.rf.e7e5ee905ad569707e88c8106e87e6ce.jpg,400,400,baseball diamond,234,226,278,300
613_jpg.rf.e7e5ee905ad569707e88c8106e87e6ce.jpg,400,400,basketball court,116,74,150,128
613_jpg.rf.e7e5ee905ad569707e88c8106e87e6ce.jpg,400,400,tennis court,98,100,130,158
093_jpg.rf.faaa455d59cfc88f0b5f3cc5a41caade.jpg,400,400,baseball diamond,190,89,230,126
093_jpg.rf.faaa455d59cfc88f0b5f3cc5a41caade.jpg,400,400,baseball diamond,173,132,209,174
093_jpg.rf.faaa455d59cfc88f0b5f3cc5a41caade.jpg,400,400,baseball diamond,177,222,214,265
093_jpg.rf.faaa455d59cfc88f0b5f3cc5a41caade.jpg,400,400,baseball diamond,118,298,156,345
093_jpg.rf.faaa455d59cfc88f0b5f3cc5a41caade.jpg,400,400,baseball diamond,100,350,138,393
579_jpg.rf.d9c8cd2ffe1902d3202de085b143984e.jpg,400,400,baseball diamond,78,113,114,161
579_jpg.rf.d9c8cd2ffe1902d3202de085b143984e.jpg,400,400,baseball diamond,194,67,242,133
579_jpg.rf.d9c8cd2ffe1902d3202de085b143984e.jpg,400,400,baseball diamond,108,227,142,275
579_jpg.rf.d9c8cd2ffe1902d3202de085b143984e.jpg,400,400,baseball diamond,224,228,256,275
579_jpg.rf.d9c8cd2ffe1902d3202de085b143984e.jpg,400,400,basketball court,12,233,33,281
579_jpg.rf.d9c8cd2ffe1902d3202de085b143984e.jpg,400,400,basketball court,30,234,50,280
579_jpg.rf.d9c8cd2ffe1902d3202de085b143984e.jpg,400,400,ground track field,269,11,371,75
355_jpg.rf.22effc31f31d5ccfce8b98afb8c4582e.jpg,400,400,tennis court,32,119,48,169
355_jpg.rf.22effc31f31d5ccfce8b98afb8c4582e.jpg,400,400,tennis court,49,125,69,174
355_jpg.rf.22effc31f31d5ccfce8b98afb8c4582e.jpg,400,400,tennis court,71,130,93,178
355_jpg.rf.22effc31f31d5ccfce8b98afb8c4582e.jpg,400,400,tennis court,90,132,111,181
355_jpg.rf.22effc31f31d5ccfce8b98afb8c4582e.jpg,400,400,tennis court,113,136,133,184
355_jpg.rf.22effc31f31d5ccfce8b98afb8c4582e.jpg,400,400,tennis court,131,139,152,186
355_jpg.rf.22effc31f31d5ccfce8b98afb8c4582e.jpg,400,400,tennis court,155,144,174,191
355_jpg.rf.22effc31f31d5ccfce8b98afb8c4582e.jpg,400,400,tennis court,173,147,193,195
355_jpg.rf.22effc31f31d5ccfce8b98afb8c4582e.jpg,400,400,tennis court,199,149,219,198
355_jpg.rf.22effc31f31d5ccfce8b98afb8c4582e.jpg,400,400,tennis court,219,154,239,203
355_jpg.rf.22effc31f31d5ccfce8b98afb8c4582e.jpg,400,400,tennis court,243,156,261,207
355_jpg.rf.22effc31f31d5ccfce8b98afb8c4582e.jpg,400,400,tennis court,262,159,282,210
355_jpg.rf.22effc31f31d5ccfce8b98afb8c4582e.jpg,400,400,tennis court,286,161,304,214
355_jpg.rf.22effc31f31d5ccfce8b98afb8c4582e.jpg,400,400,tennis court,243,240,261,300
355_jpg.rf.22effc31f31d5ccfce8b98afb8c4582e.jpg,400,400,tennis court,264,245,283,305
355_jpg.rf.22effc31f31d5ccfce8b98afb8c4582e.jpg,400,400,tennis court,288,248,308,308
355_jpg.rf.22effc31f31d5ccfce8b98afb8c4582e.jpg,400,400,tennis court,308,253,328,310
175_jpg.rf.b6f0982472bba0621122a64db3f0ea14.jpg,400,400,bridge,93,86,203,220
448_jpg.rf.1f25217e6b281cf14fbf73c80f7f91f8.jpg,400,400,vehicle,314,154,334,170
448_jpg.rf.1f25217e6b281cf14fbf73c80f7f91f8.jpg,400,400,vehicle,238,147,261,163
448_jpg.rf.1f25217e6b281cf14fbf73c80f7f91f8.jpg,400,400,vehicle,218,147,236,162
448_jpg.rf.1f25217e6b281cf14fbf73c80f7f91f8.jpg,400,400,vehicle,137,150,158,167
448_jpg.rf.1f25217e6b281cf14fbf73c80f7f91f8.jpg,400,400,vehicle,102,116,114,146
448_jpg.rf.1f25217e6b281cf14fbf73c80f7f91f8.jpg,400,400,vehicle,30,203,47,218
448_jpg.rf.1f25217e6b281cf14fbf73c80f7f91f8.jpg,400,400,vehicle,334,160,355,171
448_jpg.rf.1f25217e6b281cf14fbf73c80f7f91f8.jpg,400,400,vehicle,188,147,204,161
448_jpg.rf.1f25217e6b281cf14fbf73c80f7f91f8.jpg,400,400,vehicle,165,148,182,164
516_jpg.rf.317887eb48457e1ebdfe7cecd910969d.jpg,400,400,airplane,33,14,56,45
516_jpg.rf.317887eb48457e1ebdfe7cecd910969d.jpg,400,400,airplane,36,50,60,83
516_jpg.rf.317887eb48457e1ebdfe7cecd910969d.jpg,400,400,airplane,31,89,58,124
516_jpg.rf.317887eb48457e1ebdfe7cecd910969d.jpg,400,400,airplane,29,130,56,167
516_jpg.rf.317887eb48457e1ebdfe7cecd910969d.jpg,400,400,airplane,27,174,54,214
516_jpg.rf.317887eb48457e1ebdfe7cecd910969d.jpg,400,400,airplane,12,232,43,284
516_jpg.rf.317887eb48457e1ebdfe7cecd910969d.jpg,400,400,airplane,222,44,243,71
516_jpg.rf.317887eb48457e1ebdfe7cecd910969d.jpg,400,400,airplane,278,276,307,329
516_jpg.rf.317887eb48457e1ebdfe7cecd910969d.jpg,400,400,airplane,354,275,382,329
129_jpg.rf.d9fb45a4b0d827886592db3c41943928.jpg,400,400,baseball diamond,68,217,115,249
129_jpg.rf.d9fb45a4b0d827886592db3c41943928.jpg,400,400,baseball diamond,95,295,153,329
521_jpg.rf.54cd82e8291cfb31438f1edac95800bd.jpg,400,400,airplane,305,142,341,170
521_jpg.rf.54cd82e8291cfb31438f1edac95800bd.jpg,400,400,airplane,304,104,338,132
521_jpg.rf.54cd82e8291cfb31438f1edac95800bd.jpg,400,400,airplane,132,148,183,188
521_jpg.rf.54cd82e8291cfb31438f1edac95800bd.jpg,400,400,airplane,66,151,118,189
521_jpg.rf.54cd82e8291cfb31438f1edac95800bd.jpg,400,400,airplane,134,257,186,297
047_jpg.rf.438884c9c2e22b677a694e244ec45e4a.jpg,400,400,airplane,322,27,355,52
047_jpg.rf.438884c9c2e22b677a694e244ec45e4a.jpg,400,400,airplane,256,12,304,50
047_jpg.rf.438884c9c2e22b677a694e244ec45e4a.jpg,400,400,airplane,193,14,242,53
047_jpg.rf.438884c9c2e22b677a694e244ec45e4a.jpg,400,400,airplane,138,22,174,43
047_jpg.rf.438884c9c2e22b677a694e244ec45e4a.jpg,400,400,airplane,104,8,135,34
047_jpg.rf.438884c9c2e22b677a694e244ec45e4a.jpg,400,400,airplane,58,6,90,34
047_jpg.rf.438884c9c2e22b677a694e244ec45e4a.jpg,400,400,airplane,351,114,383,139
047_jpg.rf.438884c9c2e22b677a694e244ec45e4a.jpg,400,400,airplane,307,107,339,135
047_jpg.rf.438884c9c2e22b677a694e244ec45e4a.jpg,400,400,airplane,261,111,294,140
047_jpg.rf.438884c9c2e22b677a694e244ec45e4a.jpg,400,400,airplane,179,104,214,130
047_jpg.rf.438884c9c2e22b677a694e244ec45e4a.jpg,400,400,airplane,132,96,166,127
047_jpg.rf.438884c9c2e22b677a694e244ec45e4a.jpg,400,400,airplane,89,111,122,141
047_jpg.rf.438884c9c2e22b677a694e244ec45e4a.jpg,400,400,airplane,46,77,92,96
047_jpg.rf.438884c9c2e22b677a694e244ec45e4a.jpg,400,400,airplane,38,115,84,141
047_jpg.rf.438884c9c2e22b677a694e244ec45e4a.jpg,400,400,airplane,322,246,352,271
047_jpg.rf.438884c9c2e22b677a694e244ec45e4a.jpg,400,400,airplane,279,244,309,267
047_jpg.rf.438884c9c2e22b677a694e244ec45e4a.jpg,400,400,airplane,239,239,267,265
047_jpg.rf.438884c9c2e22b677a694e244ec45e4a.jpg,400,400,airplane,191,225,230,248
047_jpg.rf.438884c9c2e22b677a694e244ec45e4a.jpg,400,400,airplane,149,231,183,259
047_jpg.rf.438884c9c2e22b677a694e244ec45e4a.jpg,400,400,airplane,73,229,107,255
047_jpg.rf.438884c9c2e22b677a694e244ec45e4a.jpg,400,400,airplane,22,230,59,255
047_jpg.rf.438884c9c2e22b677a694e244ec45e4a.jpg,400,400,airplane,25,258,55,282
047_jpg.rf.438884c9c2e22b677a694e244ec45e4a.jpg,400,400,airplane,358,327,394,355
047_jpg.rf.438884c9c2e22b677a694e244ec45e4a.jpg,400,400,airplane,316,315,347,345
047_jpg.rf.438884c9c2e22b677a694e244ec45e4a.jpg,400,400,airplane,279,331,310,359
047_jpg.rf.438884c9c2e22b677a694e244ec45e4a.jpg,400,400,airplane,226,333,266,359
047_jpg.rf.438884c9c2e22b677a694e244ec45e4a.jpg,400,400,airplane,173,314,206,350
047_jpg.rf.438884c9c2e22b677a694e244ec45e4a.jpg,400,400,airplane,131,333,162,364
047_jpg.rf.438884c9c2e22b677a694e244ec45e4a.jpg,400,400,airplane,85,338,117,362
047_jpg.rf.438884c9c2e22b677a694e244ec45e4a.jpg,400,400,airplane,18,339,61,360
047_jpg.rf.438884c9c2e22b677a694e244ec45e4a.jpg,400,400,airplane,230,371,278,393
335_jpg.rf.559526c76ff96dee48e3619acc211f98.jpg,400,400,baseball diamond,88,27,126,77
335_jpg.rf.559526c76ff96dee48e3619acc211f98.jpg,400,400,baseball diamond,198,11,236,53
335_jpg.rf.559526c76ff96dee48e3619acc211f98.jpg,400,400,baseball diamond,179,55,215,107
335_jpg.rf.559526c76ff96dee48e3619acc211f98.jpg,400,400,baseball diamond,204,311,247,373
335_jpg.rf.559526c76ff96dee48e3619acc211f98.jpg,400,400,baseball diamond,318,274,365,338
335_jpg.rf.559526c76ff96dee48e3619acc211f98.jpg,400,400,tennis court,311,151,335,187
335_jpg.rf.559526c76ff96dee48e3619acc211f98.jpg,400,400,tennis court,300,157,320,193
335_jpg.rf.559526c76ff96dee48e3619acc211f98.jpg,400,400,tennis court,286,163,308,199
335_jpg.rf.559526c76ff96dee48e3619acc211f98.jpg,400,400,tennis court,272,169,295,205
335_jpg.rf.559526c76ff96dee48e3619acc211f98.jpg,400,400,tennis court,265,119,287,155
335_jpg.rf.559526c76ff96dee48e3619acc211f98.jpg,400,400,tennis court,253,126,273,160
619_jpg.rf.bc7f5c694fac1a182cdc03091ed4476a.jpg,400,400,baseball diamond,245,190,331,309
619_jpg.rf.bc7f5c694fac1a182cdc03091ed4476a.jpg,400,400,tennis court,189,225,215,287
619_jpg.rf.bc7f5c694fac1a182cdc03091ed4476a.jpg,400,400,tennis court,162,214,192,278
619_jpg.rf.bc7f5c694fac1a182cdc03091ed4476a.jpg,400,400,basketball court,131,193,166,263
619_jpg.rf.bc7f5c694fac1a182cdc03091ed4476a.jpg,400,400,basketball court,101,181,137,253
528_jpg.rf.22b9a43f6d1c1360825504885ae0e609.jpg,400,400,bridge,122,180,184,303
528_jpg.rf.22b9a43f6d1c1360825504885ae0e609.jpg,400,400,bridge,228,177,326,325
049_jpg.rf.d5f45cd6bf80132b85812941c992d197.jpg,400,400,airplane,106,302,142,338
049_jpg.rf.d5f45cd6bf80132b85812941c992d197.jpg,400,400,airplane,30,119,62,151
049_jpg.rf.d5f45cd6bf80132b85812941c992d197.jpg,400,400,airplane,156,245,191,277
049_jpg.rf.d5f45cd6bf80132b85812941c992d197.jpg,400,400,airplane,215,156,257,194
049_jpg.rf.d5f45cd6bf80132b85812941c992d197.jpg,400,400,airplane,220,97,262,135
049_jpg.rf.d5f45cd6bf80132b85812941c992d197.jpg,400,400,airplane,306,211,354,260
049_jpg.rf.d5f45cd6bf80132b85812941c992d197.jpg,400,400,airplane,310,128,361,185
049_jpg.rf.d5f45cd6bf80132b85812941c992d197.jpg,400,400,airplane,299,46,355,108
435_jpg.rf.8b3914e4628559105b0238e5abdce3ca.jpg,400,400,vehicle,98,369,122,381
435_jpg.rf.8b3914e4628559105b0238e5abdce3ca.jpg,400,400,vehicle,154,349,181,363
435_jpg.rf.8b3914e4628559105b0238e5abdce3ca.jpg,400,400,vehicle,215,326,241,339
435_jpg.rf.8b3914e4628559105b0238e5abdce3ca.jpg,400,400,vehicle,286,88,310,105
435_jpg.rf.8b3914e4628559105b0238e5abdce3ca.jpg,400,400,vehicle,37,37,65,55
435_jpg.rf.8b3914e4628559105b0238e5abdce3ca.jpg,400,400,vehicle,339,132,361,148
435_jpg.rf.8b3914e4628559105b0238e5abdce3ca.jpg,400,400,vehicle,310,291,331,305
435_jpg.rf.8b3914e4628559105b0238e5abdce3ca.jpg,400,400,vehicle,273,304,295,318
435_jpg.rf.8b3914e4628559105b0238e5abdce3ca.jpg,400,400,vehicle,244,316,269,329
435_jpg.rf.8b3914e4628559105b0238e5abdce3ca.jpg,400,400,vehicle,124,360,148,375
632_jpg.rf.edd23a7de6c67d7586ca2893289f50c1.jpg,400,400,ground track field,209,97,307,340
632_jpg.rf.edd23a7de6c67d7586ca2893289f50c1.jpg,400,400,baseball diamond,149,171,184,225
632_jpg.rf.edd23a7de6c67d7586ca2893289f50c1.jpg,400,400,baseball diamond,182,44,219,106
632_jpg.rf.edd23a7de6c67d7586ca2893289f50c1.jpg,400,400,baseball diamond,35,121,83,197
411_jpg.rf.5401fdcaa90a4bef18caf409cb082fa5.jpg,400,400,vehicle,0,249,22,285
411_jpg.rf.5401fdcaa90a4bef18caf409cb082fa5.jpg,400,400,vehicle,44,195,71,239
411_jpg.rf.5401fdcaa90a4bef18caf409cb082fa5.jpg,400,400,vehicle,231,8,266,60
492_jpg.rf.ee09c97b87a6c324e9db32304dbf434f.jpg,400,400,baseball diamond,168,148,218,212
492_jpg.rf.ee09c97b87a6c324e9db32304dbf434f.jpg,400,400,baseball diamond,90,250,138,314
492_jpg.rf.ee09c97b87a6c324e9db32304dbf434f.jpg,400,400,basketball court,194,306,235,342
492_jpg.rf.ee09c97b87a6c324e9db32304dbf434f.jpg,400,400,basketball court,239,265,279,297
492_jpg.rf.ee09c97b87a6c324e9db32304dbf434f.jpg,400,400,basketball court,242,299,280,329
266_jpg.rf.881c86ed2ffde61a0257b87ae71d810c.jpg,400,400,harbor,87,120,167,169
266_jpg.rf.881c86ed2ffde61a0257b87ae71d810c.jpg,400,400,harbor,99,180,165,246
266_jpg.rf.881c86ed2ffde61a0257b87ae71d810c.jpg,400,400,harbor,152,166,211,224
266_jpg.rf.881c86ed2ffde61a0257b87ae71d810c.jpg,400,400,harbor,204,157,261,211
266_jpg.rf.881c86ed2ffde61a0257b87ae71d810c.jpg,400,400,harbor,161,258,234,330
266_jpg.rf.881c86ed2ffde61a0257b87ae71d810c.jpg,400,400,harbor,207,236,281,310
530_jpg.rf.ce95db5a8a89d8702767589ad0be640d.jpg,400,400,bridge,317,47,393,144
530_jpg.rf.ce95db5a8a89d8702767589ad0be640d.jpg,400,400,bridge,203,107,245,245
530_jpg.rf.ce95db5a8a89d8702767589ad0be640d.jpg,400,400,bridge,20,213,71,294
136_jpg.rf.f0841eb5b34a7c390098ef49a6401950.jpg,400,400,basketball court,177,174,253,263
136_jpg.rf.f0841eb5b34a7c390098ef49a6401950.jpg,400,400,basketball court,172,287,254,379
084_jpg.rf.f1ee5371e7efd789390ad419696ff170.jpg,400,400,baseball diamond,217,132,256,194
084_jpg.rf.f1ee5371e7efd789390ad419696ff170.jpg,400,400,tennis court,182,224,218,273
084_jpg.rf.f1ee5371e7efd789390ad419696ff170.jpg,400,400,basketball court,175,253,214,299
499_jpg.rf.bfd0b0908447a68fb53e28c62bdad65a.jpg,400,400,basketball court,229,39,261,93
499_jpg.rf.bfd0b0908447a68fb53e28c62bdad65a.jpg,400,400,basketball court,147,34,187,89
035_jpg.rf.41f4ff78d60db45826338d738d2aad30.jpg,400,400,airplane,335,323,371,375
035_jpg.rf.41f4ff78d60db45826338d738d2aad30.jpg,400,400,airplane,342,212,376,263
035_jpg.rf.41f4ff78d60db45826338d738d2aad30.jpg,400,400,airplane,343,158,378,208
035_jpg.rf.41f4ff78d60db45826338d738d2aad30.jpg,400,400,airplane,284,331,310,383
035_jpg.rf.41f4ff78d60db45826338d738d2aad30.jpg,400,400,airplane,279,272,310,326
035_jpg.rf.41f4ff78d60db45826338d738d2aad30.jpg,400,400,airplane,276,215,312,267
035_jpg.rf.41f4ff78d60db45826338d738d2aad30.jpg,400,400,airplane,285,156,311,208
035_jpg.rf.41f4ff78d60db45826338d738d2aad30.jpg,400,400,airplane,275,97,310,147
035_jpg.rf.41f4ff78d60db45826338d738d2aad30.jpg,400,400,airplane,276,38,311,88
035_jpg.rf.41f4ff78d60db45826338d738d2aad30.jpg,400,400,airplane,192,97,223,150
035_jpg.rf.41f4ff78d60db45826338d738d2aad30.jpg,400,400,airplane,192,36,223,85
035_jpg.rf.41f4ff78d60db45826338d738d2aad30.jpg,400,400,airplane,111,341,136,393
035_jpg.rf.41f4ff78d60db45826338d738d2aad30.jpg,400,400,airplane,106,282,136,334
035_jpg.rf.41f4ff78d60db45826338d738d2aad30.jpg,400,400,airplane,107,162,137,214
035_jpg.rf.41f4ff78d60db45826338d738d2aad30.jpg,400,400,airplane,106,94,137,146
035_jpg.rf.41f4ff78d60db45826338d738d2aad30.jpg,400,400,airplane,21,281,52,331
035_jpg.rf.41f4ff78d60db45826338d738d2aad30.jpg,400,400,airplane,21,223,53,273
035_jpg.rf.41f4ff78d60db45826338d738d2aad30.jpg,400,400,airplane,21,163,54,215
035_jpg.rf.41f4ff78d60db45826338d738d2aad30.jpg,400,400,airplane,23,35,55,91
383_jpg.rf.5c8c0bf90e3fbe73720e345c88f80e6d.jpg,400,400,vehicle,198,204,232,222
383_jpg.rf.5c8c0bf90e3fbe73720e345c88f80e6d.jpg,400,400,vehicle,38,179,62,208
009_jpg.rf.bb20580e3dfcec1521ae89087faee867.jpg,400,400,airplane,306,96,332,126
009_jpg.rf.bb20580e3dfcec1521ae89087faee867.jpg,400,400,airplane,214,76,228,90
009_jpg.rf.bb20580e3dfcec1521ae89087faee867.jpg,400,400,airplane,117,38,134,64
009_jpg.rf.bb20580e3dfcec1521ae89087faee867.jpg,400,400,airplane,80,116,104,150
009_jpg.rf.bb20580e3dfcec1521ae89087faee867.jpg,400,400,airplane,123,265,145,292
009_jpg.rf.bb20580e3dfcec1521ae89087faee867.jpg,400,400,airplane,154,270,174,302
613_jpg.rf.23d764857d93115c617bd7ae90ee0d0d.jpg,400,400,baseball diamond,162,36,226,126
613_jpg.rf.23d764857d93115c617bd7ae90ee0d0d.jpg,400,400,baseball diamond,233,226,278,300
613_jpg.rf.23d764857d93115c617bd7ae90ee0d0d.jpg,400,400,basketball court,116,74,150,128
613_jpg.rf.23d764857d93115c617bd7ae90ee0d0d.jpg,400,400,tennis court,98,100,130,158
257_jpg.rf.ac42aa701353f5a8158670917261190f.jpg,400,400,ground track field,181,49,376,186
257_jpg.rf.ac42aa701353f5a8158670917261190f.jpg,400,400,tennis court,194,46,231,70
257_jpg.rf.ac42aa701353f5a8158670917261190f.jpg,400,400,tennis court,184,56,221,78
257_jpg.rf.ac42aa701353f5a8158670917261190f.jpg,400,400,tennis court,170,63,208,87
257_jpg.rf.ac42aa701353f5a8158670917261190f.jpg,400,400,tennis court,163,74,196,97
257_jpg.rf.ac42aa701353f5a8158670917261190f.jpg,400,400,tennis court,150,82,186,108
257_jpg.rf.ac42aa701353f5a8158670917261190f.jpg,400,400,basketball court,204,30,252,60
093_jpg.rf.5923204550e8e4e620b8a173f167d408.jpg,400,400,baseball diamond,275,190,311,230
093_jpg.rf.5923204550e8e4e620b8a173f167d408.jpg,400,400,baseball diamond,226,173,268,209
093_jpg.rf.5923204550e8e4e620b8a173f167d408.jpg,400,400,baseball diamond,136,178,178,214
093_jpg.rf.5923204550e8e4e620b8a173f167d408.jpg,400,400,baseball diamond,56,118,103,156
093_jpg.rf.5923204550e8e4e620b8a173f167d408.jpg,400,400,baseball diamond,8,100,50,138
250_jpg.rf.4b1c7e48e33f449fb43c01fe1707e1dd.jpg,400,400,ground track field,66,37,179,336
250_jpg.rf.4b1c7e48e33f449fb43c01fe1707e1dd.jpg,400,400,tennis court,270,293,289,354
250_jpg.rf.4b1c7e48e33f449fb43c01fe1707e1dd.jpg,400,400,tennis court,288,297,307,356
250_jpg.rf.4b1c7e48e33f449fb43c01fe1707e1dd.jpg,400,400,tennis court,307,299,325,357
250_jpg.rf.4b1c7e48e33f449fb43c01fe1707e1dd.jpg,400,400,tennis court,324,301,343,360
250_jpg.rf.4b1c7e48e33f449fb43c01fe1707e1dd.jpg,400,400,baseball diamond,191,82,238,146
250_jpg.rf.4b1c7e48e33f449fb43c01fe1707e1dd.jpg,400,400,baseball diamond,164,286,203,345
250_jpg.rf.4b1c7e48e33f449fb43c01fe1707e1dd.jpg,400,400,baseball diamond,322,190,363,247
498_jpg.rf.ba2401c4cd9be90ad5cbe4c4112bc84c.jpg,400,400,basketball court,148,184,202,260
498_jpg.rf.ba2401c4cd9be90ad5cbe4c4112bc84c.jpg,400,400,basketball court,198,238,246,280
498_jpg.rf.ba2401c4cd9be90ad5cbe4c4112bc84c.jpg,400,400,basketball court,190,173,242,221
398_jpg.rf.f40e8a86a07b8457424ca8751a37c3b3.jpg,400,400,vehicle,351,37,369,65
398_jpg.rf.f40e8a86a07b8457424ca8751a37c3b3.jpg,400,400,vehicle,291,24,311,55
398_jpg.rf.f40e8a86a07b8457424ca8751a37c3b3.jpg,400,400,vehicle,267,24,287,60
398_jpg.rf.f40e8a86a07b8457424ca8751a37c3b3.jpg,400,400,vehicle,207,95,239,113
398_jpg.rf.f40e8a86a07b8457424ca8751a37c3b3.jpg,400,400,vehicle,165,84,196,104
398_jpg.rf.f40e8a86a07b8457424ca8751a37c3b3.jpg,400,400,vehicle,118,68,150,91
398_jpg.rf.f40e8a86a07b8457424ca8751a37c3b3.jpg,400,400,vehicle,260,106,287,138
398_jpg.rf.f40e8a86a07b8457424ca8751a37c3b3.jpg,400,400,vehicle,226,184,242,219
398_jpg.rf.f40e8a86a07b8457424ca8751a37c3b3.jpg,400,400,vehicle,195,299,222,336
568_jpg.rf.5159189890eb3b3ab6ac422f51d458df.jpg,400,400,baseball diamond,283,39,337,127
568_jpg.rf.5159189890eb3b3ab6ac422f51d458df.jpg,400,400,tennis court,127,166,149,206
568_jpg.rf.5159189890eb3b3ab6ac422f51d458df.jpg,400,400,tennis court,138,153,160,193
568_jpg.rf.5159189890eb3b3ab6ac422f51d458df.jpg,400,400,tennis court,148,139,171,181
568_jpg.rf.5159189890eb3b3ab6ac422f51d458df.jpg,400,400,tennis court,156,225,177,261
568_jpg.rf.5159189890eb3b3ab6ac422f51d458df.jpg,400,400,tennis court,167,213,187,250
568_jpg.rf.5159189890eb3b3ab6ac422f51d458df.jpg,400,400,tennis court,178,202,199,238
568_jpg.rf.5159189890eb3b3ab6ac422f51d458df.jpg,400,400,ground track field,15,224,152,388
151_jpg.rf.59aecf5d15fa9d33a5e44d98ec028360.jpg,400,400,basketball court,167,282,241,332
151_jpg.rf.59aecf5d15fa9d33a5e44d98ec028360.jpg,400,400,basketball court,194,264,268,313
439_jpg.rf.de13aea80dfe0d45768b471fe7dcf1a4.jpg,400,400,vehicle,24,268,42,300
439_jpg.rf.de13aea80dfe0d45768b471fe7dcf1a4.jpg,400,400,vehicle,306,307,324,339
439_jpg.rf.de13aea80dfe0d45768b471fe7dcf1a4.jpg,400,400,vehicle,204,139,222,167
439_jpg.rf.de13aea80dfe0d45768b471fe7dcf1a4.jpg,400,400,vehicle,243,76,258,102
439_jpg.rf.de13aea80dfe0d45768b471fe7dcf1a4.jpg,400,400,vehicle,26,195,43,219
439_jpg.rf.de13aea80dfe0d45768b471fe7dcf1a4.jpg,400,400,vehicle,147,73,162,99
439_jpg.rf.de13aea80dfe0d45768b471fe7dcf1a4.jpg,400,400,vehicle,146,44,164,72
183_jpg.rf.187760b6d08dcb0d643e8ef33245addb.jpg,400,400,bridge,85,100,253,262
365_jpg.rf.7f5ee4b3d1fdbb2730468e7cd457f0d7.jpg,400,400,tennis court,98,42,176,68
365_jpg.rf.7f5ee4b3d1fdbb2730468e7cd457f0d7.jpg,400,400,tennis court,102,70,186,96
365_jpg.rf.7f5ee4b3d1fdbb2730468e7cd457f0d7.jpg,400,400,tennis court,107,106,183,132
365_jpg.rf.7f5ee4b3d1fdbb2730468e7cd457f0d7.jpg,400,400,tennis court,112,136,186,162
365_jpg.rf.7f5ee4b3d1fdbb2730468e7cd457f0d7.jpg,400,400,tennis court,118,172,191,198
365_jpg.rf.7f5ee4b3d1fdbb2730468e7cd457f0d7.jpg,400,400,tennis court,121,200,193,226
365_jpg.rf.7f5ee4b3d1fdbb2730468e7cd457f0d7.jpg,400,400,tennis court,127,241,199,269
365_jpg.rf.7f5ee4b3d1fdbb2730468e7cd457f0d7.jpg,400,400,tennis court,131,267,203,297
365_jpg.rf.7f5ee4b3d1fdbb2730468e7cd457f0d7.jpg,400,400,tennis court,135,295,205,325
365_jpg.rf.7f5ee4b3d1fdbb2730468e7cd457f0d7.jpg,400,400,tennis court,138,320,209,351
240_jpg.rf.ac6e10b709764409f810d5a98d938117.jpg,400,400,ground track field,78,242,254,372
610_jpg.rf.55ea666c614a1a2ebb8acdf868a18254.jpg,400,400,tennis court,195,246,239,306
610_jpg.rf.55ea666c614a1a2ebb8acdf868a18254.jpg,400,400,basketball court,147,183,205,257
154_jpg.rf.9f7b7b38da0d3d656771b72d0d4da268.jpg,400,400,basketball court,297,96,361,138
154_jpg.rf.9f7b7b38da0d3d656771b72d0d4da268.jpg,400,400,basketball court,228,101,290,143
092_jpg.rf.aec0977e1c297e64883623b06453c2d1.jpg,400,400,baseball diamond,133,309,159,350
092_jpg.rf.aec0977e1c297e64883623b06453c2d1.jpg,400,400,baseball diamond,98,284,124,326
092_jpg.rf.aec0977e1c297e64883623b06453c2d1.jpg,400,400,baseball diamond,178,144,215,200
092_jpg.rf.aec0977e1c297e64883623b06453c2d1.jpg,400,400,baseball diamond,138,111,174,167
092_jpg.rf.aec0977e1c297e64883623b06453c2d1.jpg,400,400,baseball diamond,210,74,257,152
092_jpg.rf.aec0977e1c297e64883623b06453c2d1.jpg,400,400,baseball diamond,158,41,205,113
488_jpg.rf.3a4e8cec66dd4944799e034323208915.jpg,400,400,tennis court,328,161,375,184
488_jpg.rf.3a4e8cec66dd4944799e034323208915.jpg,400,400,tennis court,334,182,380,205
488_jpg.rf.3a4e8cec66dd4944799e034323208915.jpg,400,400,tennis court,265,173,314,198
488_jpg.rf.3a4e8cec66dd4944799e034323208915.jpg,400,400,tennis court,271,193,320,219
488_jpg.rf.3a4e8cec66dd4944799e034323208915.jpg,400,400,basketball court,153,195,195,245
488_jpg.rf.3a4e8cec66dd4944799e034323208915.jpg,400,400,basketball court,77,209,125,260
539_jpg.rf.c5038d2e4f8ae2f0c0cd51715da6d6d1.jpg,400,400,bridge,81,295,267,349
539_jpg.rf.c5038d2e4f8ae2f0c0cd51715da6d6d1.jpg,400,400,bridge,153,40,298,93
533_jpg.rf.d9e072a91f0415f72a445395ed59a7c3.jpg,400,400,harbor,176,26,242,76
533_jpg.rf.d9e072a91f0415f72a445395ed59a7c3.jpg,400,400,harbor,144,64,210,106
533_jpg.rf.d9e072a91f0415f72a445395ed59a7c3.jpg,400,400,harbor,111,99,178,137
533_jpg.rf.d9e072a91f0415f72a445395ed59a7c3.jpg,400,400,harbor,90,129,142,163
533_jpg.rf.d9e072a91f0415f72a445395ed59a7c3.jpg,400,400,harbor,18,168,106,200
533_jpg.rf.d9e072a91f0415f72a445395ed59a7c3.jpg,400,400,harbor,22,202,110,228
533_jpg.rf.d9e072a91f0415f72a445395ed59a7c3.jpg,400,400,harbor,25,227,109,252
533_jpg.rf.d9e072a91f0415f72a445395ed59a7c3.jpg,400,400,harbor,27,251,108,273
533_jpg.rf.d9e072a91f0415f72a445395ed59a7c3.jpg,400,400,harbor,25,274,109,292
533_jpg.rf.d9e072a91f0415f72a445395ed59a7c3.jpg,400,400,harbor,28,294,113,310
533_jpg.rf.d9e072a91f0415f72a445395ed59a7c3.jpg,400,400,harbor,26,312,114,328
533_jpg.rf.d9e072a91f0415f72a445395ed59a7c3.jpg,400,400,harbor,26,329,116,346
533_jpg.rf.d9e072a91f0415f72a445395ed59a7c3.jpg,400,400,harbor,125,265,149,329
533_jpg.rf.d9e072a91f0415f72a445395ed59a7c3.jpg,400,400,harbor,148,265,182,369
533_jpg.rf.d9e072a91f0415f72a445395ed59a7c3.jpg,400,400,harbor,182,264,216,367
533_jpg.rf.d9e072a91f0415f72a445395ed59a7c3.jpg,400,400,harbor,220,266,254,372
533_jpg.rf.d9e072a91f0415f72a445395ed59a7c3.jpg,400,400,harbor,260,262,302,374
533_jpg.rf.d9e072a91f0415f72a445395ed59a7c3.jpg,400,400,harbor,307,261,347,379
101_jpg.rf.0a47565c28522e0f371e35c3de1da962.jpg,400,400,baseball diamond,21,29,71,60
101_jpg.rf.0a47565c28522e0f371e35c3de1da962.jpg,400,400,baseball diamond,80,109,129,141
101_jpg.rf.0a47565c28522e0f371e35c3de1da962.jpg,400,400,baseball diamond,161,75,211,106
101_jpg.rf.0a47565c28522e0f371e35c3de1da962.jpg,400,400,baseball diamond,220,321,272,353
101_jpg.rf.0a47565c28522e0f371e35c3de1da962.jpg,400,400,baseball diamond,332,336,382,368
320_jpg.rf.4396b7cee64ad87ad3e5634bf12392ef.jpg,400,400,ship,130,60,148,86
320_jpg.rf.4396b7cee64ad87ad3e5634bf12392ef.jpg,400,400,storage tank,295,204,312,225
320_jpg.rf.4396b7cee64ad87ad3e5634bf12392ef.jpg,400,400,storage tank,271,207,292,232
320_jpg.rf.4396b7cee64ad87ad3e5634bf12392ef.jpg,400,400,storage tank,251,213,272,240
320_jpg.rf.4396b7cee64ad87ad3e5634bf12392ef.jpg,400,400,storage tank,232,222,252,247
320_jpg.rf.4396b7cee64ad87ad3e5634bf12392ef.jpg,400,400,storage tank,213,230,232,255
320_jpg.rf.4396b7cee64ad87ad3e5634bf12392ef.jpg,400,400,storage tank,194,238,214,262
320_jpg.rf.4396b7cee64ad87ad3e5634bf12392ef.jpg,400,400,storage tank,179,246,191,260
320_jpg.rf.4396b7cee64ad87ad3e5634bf12392ef.jpg,400,400,storage tank,170,250,181,263
320_jpg.rf.4396b7cee64ad87ad3e5634bf12392ef.jpg,400,400,storage tank,160,255,170,268
320_jpg.rf.4396b7cee64ad87ad3e5634bf12392ef.jpg,400,400,storage tank,181,260,194,274
320_jpg.rf.4396b7cee64ad87ad3e5634bf12392ef.jpg,400,400,storage tank,170,263,182,278
320_jpg.rf.4396b7cee64ad87ad3e5634bf12392ef.jpg,400,400,storage tank,159,268,170,283
320_jpg.rf.4396b7cee64ad87ad3e5634bf12392ef.jpg,400,400,storage tank,303,229,324,254
320_jpg.rf.4396b7cee64ad87ad3e5634bf12392ef.jpg,400,400,storage tank,282,236,303,261
320_jpg.rf.4396b7cee64ad87ad3e5634bf12392ef.jpg,400,400,storage tank,262,247,283,269
320_jpg.rf.4396b7cee64ad87ad3e5634bf12392ef.jpg,400,400,storage tank,242,254,262,277
320_jpg.rf.4396b7cee64ad87ad3e5634bf12392ef.jpg,400,400,storage tank,216,264,229,279
320_jpg.rf.4396b7cee64ad87ad3e5634bf12392ef.jpg,400,400,storage tank,205,269,217,283
320_jpg.rf.4396b7cee64ad87ad3e5634bf12392ef.jpg,400,400,storage tank,193,273,205,288
320_jpg.rf.4396b7cee64ad87ad3e5634bf12392ef.jpg,400,400,storage tank,182,279,194,293
320_jpg.rf.4396b7cee64ad87ad3e5634bf12392ef.jpg,400,400,storage tank,221,279,233,294
320_jpg.rf.4396b7cee64ad87ad3e5634bf12392ef.jpg,400,400,storage tank,207,283,220,299
320_jpg.rf.4396b7cee64ad87ad3e5634bf12392ef.jpg,400,400,storage tank,197,288,209,303
320_jpg.rf.4396b7cee64ad87ad3e5634bf12392ef.jpg,400,400,storage tank,185,293,197,308
320_jpg.rf.4396b7cee64ad87ad3e5634bf12392ef.jpg,400,400,storage tank,327,252,339,269
320_jpg.rf.4396b7cee64ad87ad3e5634bf12392ef.jpg,400,400,storage tank,332,266,344,283
320_jpg.rf.4396b7cee64ad87ad3e5634bf12392ef.jpg,400,400,storage tank,316,257,328,272
320_jpg.rf.4396b7cee64ad87ad3e5634bf12392ef.jpg,400,400,storage tank,321,271,334,287
320_jpg.rf.4396b7cee64ad87ad3e5634bf12392ef.jpg,400,400,storage tank,305,262,317,277
320_jpg.rf.4396b7cee64ad87ad3e5634bf12392ef.jpg,400,400,storage tank,310,276,322,291
320_jpg.rf.4396b7cee64ad87ad3e5634bf12392ef.jpg,400,400,storage tank,294,266,306,282
320_jpg.rf.4396b7cee64ad87ad3e5634bf12392ef.jpg,400,400,storage tank,299,281,311,296
320_jpg.rf.4396b7cee64ad87ad3e5634bf12392ef.jpg,400,400,storage tank,278,273,290,289
320_jpg.rf.4396b7cee64ad87ad3e5634bf12392ef.jpg,400,400,storage tank,267,278,279,295
320_jpg.rf.4396b7cee64ad87ad3e5634bf12392ef.jpg,400,400,storage tank,255,284,268,299
320_jpg.rf.4396b7cee64ad87ad3e5634bf12392ef.jpg,400,400,storage tank,260,298,272,314
320_jpg.rf.4396b7cee64ad87ad3e5634bf12392ef.jpg,400,400,storage tank,244,287,257,303
320_jpg.rf.4396b7cee64ad87ad3e5634bf12392ef.jpg,400,400,storage tank,248,303,261,318
320_jpg.rf.4396b7cee64ad87ad3e5634bf12392ef.jpg,400,400,storage tank,232,293,245,308
320_jpg.rf.4396b7cee64ad87ad3e5634bf12392ef.jpg,400,400,storage tank,237,307,249,323
320_jpg.rf.4396b7cee64ad87ad3e5634bf12392ef.jpg,400,400,storage tank,216,301,229,315
320_jpg.rf.4396b7cee64ad87ad3e5634bf12392ef.jpg,400,400,storage tank,221,315,233,331
320_jpg.rf.4396b7cee64ad87ad3e5634bf12392ef.jpg,400,400,storage tank,205,306,218,320
320_jpg.rf.4396b7cee64ad87ad3e5634bf12392ef.jpg,400,400,storage tank,209,320,221,337
320_jpg.rf.4396b7cee64ad87ad3e5634bf12392ef.jpg,400,400,storage tank,193,311,206,326
320_jpg.rf.4396b7cee64ad87ad3e5634bf12392ef.jpg,400,400,storage tank,197,327,209,342
320_jpg.rf.4396b7cee64ad87ad3e5634bf12392ef.jpg,400,400,storage tank,181,316,193,332
320_jpg.rf.4396b7cee64ad87ad3e5634bf12392ef.jpg,400,400,storage tank,185,331,197,348
417_jpg.rf.4f39d1d447cc155eecfb2c7a40438ae5.jpg,400,400,vehicle,237,137,263,165
417_jpg.rf.4f39d1d447cc155eecfb2c7a40438ae5.jpg,400,400,vehicle,180,185,208,213
417_jpg.rf.4f39d1d447cc155eecfb2c7a40438ae5.jpg,400,400,vehicle,163,276,187,304
417_jpg.rf.4f39d1d447cc155eecfb2c7a40438ae5.jpg,400,400,vehicle,127,365,151,390
471_jpg.rf.b4a9e1bcf06945ff7e0c4bdd21266c1d.jpg,400,400,baseball diamond,74,73,152,138
471_jpg.rf.b4a9e1bcf06945ff7e0c4bdd21266c1d.jpg,400,400,tennis court,122,334,182,356
471_jpg.rf.b4a9e1bcf06945ff7e0c4bdd21266c1d.jpg,400,400,tennis court,130,310,184,331
471_jpg.rf.b4a9e1bcf06945ff7e0c4bdd21266c1d.jpg,400,400,basketball court,42,324,104,354
515_jpg.rf.4709ee454b8745aa35282f3062ad7651.jpg,400,400,airplane,43,158,85,188
515_jpg.rf.4709ee454b8745aa35282f3062ad7651.jpg,400,400,airplane,88,144,134,178
515_jpg.rf.4709ee454b8745aa35282f3062ad7651.jpg,400,400,airplane,133,125,186,159
515_jpg.rf.4709ee454b8745aa35282f3062ad7651.jpg,400,400,airplane,194,164,230,181
515_jpg.rf.4709ee454b8745aa35282f3062ad7651.jpg,400,400,airplane,228,206,284,242
515_jpg.rf.4709ee454b8745aa35282f3062ad7651.jpg,400,400,airplane,189,226,221,248
515_jpg.rf.4709ee454b8745aa35282f3062ad7651.jpg,400,400,airplane,151,236,180,256
477_jpg.rf.b5e08efda4950050ccf60fc0e4c8ddbd.jpg,400,400,baseball diamond,132,30,172,75
477_jpg.rf.b5e08efda4950050ccf60fc0e4c8ddbd.jpg,400,400,ground track field,126,95,209,284
649_jpg.rf.343c9763edbde7499b45d92a10d2446a.jpg,400,400,basketball court,183,108,219,174
649_jpg.rf.343c9763edbde7499b45d92a10d2446a.jpg,400,400,basketball court,217,106,253,172
178_jpg.rf.89f904d92f9a5dc3ba1339ce87225886.jpg,400,400,bridge,142,157,240,228
458_jpg.rf.3ed68ee18b87e0c49771f3b83588f0f6.jpg,400,400,ground track field,66,15,314,131
334_jpg.rf.c77b0cfc839ae0d943865df6d40b0183.jpg,400,400,tennis court,158,297,248,329
334_jpg.rf.c77b0cfc839ae0d943865df6d40b0183.jpg,400,400,tennis court,152,263,238,296
529_jpg.rf.77bf7d086883edc050c1c5d15b55a2db.jpg,400,400,baseball diamond,242,280,282,357
529_jpg.rf.77bf7d086883edc050c1c5d15b55a2db.jpg,400,400,bridge,29,49,77,171
529_jpg.rf.77bf7d086883edc050c1c5d15b55a2db.jpg,400,400,bridge,310,79,359,188
261_jpg.rf.0d6ca335d5d4b453ff423b81f830e670.jpg,400,400,ground track field,100,70,214,340
261_jpg.rf.0d6ca335d5d4b453ff423b81f830e670.jpg,400,400,baseball diamond,51,52,103,100
261_jpg.rf.0d6ca335d5d4b453ff423b81f830e670.jpg,400,400,baseball diamond,59,188,99,231
544_jpg.rf.5cbb4b58893d0607c9084eb3e67a526a.jpg,400,400,bridge,217,272,307,337
544_jpg.rf.5cbb4b58893d0607c9084eb3e67a526a.jpg,400,400,bridge,175,21,270,66
319_jpg.rf.3801fe1f3baa73090d138621372afb4a.jpg,400,400,storage tank,310,81,323,100
319_jpg.rf.3801fe1f3baa73090d138621372afb4a.jpg,400,400,storage tank,297,69,311,86
319_jpg.rf.3801fe1f3baa73090d138621372afb4a.jpg,400,400,storage tank,286,84,300,102
319_jpg.rf.3801fe1f3baa73090d138621372afb4a.jpg,400,400,storage tank,300,97,314,114
319_jpg.rf.3801fe1f3baa73090d138621372afb4a.jpg,400,400,storage tank,200,196,214,212
319_jpg.rf.3801fe1f3baa73090d138621372afb4a.jpg,400,400,storage tank,163,178,176,196
319_jpg.rf.3801fe1f3baa73090d138621372afb4a.jpg,400,400,storage tank,129,165,143,184
319_jpg.rf.3801fe1f3baa73090d138621372afb4a.jpg,400,400,storage tank,123,182,137,202
319_jpg.rf.3801fe1f3baa73090d138621372afb4a.jpg,400,400,storage tank,55,236,68,256
319_jpg.rf.3801fe1f3baa73090d138621372afb4a.jpg,400,400,storage tank,47,256,59,274
319_jpg.rf.3801fe1f3baa73090d138621372afb4a.jpg,400,400,storage tank,31,258,45,279
188_jpg.rf.06a33e425b224a579ae1c42fd88c7bdb.jpg,400,400,bridge,175,125,232,307
597_jpg.rf.acc8ac9b261d0eaec74fb864a6d0431f.jpg,400,400,ground track field,220,34,323,300
597_jpg.rf.acc8ac9b261d0eaec74fb864a6d0431f.jpg,400,400,baseball diamond,321,38,360,85
340_jpg.rf.1db33639c4692f121e1fcb178341730c.jpg,400,400,tennis court,317,158,345,210
340_jpg.rf.1db33639c4692f121e1fcb178341730c.jpg,400,400,tennis court,337,161,365,214
340_jpg.rf.1db33639c4692f121e1fcb178341730c.jpg,400,400,baseball diamond,63,23,96,71
127_jpg.rf.33fb0a3c89e86b6b5b5c186aa3f385db.jpg,400,400,baseball diamond,318,113,359,173
127_jpg.rf.33fb0a3c89e86b6b5b5c186aa3f385db.jpg,400,400,ground track field,161,119,298,315
336_jpg.rf.a42fca6843766319a7934d32b250af4a.jpg,400,400,tennis court,369,73,389,120
336_jpg.rf.a42fca6843766319a7934d32b250af4a.jpg,400,400,tennis court,330,154,347,194
336_jpg.rf.a42fca6843766319a7934d32b250af4a.jpg,400,400,tennis court,370,148,389,190
336_jpg.rf.a42fca6843766319a7934d32b250af4a.jpg,400,400,tennis court,314,220,330,256
336_jpg.rf.a42fca6843766319a7934d32b250af4a.jpg,400,400,tennis court,346,218,362,254
336_jpg.rf.a42fca6843766319a7934d32b250af4a.jpg,400,400,tennis court,281,278,297,315
336_jpg.rf.a42fca6843766319a7934d32b250af4a.jpg,400,400,tennis court,297,277,313,311
336_jpg.rf.a42fca6843766319a7934d32b250af4a.jpg,400,400,tennis court,314,276,329,310
336_jpg.rf.a42fca6843766319a7934d32b250af4a.jpg,400,400,tennis court,334,274,350,308
336_jpg.rf.a42fca6843766319a7934d32b250af4a.jpg,400,400,tennis court,349,272,366,308
399_jpg.rf.924b7afefad39b75b0a2af18c1c264d1.jpg,400,400,vehicle,248,7,274,35
399_jpg.rf.924b7afefad39b75b0a2af18c1c264d1.jpg,400,400,vehicle,115,73,143,101
399_jpg.rf.924b7afefad39b75b0a2af18c1c264d1.jpg,400,400,vehicle,71,167,97,196
399_jpg.rf.924b7afefad39b75b0a2af18c1c264d1.jpg,400,400,vehicle,87,210,113,240
399_jpg.rf.924b7afefad39b75b0a2af18c1c264d1.jpg,400,400,vehicle,120,202,144,228
399_jpg.rf.924b7afefad39b75b0a2af18c1c264d1.jpg,400,400,vehicle,37,236,64,266
399_jpg.rf.924b7afefad39b75b0a2af18c1c264d1.jpg,400,400,vehicle,98,124,116,154
399_jpg.rf.924b7afefad39b75b0a2af18c1c264d1.jpg,400,400,vehicle,139,236,159,265
185_jpg.rf.57410ddc55b36c6611176b015290242a.jpg,400,400,bridge,124,121,224,210
156_jpg.rf.ee61d8e58b199a276ff9ace40afc0bb8.jpg,400,400,basketball court,110,174,160,238
156_jpg.rf.ee61d8e58b199a276ff9ace40afc0bb8.jpg,400,400,basketball court,164,174,215,244
156_jpg.rf.ee61d8e58b199a276ff9ace40afc0bb8.jpg,400,400,tennis court,246,215,335,251
156_jpg.rf.ee61d8e58b199a276ff9ace40afc0bb8.jpg,400,400,tennis court,244,178,334,212
598_jpg.rf.e25d3a5e28fd024f38ad592733809837.jpg,400,400,baseball diamond,158,93,201,148
598_jpg.rf.e25d3a5e28fd024f38ad592733809837.jpg,400,400,baseball diamond,171,157,198,191
598_jpg.rf.e25d3a5e28fd024f38ad592733809837.jpg,400,400,baseball diamond,78,131,121,183
598_jpg.rf.e25d3a5e28fd024f38ad592733809837.jpg,400,400,baseball diamond,113,187,139,225
598_jpg.rf.e25d3a5e28fd024f38ad592733809837.jpg,400,400,baseball diamond,163,232,189,269
177_jpg.rf.60f22fd9ad2c2935afb9bfb64d2b482f.jpg,400,400,bridge,273,117,365,254
177_jpg.rf.60f22fd9ad2c2935afb9bfb64d2b482f.jpg,400,400,bridge,119,59,250,231
177_jpg.rf.60f22fd9ad2c2935afb9bfb64d2b482f.jpg,400,400,bridge,45,190,122,276
512_jpg.rf.a5400155fedb9d129f97d4c63c301eaa.jpg,400,400,ship,312,35,353,51
512_jpg.rf.a5400155fedb9d129f97d4c63c301eaa.jpg,400,400,ship,97,79,165,103
512_jpg.rf.a5400155fedb9d129f97d4c63c301eaa.jpg,400,400,ship,209,161,249,170
512_jpg.rf.a5400155fedb9d129f97d4c63c301eaa.jpg,400,400,ship,40,185,120,203
512_jpg.rf.a5400155fedb9d129f97d4c63c301eaa.jpg,400,400,ship,282,244,332,258
512_jpg.rf.a5400155fedb9d129f97d4c63c301eaa.jpg,400,400,ship,179,238,221,246
512_jpg.rf.a5400155fedb9d129f97d4c63c301eaa.jpg,400,400,ship,301,328,349,342
512_jpg.rf.a5400155fedb9d129f97d4c63c301eaa.jpg,400,400,ship,139,332,211,345
523_jpg.rf.f03eb3e8b2d827fde0e3974dd2c08d48.jpg,400,400,harbor,125,39,140,113
523_jpg.rf.f03eb3e8b2d827fde0e3974dd2c08d48.jpg,400,400,harbor,76,90,140,114
523_jpg.rf.f03eb3e8b2d827fde0e3974dd2c08d48.jpg,400,400,harbor,72,141,137,180
523_jpg.rf.f03eb3e8b2d827fde0e3974dd2c08d48.jpg,400,400,harbor,67,203,119,232
523_jpg.rf.f03eb3e8b2d827fde0e3974dd2c08d48.jpg,400,400,harbor,127,197,206,220
523_jpg.rf.f03eb3e8b2d827fde0e3974dd2c08d48.jpg,400,400,harbor,158,19,203,45
523_jpg.rf.f03eb3e8b2d827fde0e3974dd2c08d48.jpg,400,400,harbor,155,67,208,105
523_jpg.rf.f03eb3e8b2d827fde0e3974dd2c08d48.jpg,400,400,harbor,152,131,208,172
523_jpg.rf.f03eb3e8b2d827fde0e3974dd2c08d48.jpg,400,400,harbor,227,20,278,63
523_jpg.rf.f03eb3e8b2d827fde0e3974dd2c08d48.jpg,400,400,harbor,232,90,286,133
523_jpg.rf.f03eb3e8b2d827fde0e3974dd2c08d48.jpg,400,400,harbor,236,158,291,198
523_jpg.rf.f03eb3e8b2d827fde0e3974dd2c08d48.jpg,400,400,harbor,238,226,295,269
523_jpg.rf.f03eb3e8b2d827fde0e3974dd2c08d48.jpg,400,400,harbor,239,295,321,321
464_jpg.rf.0effddf20065aaa199420d950103e240.jpg,400,400,baseball diamond,66,123,98,165
464_jpg.rf.0effddf20065aaa199420d950103e240.jpg,400,400,baseball diamond,145,30,185,77
464_jpg.rf.0effddf20065aaa199420d950103e240.jpg,400,400,baseball diamond,138,202,183,257
464_jpg.rf.0effddf20065aaa199420d950103e240.jpg,400,400,ground track field,197,53,275,264
264_jpg.rf.6cacfccaec1a59c3f49f7ddcbf143e37.jpg,400,400,ground track field,24,167,261,267
264_jpg.rf.6cacfccaec1a59c3f49f7ddcbf143e37.jpg,400,400,tennis court,279,161,327,177
264_jpg.rf.6cacfccaec1a59c3f49f7ddcbf143e37.jpg,400,400,tennis court,279,177,327,193
264_jpg.rf.6cacfccaec1a59c3f49f7ddcbf143e37.jpg,400,400,tennis court,278,193,327,209
264_jpg.rf.6cacfccaec1a59c3f49f7ddcbf143e37.jpg,400,400,tennis court,276,209,326,225
264_jpg.rf.6cacfccaec1a59c3f49f7ddcbf143e37.jpg,400,400,tennis court,277,224,325,241
264_jpg.rf.6cacfccaec1a59c3f49f7ddcbf143e37.jpg,400,400,tennis court,277,242,325,258
264_jpg.rf.6cacfccaec1a59c3f49f7ddcbf143e37.jpg,400,400,tennis court,276,257,324,275
235_jpg.rf.95e271f0144b37a12f99832678987a16.jpg,400,400,ground track field,97,98,241,296
265_jpg.rf.5eab4f8be20757af0cac16928a553a1a.jpg,400,400,ground track field,36,22,314,172
294_jpg.rf.e837e114abd5d2cee35a75c9e1439345.jpg,400,400,ship,33,323,56,356
294_jpg.rf.e837e114abd5d2cee35a75c9e1439345.jpg,400,400,ship,123,169,146,203
294_jpg.rf.e837e114abd5d2cee35a75c9e1439345.jpg,400,400,ship,362,202,377,226
294_jpg.rf.e837e114abd5d2cee35a75c9e1439345.jpg,400,400,ship,325,31,338,76
173_jpg.rf.eeea588b495e417be4df5da84b18ac1f.jpg,400,400,bridge,49,309,135,361
173_jpg.rf.eeea588b495e417be4df5da84b18ac1f.jpg,400,400,bridge,83,217,167,256
173_jpg.rf.eeea588b495e417be4df5da84b18ac1f.jpg,400,400,bridge,118,124,194,169
173_jpg.rf.eeea588b495e417be4df5da84b18ac1f.jpg,400,400,bridge,137,71,205,113
173_jpg.rf.eeea588b495e417be4df5da84b18ac1f.jpg,400,400,bridge,147,32,215,85
413_jpg.rf.5110aa5cb0babd840a69b89fd49fe96d.jpg,400,400,vehicle,253,159,277,196
413_jpg.rf.5110aa5cb0babd840a69b89fd49fe96d.jpg,400,400,vehicle,318,136,338,169
413_jpg.rf.5110aa5cb0babd840a69b89fd49fe96d.jpg,400,400,vehicle,298,212,328,242
413_jpg.rf.5110aa5cb0babd840a69b89fd49fe96d.jpg,400,400,vehicle,335,198,362,231
413_jpg.rf.5110aa5cb0babd840a69b89fd49fe96d.jpg,400,400,vehicle,366,186,391,215
181_jpg.rf.f4a2e1ac7d26fc6d197fb77034771e1b.jpg,400,400,bridge,168,130,252,284
203_jpg.rf.9fbe79841a6107798a376fcb523c68c5.jpg,400,400,baseball diamond,33,165,93,214
203_jpg.rf.9fbe79841a6107798a376fcb523c68c5.jpg,400,400,baseball diamond,348,227,384,264
203_jpg.rf.9fbe79841a6107798a376fcb523c68c5.jpg,400,400,ground track field,91,257,261,371
103_jpg.rf.44303196998433f4ba68fd324be3d7a5.jpg,400,400,baseball diamond,43,271,96,338
103_jpg.rf.44303196998433f4ba68fd324be3d7a5.jpg,400,400,baseball diamond,159,190,213,255
103_jpg.rf.44303196998433f4ba68fd324be3d7a5.jpg,400,400,baseball diamond,270,284,304,326
162_jpg.rf.27b54f4cd543907784614910edb2b413.jpg,400,400,basketball court,129,204,199,246
162_jpg.rf.27b54f4cd543907784614910edb2b413.jpg,400,400,basketball court,166,172,221,220
050_jpg.rf.5f81a04f5073e91b0f09714db5824040.jpg,400,400,airplane,28,168,51,201
050_jpg.rf.5f81a04f5073e91b0f09714db5824040.jpg,400,400,airplane,57,167,76,208
050_jpg.rf.5f81a04f5073e91b0f09714db5824040.jpg,400,400,airplane,83,158,105,198
050_jpg.rf.5f81a04f5073e91b0f09714db5824040.jpg,400,400,airplane,111,159,133,202
050_jpg.rf.5f81a04f5073e91b0f09714db5824040.jpg,400,400,airplane,168,154,190,190
050_jpg.rf.5f81a04f5073e91b0f09714db5824040.jpg,400,400,airplane,183,118,209,154
050_jpg.rf.5f81a04f5073e91b0f09714db5824040.jpg,400,400,airplane,225,47,249,78
050_jpg.rf.5f81a04f5073e91b0f09714db5824040.jpg,400,400,airplane,236,6,264,46
050_jpg.rf.5f81a04f5073e91b0f09714db5824040.jpg,400,400,airplane,20,308,39,340
050_jpg.rf.5f81a04f5073e91b0f09714db5824040.jpg,400,400,airplane,72,322,95,360
050_jpg.rf.5f81a04f5073e91b0f09714db5824040.jpg,400,400,airplane,130,345,150,369
050_jpg.rf.5f81a04f5073e91b0f09714db5824040.jpg,400,400,airplane,252,174,278,208
050_jpg.rf.5f81a04f5073e91b0f09714db5824040.jpg,400,400,airplane,274,136,296,176
050_jpg.rf.5f81a04f5073e91b0f09714db5824040.jpg,400,400,airplane,369,234,393,277
304_jpg.rf.01b7a29353afde20b1cb6bde6d3a9c31.jpg,400,400,ship,187,275,205,306
304_jpg.rf.01b7a29353afde20b1cb6bde6d3a9c31.jpg,400,400,ship,152,222,170,252
304_jpg.rf.01b7a29353afde20b1cb6bde6d3a9c31.jpg,400,400,ship,160,163,184,201
304_jpg.rf.01b7a29353afde20b1cb6bde6d3a9c31.jpg,400,400,ship,169,145,195,189
304_jpg.rf.01b7a29353afde20b1cb6bde6d3a9c31.jpg,400,400,ship,203,110,224,146
304_jpg.rf.01b7a29353afde20b1cb6bde6d3a9c31.jpg,400,400,storage tank,171,330,191,363
304_jpg.rf.01b7a29353afde20b1cb6bde6d3a9c31.jpg,400,400,storage tank,130,339,152,373
304_jpg.rf.01b7a29353afde20b1cb6bde6d3a9c31.jpg,400,400,storage tank,138,291,159,323
304_jpg.rf.01b7a29353afde20b1cb6bde6d3a9c31.jpg,400,400,storage tank,97,321,118,353
304_jpg.rf.01b7a29353afde20b1cb6bde6d3a9c31.jpg,400,400,storage tank,105,261,127,294
304_jpg.rf.01b7a29353afde20b1cb6bde6d3a9c31.jpg,400,400,storage tank,59,297,81,331
304_jpg.rf.01b7a29353afde20b1cb6bde6d3a9c31.jpg,400,400,storage tank,66,249,88,282
304_jpg.rf.01b7a29353afde20b1cb6bde6d3a9c31.jpg,400,400,storage tank,74,192,95,224
304_jpg.rf.01b7a29353afde20b1cb6bde6d3a9c31.jpg,400,400,storage tank,24,263,46,295
304_jpg.rf.01b7a29353afde20b1cb6bde6d3a9c31.jpg,400,400,storage tank,34,204,54,238
304_jpg.rf.01b7a29353afde20b1cb6bde6d3a9c31.jpg,400,400,storage tank,72,189,94,223
304_jpg.rf.01b7a29353afde20b1cb6bde6d3a9c31.jpg,400,400,storage tank,45,116,65,148
304_jpg.rf.01b7a29353afde20b1cb6bde6d3a9c31.jpg,400,400,storage tank,15,106,35,137
304_jpg.rf.01b7a29353afde20b1cb6bde6d3a9c31.jpg,400,400,storage tank,50,86,70,117
304_jpg.rf.01b7a29353afde20b1cb6bde6d3a9c31.jpg,400,400,storage tank,20,79,40,109
304_jpg.rf.01b7a29353afde20b1cb6bde6d3a9c31.jpg,400,400,storage tank,55,53,76,85
304_jpg.rf.01b7a29353afde20b1cb6bde6d3a9c31.jpg,400,400,storage tank,26,42,45,74
304_jpg.rf.01b7a29353afde20b1cb6bde6d3a9c31.jpg,400,400,storage tank,213,22,234,54
264_jpg.rf.98a700ec0c80e03a28a6d229ddf135ce.jpg,400,400,ground track field,167,24,266,261
264_jpg.rf.98a700ec0c80e03a28a6d229ddf135ce.jpg,400,400,tennis court,160,279,177,327
264_jpg.rf.98a700ec0c80e03a28a6d229ddf135ce.jpg,400,400,tennis court,177,279,193,327
264_jpg.rf.98a700ec0c80e03a28a6d229ddf135ce.jpg,400,400,tennis court,193,278,209,327
264_jpg.rf.98a700ec0c80e03a28a6d229ddf135ce.jpg,400,400,tennis court,209,276,225,326
264_jpg.rf.98a700ec0c80e03a28a6d229ddf135ce.jpg,400,400,tennis court,224,277,241,325
264_jpg.rf.98a700ec0c80e03a28a6d229ddf135ce.jpg,400,400,tennis court,242,277,257,325
264_jpg.rf.98a700ec0c80e03a28a6d229ddf135ce.jpg,400,400,tennis court,256,276,275,324
372_jpg.rf.8213dacf47d5b3b199ece620146cf541.jpg,400,400,vehicle,241,27,271,49
372_jpg.rf.8213dacf47d5b3b199ece620146cf541.jpg,400,400,vehicle,61,346,81,384
372_jpg.rf.8213dacf47d5b3b199ece620146cf541.jpg,400,400,vehicle,221,32,244,55
142_jpg.rf.19a5319d59238e8497267ef96acd531b.jpg,400,400,basketball court,52,201,122,281
142_jpg.rf.19a5319d59238e8497267ef96acd531b.jpg,400,400,basketball court,37,259,104,341
142_jpg.rf.19a5319d59238e8497267ef96acd531b.jpg,400,400,tennis court,76,115,110,187
142_jpg.rf.19a5319d59238e8497267ef96acd531b.jpg,400,400,tennis court,107,124,137,199
249_jpg.rf.28ebf02f034395f6ce4d8ba55fa7e12e.jpg,400,400,ground track field,92,196,170,348
249_jpg.rf.28ebf02f034395f6ce4d8ba55fa7e12e.jpg,400,400,baseball diamond,165,87,213,133
614_jpg.rf.3cb6d8cecc52d07f3c55ae07ec064208.jpg,400,400,baseball diamond,284,59,324,113
614_jpg.rf.3cb6d8cecc52d07f3c55ae07ec064208.jpg,400,400,baseball diamond,364,84,392,119
614_jpg.rf.3cb6d8cecc52d07f3c55ae07ec064208.jpg,400,400,baseball diamond,145,56,173,94
614_jpg.rf.3cb6d8cecc52d07f3c55ae07ec064208.jpg,400,400,ground track field,100,102,179,312
209_jpg.rf.198fead6a366e216d36b016aaf9dbafa.jpg,400,400,ground track field,92,38,234,239
209_jpg.rf.198fead6a366e216d36b016aaf9dbafa.jpg,400,400,tennis court,224,240,253,271
318_jpg.rf.e0a1277585997f4ca634ef07eb2d4b90.jpg,400,400,storage tank,147,138,170,178
318_jpg.rf.e0a1277585997f4ca634ef07eb2d4b90.jpg,400,400,storage tank,169,157,188,189
318_jpg.rf.e0a1277585997f4ca634ef07eb2d4b90.jpg,400,400,storage tank,190,171,209,202
318_jpg.rf.e0a1277585997f4ca634ef07eb2d4b90.jpg,400,400,storage tank,218,185,237,217
318_jpg.rf.e0a1277585997f4ca634ef07eb2d4b90.jpg,400,400,storage tank,228,140,248,174
318_jpg.rf.e0a1277585997f4ca634ef07eb2d4b90.jpg,400,400,storage tank,261,162,280,193
318_jpg.rf.e0a1277585997f4ca634ef07eb2d4b90.jpg,400,400,storage tank,267,191,281,214
318_jpg.rf.e0a1277585997f4ca634ef07eb2d4b90.jpg,400,400,storage tank,250,206,270,236
318_jpg.rf.e0a1277585997f4ca634ef07eb2d4b90.jpg,400,400,storage tank,257,272,274,299
318_jpg.rf.e0a1277585997f4ca634ef07eb2d4b90.jpg,400,400,storage tank,227,306,240,327
318_jpg.rf.e0a1277585997f4ca634ef07eb2d4b90.jpg,400,400,storage tank,207,231,228,262
318_jpg.rf.e0a1277585997f4ca634ef07eb2d4b90.jpg,400,400,storage tank,198,276,217,307
318_jpg.rf.e0a1277585997f4ca634ef07eb2d4b90.jpg,400,400,storage tank,179,216,198,246
318_jpg.rf.e0a1277585997f4ca634ef07eb2d4b90.jpg,400,400,storage tank,169,259,188,291
318_jpg.rf.e0a1277585997f4ca634ef07eb2d4b90.jpg,400,400,storage tank,149,187,174,227
318_jpg.rf.e0a1277585997f4ca634ef07eb2d4b90.jpg,400,400,storage tank,144,227,164,261
318_jpg.rf.e0a1277585997f4ca634ef07eb2d4b90.jpg,400,400,storage tank,137,260,157,293
318_jpg.rf.e0a1277585997f4ca634ef07eb2d4b90.jpg,400,400,storage tank,130,181,149,213
318_jpg.rf.e0a1277585997f4ca634ef07eb2d4b90.jpg,400,400,storage tank,123,211,142,241
502_jpg.rf.28e313ebc90d25d65083cdd65a1d4f05.jpg,400,400,ship,165,45,177,97
502_jpg.rf.28e313ebc90d25d65083cdd65a1d4f05.jpg,400,400,ship,244,147,270,195
502_jpg.rf.28e313ebc90d25d65083cdd65a1d4f05.jpg,400,400,ship,162,280,195,350
553_jpg.rf.9f21fe953133980b1557628d844b2b18.jpg,400,400,bridge,151,34,265,135
553_jpg.rf.9f21fe953133980b1557628d844b2b18.jpg,400,400,bridge,141,234,240,327
635_jpg.rf.9fb673ae600228543baa81bf8b48ba9d.jpg,400,400,baseball diamond,243,41,309,132
635_jpg.rf.9fb673ae600228543baa81bf8b48ba9d.jpg,400,400,basketball court,105,198,137,264
635_jpg.rf.9fb673ae600228543baa81bf8b48ba9d.jpg,400,400,basketball court,84,207,109,267
125_jpg.rf.63570c8648acf89d1e556622ca353737.jpg,400,400,baseball diamond,102,253,166,293
125_jpg.rf.63570c8648acf89d1e556622ca353737.jpg,400,400,baseball diamond,189,167,249,207
565_jpg.rf.2b660497c332e5ab8328847870fb1977.jpg,400,400,basketball court,172,159,237,195
565_jpg.rf.2b660497c332e5ab8328847870fb1977.jpg,400,400,basketball court,156,190,220,226
272_jpg.rf.ce89156b14b1d2d093e8e3d663f1b104.jpg,400,400,harbor,340,32,386,121
272_jpg.rf.ce89156b14b1d2d093e8e3d663f1b104.jpg,400,400,harbor,306,54,358,150
272_jpg.rf.ce89156b14b1d2d093e8e3d663f1b104.jpg,400,400,harbor,269,81,325,183
272_jpg.rf.ce89156b14b1d2d093e8e3d663f1b104.jpg,400,400,harbor,230,117,277,213
272_jpg.rf.ce89156b14b1d2d093e8e3d663f1b104.jpg,400,400,harbor,209,159,255,254
583_jpg.rf.caa002fd9b09b3526c916cd3508d1712.jpg,400,400,bridge,269,142,331,224
583_jpg.rf.caa002fd9b09b3526c916cd3508d1712.jpg,400,400,bridge,113,143,165,197
604_jpg.rf.4de6077c0812adef602a069a9f1260d5.jpg,400,400,basketball court,141,202,169,250
604_jpg.rf.4de6077c0812adef602a069a9f1260d5.jpg,400,400,basketball court,165,201,193,251
604_jpg.rf.4de6077c0812adef602a069a9f1260d5.jpg,400,400,bridge,10,219,60,248
604_jpg.rf.4de6077c0812adef602a069a9f1260d5.jpg,400,400,bridge,25,50,78,64
572_jpg.rf.42602de3ac87b8ece7f6f4f9650027d7.jpg,400,400,baseball diamond,89,246,119,296
572_jpg.rf.42602de3ac87b8ece7f6f4f9650027d7.jpg,400,400,baseball diamond,162,182,206,242
572_jpg.rf.42602de3ac87b8ece7f6f4f9650027d7.jpg,400,400,ground track field,214,93,341,224
002_jpg.rf.2af00101583e5a2eadd7c0e225a6b86c.jpg,400,400,airplane,133,56,159,80
002_jpg.rf.2af00101583e5a2eadd7c0e225a6b86c.jpg,400,400,airplane,345,151,371,183
002_jpg.rf.2af00101583e5a2eadd7c0e225a6b86c.jpg,400,400,airplane,286,157,312,191
002_jpg.rf.2af00101583e5a2eadd7c0e225a6b86c.jpg,400,400,airplane,256,185,272,208
002_jpg.rf.2af00101583e5a2eadd7c0e225a6b86c.jpg,400,400,airplane,175,263,212,313
002_jpg.rf.2af00101583e5a2eadd7c0e225a6b86c.jpg,400,400,airplane,137,300,171,350
002_jpg.rf.2af00101583e5a2eadd7c0e225a6b86c.jpg,400,400,airplane,98,338,135,392
328_jpg.rf.b8ec81c53ffcfd8555837a24f2afbdb8.jpg,400,400,tennis court,320,285,347,328
328_jpg.rf.b8ec81c53ffcfd8555837a24f2afbdb8.jpg,400,400,tennis court,288,286,314,330
328_jpg.rf.b8ec81c53ffcfd8555837a24f2afbdb8.jpg,400,400,tennis court,260,287,284,332
328_jpg.rf.b8ec81c53ffcfd8555837a24f2afbdb8.jpg,400,400,tennis court,225,289,252,335
328_jpg.rf.b8ec81c53ffcfd8555837a24f2afbdb8.jpg,400,400,tennis court,325,225,349,267
328_jpg.rf.b8ec81c53ffcfd8555837a24f2afbdb8.jpg,400,400,tennis court,292,223,318,268
328_jpg.rf.b8ec81c53ffcfd8555837a24f2afbdb8.jpg,400,400,tennis court,261,222,289,269
328_jpg.rf.b8ec81c53ffcfd8555837a24f2afbdb8.jpg,400,400,tennis court,227,221,258,269
328_jpg.rf.b8ec81c53ffcfd8555837a24f2afbdb8.jpg,400,400,tennis court,327,163,352,207
328_jpg.rf.b8ec81c53ffcfd8555837a24f2afbdb8.jpg,400,400,tennis court,298,160,323,206
328_jpg.rf.b8ec81c53ffcfd8555837a24f2afbdb8.jpg,400,400,tennis court,263,159,292,205
328_jpg.rf.b8ec81c53ffcfd8555837a24f2afbdb8.jpg,400,400,tennis court,233,158,261,204
328_jpg.rf.b8ec81c53ffcfd8555837a24f2afbdb8.jpg,400,400,tennis court,328,102,354,147
328_jpg.rf.b8ec81c53ffcfd8555837a24f2afbdb8.jpg,400,400,tennis court,300,99,325,145
328_jpg.rf.b8ec81c53ffcfd8555837a24f2afbdb8.jpg,400,400,tennis court,268,94,296,142
328_jpg.rf.b8ec81c53ffcfd8555837a24f2afbdb8.jpg,400,400,tennis court,236,91,266,139
018_jpg.rf.dadfc74e41e0256e1f43999f3551b69b.jpg,400,400,airplane,44,208,114,263
018_jpg.rf.dadfc74e41e0256e1f43999f3551b69b.jpg,400,400,airplane,51,268,128,322
018_jpg.rf.dadfc74e41e0256e1f43999f3551b69b.jpg,400,400,airplane,66,333,135,385
018_jpg.rf.dadfc74e41e0256e1f43999f3551b69b.jpg,400,400,airplane,169,132,253,189
018_jpg.rf.dadfc74e41e0256e1f43999f3551b69b.jpg,400,400,airplane,283,14,343,61
429_jpg.rf.ab300e0696b27f7939406e0f06573b2b.jpg,400,400,vehicle,235,329,253,351
429_jpg.rf.ab300e0696b27f7939406e0f06573b2b.jpg,400,400,vehicle,303,192,323,213
429_jpg.rf.ab300e0696b27f7939406e0f06573b2b.jpg,400,400,vehicle,340,128,349,158
429_jpg.rf.ab300e0696b27f7939406e0f06573b2b.jpg,400,400,vehicle,350,116,360,146
429_jpg.rf.ab300e0696b27f7939406e0f06573b2b.jpg,400,400,vehicle,362,99,372,132
429_jpg.rf.ab300e0696b27f7939406e0f06573b2b.jpg,400,400,vehicle,350,32,366,63
429_jpg.rf.ab300e0696b27f7939406e0f06573b2b.jpg,400,400,vehicle,326,78,347,93
429_jpg.rf.ab300e0696b27f7939406e0f06573b2b.jpg,400,400,vehicle,260,174,282,189
429_jpg.rf.ab300e0696b27f7939406e0f06573b2b.jpg,400,400,vehicle,238,204,260,220
429_jpg.rf.ab300e0696b27f7939406e0f06573b2b.jpg,400,400,vehicle,227,219,247,233
429_jpg.rf.ab300e0696b27f7939406e0f06573b2b.jpg,400,400,vehicle,252,58,266,86
429_jpg.rf.ab300e0696b27f7939406e0f06573b2b.jpg,400,400,vehicle,243,68,258,95
429_jpg.rf.ab300e0696b27f7939406e0f06573b2b.jpg,400,400,vehicle,225,84,240,113
429_jpg.rf.ab300e0696b27f7939406e0f06573b2b.jpg,400,400,vehicle,220,95,233,121
429_jpg.rf.ab300e0696b27f7939406e0f06573b2b.jpg,400,400,vehicle,210,103,225,131
429_jpg.rf.ab300e0696b27f7939406e0f06573b2b.jpg,400,400,vehicle,202,111,217,141
429_jpg.rf.ab300e0696b27f7939406e0f06573b2b.jpg,400,400,vehicle,195,125,210,150
429_jpg.rf.ab300e0696b27f7939406e0f06573b2b.jpg,400,400,vehicle,185,165,201,189
429_jpg.rf.ab300e0696b27f7939406e0f06573b2b.jpg,400,400,vehicle,188,180,203,201
429_jpg.rf.ab300e0696b27f7939406e0f06573b2b.jpg,400,400,vehicle,196,191,212,214
429_jpg.rf.ab300e0696b27f7939406e0f06573b2b.jpg,400,400,vehicle,207,205,217,235
429_jpg.rf.ab300e0696b27f7939406e0f06573b2b.jpg,400,400,vehicle,219,203,228,228
429_jpg.rf.ab300e0696b27f7939406e0f06573b2b.jpg,400,400,vehicle,227,185,237,216
429_jpg.rf.ab300e0696b27f7939406e0f06573b2b.jpg,400,400,vehicle,186,223,203,248
429_jpg.rf.ab300e0696b27f7939406e0f06573b2b.jpg,400,400,vehicle,179,208,195,230
429_jpg.rf.ab300e0696b27f7939406e0f06573b2b.jpg,400,400,vehicle,169,198,188,225
429_jpg.rf.ab300e0696b27f7939406e0f06573b2b.jpg,400,400,vehicle,163,186,181,212
429_jpg.rf.ab300e0696b27f7939406e0f06573b2b.jpg,400,400,vehicle,155,174,176,199
429_jpg.rf.ab300e0696b27f7939406e0f06573b2b.jpg,400,400,vehicle,150,161,170,182
429_jpg.rf.ab300e0696b27f7939406e0f06573b2b.jpg,400,400,vehicle,148,144,165,166
429_jpg.rf.ab300e0696b27f7939406e0f06573b2b.jpg,400,400,vehicle,145,129,161,146
429_jpg.rf.ab300e0696b27f7939406e0f06573b2b.jpg,400,400,vehicle,139,112,159,131
429_jpg.rf.ab300e0696b27f7939406e0f06573b2b.jpg,400,400,vehicle,131,189,152,208
429_jpg.rf.ab300e0696b27f7939406e0f06573b2b.jpg,400,400,vehicle,130,214,145,235
429_jpg.rf.ab300e0696b27f7939406e0f06573b2b.jpg,400,400,vehicle,147,231,171,262
429_jpg.rf.ab300e0696b27f7939406e0f06573b2b.jpg,400,400,vehicle,164,115,179,142
429_jpg.rf.ab300e0696b27f7939406e0f06573b2b.jpg,400,400,vehicle,174,104,189,131
429_jpg.rf.ab300e0696b27f7939406e0f06573b2b.jpg,400,400,vehicle,191,89,205,114
429_jpg.rf.ab300e0696b27f7939406e0f06573b2b.jpg,400,400,vehicle,199,80,212,104
429_jpg.rf.ab300e0696b27f7939406e0f06573b2b.jpg,400,400,vehicle,205,66,220,97
429_jpg.rf.ab300e0696b27f7939406e0f06573b2b.jpg,400,400,vehicle,214,62,229,89
429_jpg.rf.ab300e0696b27f7939406e0f06573b2b.jpg,400,400,vehicle,222,49,237,79
429_jpg.rf.ab300e0696b27f7939406e0f06573b2b.jpg,400,400,vehicle,203,28,219,57
429_jpg.rf.ab300e0696b27f7939406e0f06573b2b.jpg,400,400,vehicle,187,51,200,76
429_jpg.rf.ab300e0696b27f7939406e0f06573b2b.jpg,400,400,vehicle,178,59,191,84
429_jpg.rf.ab300e0696b27f7939406e0f06573b2b.jpg,400,400,vehicle,160,74,174,102
429_jpg.rf.ab300e0696b27f7939406e0f06573b2b.jpg,400,400,vehicle,150,81,165,111
429_jpg.rf.ab300e0696b27f7939406e0f06573b2b.jpg,400,400,vehicle,46,219,57,254
429_jpg.rf.ab300e0696b27f7939406e0f06573b2b.jpg,400,400,vehicle,75,235,86,260
429_jpg.rf.ab300e0696b27f7939406e0f06573b2b.jpg,400,400,vehicle,173,258,191,286
429_jpg.rf.ab300e0696b27f7939406e0f06573b2b.jpg,400,400,vehicle,195,252,214,264
429_jpg.rf.ab300e0696b27f7939406e0f06573b2b.jpg,400,400,vehicle,215,252,233,264
429_jpg.rf.ab300e0696b27f7939406e0f06573b2b.jpg,400,400,vehicle,225,237,242,249
429_jpg.rf.ab300e0696b27f7939406e0f06573b2b.jpg,400,400,vehicle,184,372,200,398
429_jpg.rf.ab300e0696b27f7939406e0f06573b2b.jpg,400,400,vehicle,238,179,247,201
429_jpg.rf.ab300e0696b27f7939406e0f06573b2b.jpg,400,400,vehicle,250,164,259,188
429_jpg.rf.ab300e0696b27f7939406e0f06573b2b.jpg,400,400,vehicle,251,191,271,205
429_jpg.rf.ab300e0696b27f7939406e0f06573b2b.jpg,400,400,vehicle,270,129,280,154
429_jpg.rf.ab300e0696b27f7939406e0f06573b2b.jpg,400,400,vehicle,271,160,291,173
429_jpg.rf.ab300e0696b27f7939406e0f06573b2b.jpg,400,400,vehicle,211,21,226,43
429_jpg.rf.ab300e0696b27f7939406e0f06573b2b.jpg,400,400,vehicle,222,15,235,38
429_jpg.rf.ab300e0696b27f7939406e0f06573b2b.jpg,400,400,vehicle,232,42,245,65
429_jpg.rf.ab300e0696b27f7939406e0f06573b2b.jpg,400,400,vehicle,337,63,356,79
429_jpg.rf.ab300e0696b27f7939406e0f06573b2b.jpg,400,400,vehicle,313,94,334,108
429_jpg.rf.ab300e0696b27f7939406e0f06573b2b.jpg,400,400,vehicle,293,347,310,377
429_jpg.rf.ab300e0696b27f7939406e0f06573b2b.jpg,400,400,vehicle,177,143,194,167
429_jpg.rf.ab300e0696b27f7939406e0f06573b2b.jpg,400,400,vehicle,187,136,201,158
148_jpg.rf.705eedf6561e524f68b59bc39bf17597.jpg,400,400,basketball court,208,171,291,215
148_jpg.rf.705eedf6561e524f68b59bc39bf17597.jpg,400,400,tennis court,227,81,305,112
148_jpg.rf.705eedf6561e524f68b59bc39bf17597.jpg,400,400,tennis court,227,117,306,147
410_jpg.rf.0c7648f490b221b0d609989cfda748bf.jpg,400,400,vehicle,226,104,258,147
410_jpg.rf.0c7648f490b221b0d609989cfda748bf.jpg,400,400,vehicle,154,12,182,55
242_jpg.rf.4950018e5c2ada3af6e80346bfa352b4.jpg,400,400,ground track field,80,170,176,302
242_jpg.rf.4950018e5c2ada3af6e80346bfa352b4.jpg,400,400,baseball diamond,186,210,222,250
242_jpg.rf.4950018e5c2ada3af6e80346bfa352b4.jpg,400,400,baseball diamond,306,274,344,316
060_jpg.rf.2c45ebe40bc1208cbf29494ec9d7ffdb.jpg,400,400,airplane,35,57,75,94
060_jpg.rf.2c45ebe40bc1208cbf29494ec9d7ffdb.jpg,400,400,airplane,223,345,252,369
330_jpg.rf.b02db8bba97e5604053a57697303561e.jpg,400,400,tennis court,291,66,317,94
330_jpg.rf.b02db8bba97e5604053a57697303561e.jpg,400,400,tennis court,307,61,331,90
330_jpg.rf.b02db8bba97e5604053a57697303561e.jpg,400,400,tennis court,306,100,333,127
330_jpg.rf.b02db8bba97e5604053a57697303561e.jpg,400,400,tennis court,321,94,346,122
330_jpg.rf.b02db8bba97e5604053a57697303561e.jpg,400,400,tennis court,335,87,361,117
330_jpg.rf.b02db8bba97e5604053a57697303561e.jpg,400,400,tennis court,349,82,376,112
305_jpg.rf.8b1bed1e5d5b311f625203e5c3413aaf.jpg,400,400,ship,256,178,272,219
305_jpg.rf.8b1bed1e5d5b311f625203e5c3413aaf.jpg,400,400,ship,318,256,334,294
305_jpg.rf.8b1bed1e5d5b311f625203e5c3413aaf.jpg,400,400,ship,305,131,323,171
305_jpg.rf.8b1bed1e5d5b311f625203e5c3413aaf.jpg,400,400,storage tank,244,110,262,136
305_jpg.rf.8b1bed1e5d5b311f625203e5c3413aaf.jpg,400,400,storage tank,232,89,250,115
305_jpg.rf.8b1bed1e5d5b311f625203e5c3413aaf.jpg,400,400,storage tank,270,84,288,110
305_jpg.rf.8b1bed1e5d5b311f625203e5c3413aaf.jpg,400,400,storage tank,259,62,276,89
305_jpg.rf.8b1bed1e5d5b311f625203e5c3413aaf.jpg,400,400,storage tank,288,61,306,87
305_jpg.rf.8b1bed1e5d5b311f625203e5c3413aaf.jpg,400,400,storage tank,276,40,293,66
305_jpg.rf.8b1bed1e5d5b311f625203e5c3413aaf.jpg,400,400,storage tank,171,22,189,48
305_jpg.rf.8b1bed1e5d5b311f625203e5c3413aaf.jpg,400,400,storage tank,194,21,212,45
094_jpg.rf.fb84a1c33f0e8e0a213b7aa49b7ba5c5.jpg,400,400,baseball diamond,297,111,359,151
094_jpg.rf.fb84a1c33f0e8e0a213b7aa49b7ba5c5.jpg,400,400,baseball diamond,81,102,145,143
094_jpg.rf.fb84a1c33f0e8e0a213b7aa49b7ba5c5.jpg,400,400,tennis court,346,20,386,39
094_jpg.rf.fb84a1c33f0e8e0a213b7aa49b7ba5c5.jpg,400,400,tennis court,302,20,344,39
094_jpg.rf.fb84a1c33f0e8e0a213b7aa49b7ba5c5.jpg,400,400,tennis court,259,23,301,40
094_jpg.rf.fb84a1c33f0e8e0a213b7aa49b7ba5c5.jpg,400,400,tennis court,214,25,256,41
091_jpg.rf.1ab4c58c9fd3b651d3fa90929c7034dc.jpg,400,400,baseball diamond,122,191,188,235
099_jpg.rf.b0bee934009b23aafbcb015c96bf8cfb.jpg,400,400,baseball diamond,72,89,104,139
099_jpg.rf.b0bee934009b23aafbcb015c96bf8cfb.jpg,400,400,baseball diamond,202,170,234,220
099_jpg.rf.b0bee934009b23aafbcb015c96bf8cfb.jpg,400,400,baseball diamond,176,51,206,97
099_jpg.rf.b0bee934009b23aafbcb015c96bf8cfb.jpg,400,400,baseball diamond,278,34,307,79
099_jpg.rf.b0bee934009b23aafbcb015c96bf8cfb.jpg,400,400,basketball court,184,246,239,328
265_jpg.rf.1547c6f2cc7263f939c2888e5339f785.jpg,400,400,ground track field,22,86,172,365
540_jpg.rf.339e55ab18821901c9514e031001a6e9.jpg,400,400,bridge,28,77,72,191
540_jpg.rf.339e55ab18821901c9514e031001a6e9.jpg,400,400,bridge,336,96,380,191
067_jpg.rf.fdf761afe1b5e06367a6c2c5555d25a5.jpg,400,400,airplane,84,353,119,395
067_jpg.rf.fdf761afe1b5e06367a6c2c5555d25a5.jpg,400,400,storage tank,198,51,217,75
067_jpg.rf.fdf761afe1b5e06367a6c2c5555d25a5.jpg,400,400,storage tank,207,80,226,105
067_jpg.rf.fdf761afe1b5e06367a6c2c5555d25a5.jpg,400,400,storage tank,220,38,240,63
067_jpg.rf.fdf761afe1b5e06367a6c2c5555d25a5.jpg,400,400,storage tank,231,66,250,93
067_jpg.rf.fdf761afe1b5e06367a6c2c5555d25a5.jpg,400,400,storage tank,245,27,263,50
067_jpg.rf.fdf761afe1b5e06367a6c2c5555d25a5.jpg,400,400,storage tank,255,56,273,80
067_jpg.rf.fdf761afe1b5e06367a6c2c5555d25a5.jpg,400,400,storage tank,268,15,287,38
067_jpg.rf.fdf761afe1b5e06367a6c2c5555d25a5.jpg,400,400,storage tank,277,44,296,69
507_jpg.rf.ed98765395976fc07b10d4f60663e66e.jpg,400,400,ship,36,82,51,119
507_jpg.rf.ed98765395976fc07b10d4f60663e66e.jpg,400,400,ship,37,193,63,221
507_jpg.rf.ed98765395976fc07b10d4f60663e66e.jpg,400,400,ship,102,57,124,85
507_jpg.rf.ed98765395976fc07b10d4f60663e66e.jpg,400,400,ship,122,263,137,294
507_jpg.rf.ed98765395976fc07b10d4f60663e66e.jpg,400,400,ship,79,343,102,389
507_jpg.rf.ed98765395976fc07b10d4f60663e66e.jpg,400,400,ship,140,50,152,90
507_jpg.rf.ed98765395976fc07b10d4f60663e66e.jpg,400,400,ship,177,139,187,183
507_jpg.rf.ed98765395976fc07b10d4f60663e66e.jpg,400,400,ship,208,10,228,46
507_jpg.rf.ed98765395976fc07b10d4f60663e66e.jpg,400,400,ship,234,83,248,122
030_jpg.rf.1aa3e6597959e9a1b5e7a5ee727938be.jpg,400,400,airplane,36,116,60,152
030_jpg.rf.1aa3e6597959e9a1b5e7a5ee727938be.jpg,400,400,airplane,74,118,93,154
030_jpg.rf.1aa3e6597959e9a1b5e7a5ee727938be.jpg,400,400,airplane,101,119,124,154
030_jpg.rf.1aa3e6597959e9a1b5e7a5ee727938be.jpg,400,400,airplane,156,120,176,151
030_jpg.rf.1aa3e6597959e9a1b5e7a5ee727938be.jpg,400,400,airplane,218,120,242,154
030_jpg.rf.1aa3e6597959e9a1b5e7a5ee727938be.jpg,400,400,airplane,246,121,271,156
030_jpg.rf.1aa3e6597959e9a1b5e7a5ee727938be.jpg,400,400,airplane,301,120,323,152
030_jpg.rf.1aa3e6597959e9a1b5e7a5ee727938be.jpg,400,400,airplane,23,228,47,266
030_jpg.rf.1aa3e6597959e9a1b5e7a5ee727938be.jpg,400,400,airplane,85,227,110,265
030_jpg.rf.1aa3e6597959e9a1b5e7a5ee727938be.jpg,400,400,airplane,219,247,244,292
030_jpg.rf.1aa3e6597959e9a1b5e7a5ee727938be.jpg,400,400,airplane,255,237,273,277
030_jpg.rf.1aa3e6597959e9a1b5e7a5ee727938be.jpg,400,400,airplane,287,231,306,273
030_jpg.rf.1aa3e6597959e9a1b5e7a5ee727938be.jpg,400,400,airplane,357,226,380,268
326_jpg.rf.71af94387dfdce4fe6559797c47d0072.jpg,400,400,storage tank,343,288,373,308
326_jpg.rf.71af94387dfdce4fe6559797c47d0072.jpg,400,400,storage tank,343,265,373,282
326_jpg.rf.71af94387dfdce4fe6559797c47d0072.jpg,400,400,storage tank,343,243,374,261
326_jpg.rf.71af94387dfdce4fe6559797c47d0072.jpg,400,400,storage tank,344,227,374,245
326_jpg.rf.71af94387dfdce4fe6559797c47d0072.jpg,400,400,storage tank,346,212,374,228
326_jpg.rf.71af94387dfdce4fe6559797c47d0072.jpg,400,400,storage tank,289,239,319,257
326_jpg.rf.71af94387dfdce4fe6559797c47d0072.jpg,400,400,storage tank,289,213,317,233
326_jpg.rf.71af94387dfdce4fe6559797c47d0072.jpg,400,400,storage tank,251,263,279,282
326_jpg.rf.71af94387dfdce4fe6559797c47d0072.jpg,400,400,storage tank,253,213,281,232
326_jpg.rf.71af94387dfdce4fe6559797c47d0072.jpg,400,400,storage tank,250,238,282,257
326_jpg.rf.71af94387dfdce4fe6559797c47d0072.jpg,400,400,storage tank,213,289,243,305
326_jpg.rf.71af94387dfdce4fe6559797c47d0072.jpg,400,400,storage tank,214,273,242,290
326_jpg.rf.71af94387dfdce4fe6559797c47d0072.jpg,400,400,storage tank,213,259,241,276
326_jpg.rf.71af94387dfdce4fe6559797c47d0072.jpg,400,400,storage tank,214,230,245,250
326_jpg.rf.71af94387dfdce4fe6559797c47d0072.jpg,400,400,storage tank,214,209,244,229
326_jpg.rf.71af94387dfdce4fe6559797c47d0072.jpg,400,400,storage tank,185,283,205,295
326_jpg.rf.71af94387dfdce4fe6559797c47d0072.jpg,400,400,storage tank,167,283,189,295
326_jpg.rf.71af94387dfdce4fe6559797c47d0072.jpg,400,400,storage tank,185,269,205,282
326_jpg.rf.71af94387dfdce4fe6559797c47d0072.jpg,400,400,storage tank,168,270,188,282
326_jpg.rf.71af94387dfdce4fe6559797c47d0072.jpg,400,400,storage tank,185,255,205,268
326_jpg.rf.71af94387dfdce4fe6559797c47d0072.jpg,400,400,storage tank,167,255,189,269
326_jpg.rf.71af94387dfdce4fe6559797c47d0072.jpg,400,400,storage tank,172,232,204,252
326_jpg.rf.71af94387dfdce4fe6559797c47d0072.jpg,400,400,storage tank,169,210,202,230
326_jpg.rf.71af94387dfdce4fe6559797c47d0072.jpg,400,400,storage tank,126,255,160,277
326_jpg.rf.71af94387dfdce4fe6559797c47d0072.jpg,400,400,storage tank,87,254,120,274
326_jpg.rf.71af94387dfdce4fe6559797c47d0072.jpg,400,400,storage tank,126,231,160,251
326_jpg.rf.71af94387dfdce4fe6559797c47d0072.jpg,400,400,storage tank,86,230,120,250
326_jpg.rf.71af94387dfdce4fe6559797c47d0072.jpg,400,400,storage tank,129,210,160,230
326_jpg.rf.71af94387dfdce4fe6559797c47d0072.jpg,400,400,storage tank,88,209,120,229
326_jpg.rf.71af94387dfdce4fe6559797c47d0072.jpg,400,400,ship,81,290,145,309
326_jpg.rf.71af94387dfdce4fe6559797c47d0072.jpg,400,400,ship,30,224,46,258
392_jpg.rf.3a1100dfd919b851ef646bc3463a7708.jpg,400,400,vehicle,368,237,390,263
392_jpg.rf.3a1100dfd919b851ef646bc3463a7708.jpg,400,400,vehicle,354,205,377,229
392_jpg.rf.3a1100dfd919b851ef646bc3463a7708.jpg,400,400,vehicle,207,177,240,194
392_jpg.rf.3a1100dfd919b851ef646bc3463a7708.jpg,400,400,vehicle,101,200,142,218
392_jpg.rf.3a1100dfd919b851ef646bc3463a7708.jpg,400,400,vehicle,290,215,315,243
338_jpg.rf.18936a2dab3759fab123c7fb9ab6b897.jpg,400,400,tennis court,45,59,84,116
338_jpg.rf.18936a2dab3759fab123c7fb9ab6b897.jpg,400,400,tennis court,65,74,104,136
338_jpg.rf.18936a2dab3759fab123c7fb9ab6b897.jpg,400,400,tennis court,87,100,127,161
338_jpg.rf.18936a2dab3759fab123c7fb9ab6b897.jpg,400,400,tennis court,134,156,172,212
338_jpg.rf.18936a2dab3759fab123c7fb9ab6b897.jpg,400,400,tennis court,151,175,189,227
338_jpg.rf.18936a2dab3759fab123c7fb9ab6b897.jpg,400,400,tennis court,169,195,208,247
338_jpg.rf.18936a2dab3759fab123c7fb9ab6b897.jpg,400,400,tennis court,212,234,249,282
338_jpg.rf.18936a2dab3759fab123c7fb9ab6b897.jpg,400,400,tennis court,229,249,267,299
338_jpg.rf.18936a2dab3759fab123c7fb9ab6b897.jpg,400,400,tennis court,245,263,283,319
338_jpg.rf.18936a2dab3759fab123c7fb9ab6b897.jpg,400,400,tennis court,261,284,297,330
338_jpg.rf.18936a2dab3759fab123c7fb9ab6b897.jpg,400,400,tennis court,284,310,320,352
338_jpg.rf.18936a2dab3759fab123c7fb9ab6b897.jpg,400,400,tennis court,300,326,336,368
142_jpg.rf.ca0f220a05c093d924af46c53dae5c7f.jpg,400,400,basketball court,52,120,122,200
142_jpg.rf.ca0f220a05c093d924af46c53dae5c7f.jpg,400,400,basketball court,38,59,104,141
142_jpg.rf.ca0f220a05c093d924af46c53dae5c7f.jpg,400,400,tennis court,76,214,110,286
142_jpg.rf.ca0f220a05c093d924af46c53dae5c7f.jpg,400,400,tennis court,107,202,137,276
326_jpg.rf.6e8d8f022582059f8730a10fd37d0762.jpg,400,400,storage tank,92,28,112,58
326_jpg.rf.6e8d8f022582059f8730a10fd37d0762.jpg,400,400,storage tank,119,28,136,58
326_jpg.rf.6e8d8f022582059f8730a10fd37d0762.jpg,400,400,storage tank,140,27,158,58
326_jpg.rf.6e8d8f022582059f8730a10fd37d0762.jpg,400,400,storage tank,155,27,174,57
326_jpg.rf.6e8d8f022582059f8730a10fd37d0762.jpg,400,400,storage tank,173,26,189,54
326_jpg.rf.6e8d8f022582059f8730a10fd37d0762.jpg,400,400,storage tank,144,82,162,111
326_jpg.rf.6e8d8f022582059f8730a10fd37d0762.jpg,400,400,storage tank,167,83,187,111
326_jpg.rf.6e8d8f022582059f8730a10fd37d0762.jpg,400,400,storage tank,118,121,137,149
326_jpg.rf.6e8d8f022582059f8730a10fd37d0762.jpg,400,400,storage tank,169,120,188,148
326_jpg.rf.6e8d8f022582059f8730a10fd37d0762.jpg,400,400,storage tank,143,118,162,150
326_jpg.rf.6e8d8f022582059f8730a10fd37d0762.jpg,400,400,storage tank,95,157,112,188
326_jpg.rf.6e8d8f022582059f8730a10fd37d0762.jpg,400,400,storage tank,110,158,127,186
326_jpg.rf.6e8d8f022582059f8730a10fd37d0762.jpg,400,400,storage tank,125,159,142,187
326_jpg.rf.6e8d8f022582059f8730a10fd37d0762.jpg,400,400,storage tank,150,156,170,187
326_jpg.rf.6e8d8f022582059f8730a10fd37d0762.jpg,400,400,storage tank,172,156,191,186
326_jpg.rf.6e8d8f022582059f8730a10fd37d0762.jpg,400,400,storage tank,105,195,117,215
326_jpg.rf.6e8d8f022582059f8730a10fd37d0762.jpg,400,400,storage tank,105,212,117,233
326_jpg.rf.6e8d8f022582059f8730a10fd37d0762.jpg,400,400,storage tank,118,196,131,215
326_jpg.rf.6e8d8f022582059f8730a10fd37d0762.jpg,400,400,storage tank,118,212,131,232
326_jpg.rf.6e8d8f022582059f8730a10fd37d0762.jpg,400,400,storage tank,133,195,146,215
326_jpg.rf.6e8d8f022582059f8730a10fd37d0762.jpg,400,400,storage tank,131,211,145,233
326_jpg.rf.6e8d8f022582059f8730a10fd37d0762.jpg,400,400,storage tank,148,196,168,229
326_jpg.rf.6e8d8f022582059f8730a10fd37d0762.jpg,400,400,storage tank,170,198,190,231
326_jpg.rf.6e8d8f022582059f8730a10fd37d0762.jpg,400,400,storage tank,124,241,145,275
326_jpg.rf.6e8d8f022582059f8730a10fd37d0762.jpg,400,400,storage tank,126,281,146,314
326_jpg.rf.6e8d8f022582059f8730a10fd37d0762.jpg,400,400,storage tank,150,240,170,274
326_jpg.rf.6e8d8f022582059f8730a10fd37d0762.jpg,400,400,storage tank,150,281,170,315
326_jpg.rf.6e8d8f022582059f8730a10fd37d0762.jpg,400,400,storage tank,170,241,190,272
326_jpg.rf.6e8d8f022582059f8730a10fd37d0762.jpg,400,400,storage tank,172,280,192,313
326_jpg.rf.6e8d8f022582059f8730a10fd37d0762.jpg,400,400,ship,92,256,111,320
326_jpg.rf.6e8d8f022582059f8730a10fd37d0762.jpg,400,400,ship,142,354,177,371
640_jpg.rf.55c4e3dc28d6b0407b23927f372c8963.jpg,400,400,tennis court,129,294,147,338
640_jpg.rf.55c4e3dc28d6b0407b23927f372c8963.jpg,400,400,tennis court,150,294,167,336
640_jpg.rf.55c4e3dc28d6b0407b23927f372c8963.jpg,400,400,tennis court,169,293,186,336
640_jpg.rf.55c4e3dc28d6b0407b23927f372c8963.jpg,400,400,tennis court,188,290,207,335
640_jpg.rf.55c4e3dc28d6b0407b23927f372c8963.jpg,400,400,tennis court,144,226,162,274
640_jpg.rf.55c4e3dc28d6b0407b23927f372c8963.jpg,400,400,tennis court,165,226,183,274
640_jpg.rf.55c4e3dc28d6b0407b23927f372c8963.jpg,400,400,tennis court,186,223,205,272
640_jpg.rf.55c4e3dc28d6b0407b23927f372c8963.jpg,400,400,tennis court,207,223,225,272
640_jpg.rf.55c4e3dc28d6b0407b23927f372c8963.jpg,400,400,tennis court,226,220,246,270
640_jpg.rf.55c4e3dc28d6b0407b23927f372c8963.jpg,400,400,tennis court,154,150,174,202
640_jpg.rf.55c4e3dc28d6b0407b23927f372c8963.jpg,400,400,tennis court,174,148,194,201
640_jpg.rf.55c4e3dc28d6b0407b23927f372c8963.jpg,400,400,tennis court,193,148,213,201
640_jpg.rf.55c4e3dc28d6b0407b23927f372c8963.jpg,400,400,basketball court,221,168,267,208
387_jpg.rf.b1b140c8265706a9691ab0e3b820f1bd.jpg,400,400,vehicle,44,110,69,138
387_jpg.rf.b1b140c8265706a9691ab0e3b820f1bd.jpg,400,400,vehicle,54,146,72,190
387_jpg.rf.b1b140c8265706a9691ab0e3b820f1bd.jpg,400,400,vehicle,146,110,173,140
387_jpg.rf.b1b140c8265706a9691ab0e3b820f1bd.jpg,400,400,vehicle,300,26,326,55
387_jpg.rf.b1b140c8265706a9691ab0e3b820f1bd.jpg,400,400,vehicle,344,29,375,61
073_jpg.rf.66d52f4734ce3e430219bc1a62964ab7.jpg,400,400,airplane,64,197,85,232
360_jpg.rf.6d16e063c565daa4334d13a996b65fc2.jpg,400,400,tennis court,138,60,161,107
360_jpg.rf.6d16e063c565daa4334d13a996b65fc2.jpg,400,400,tennis court,166,63,190,108
360_jpg.rf.6d16e063c565daa4334d13a996b65fc2.jpg,400,400,tennis court,194,61,215,112
360_jpg.rf.6d16e063c565daa4334d13a996b65fc2.jpg,400,400,tennis court,169,130,193,183
360_jpg.rf.6d16e063c565daa4334d13a996b65fc2.jpg,400,400,tennis court,202,130,223,185
360_jpg.rf.6d16e063c565daa4334d13a996b65fc2.jpg,400,400,tennis court,231,133,255,188
360_jpg.rf.6d16e063c565daa4334d13a996b65fc2.jpg,400,400,tennis court,208,206,233,267
360_jpg.rf.6d16e063c565daa4334d13a996b65fc2.jpg,400,400,tennis court,240,211,264,271
360_jpg.rf.6d16e063c565daa4334d13a996b65fc2.jpg,400,400,tennis court,272,213,297,273
414_jpg.rf.057f76e62c8b91218acc4598c94aa3a7.jpg,400,400,vehicle,1,49,21,84
414_jpg.rf.057f76e62c8b91218acc4598c94aa3a7.jpg,400,400,vehicle,20,39,40,74
414_jpg.rf.057f76e62c8b91218acc4598c94aa3a7.jpg,400,400,vehicle,36,33,55,68
414_jpg.rf.057f76e62c8b91218acc4598c94aa3a7.jpg,400,400,vehicle,49,29,71,63
414_jpg.rf.057f76e62c8b91218acc4598c94aa3a7.jpg,400,400,vehicle,68,23,88,58
414_jpg.rf.057f76e62c8b91218acc4598c94aa3a7.jpg,400,400,vehicle,47,166,79,190
414_jpg.rf.057f76e62c8b91218acc4598c94aa3a7.jpg,400,400,vehicle,101,169,138,195
414_jpg.rf.057f76e62c8b91218acc4598c94aa3a7.jpg,400,400,vehicle,245,119,281,135
121_jpg.rf.00f1bbcde349e076f8a075c08d813adf.jpg,400,400,baseball diamond,144,222,180,286
121_jpg.rf.00f1bbcde349e076f8a075c08d813adf.jpg,400,400,basketball court,154,301,186,337
442_jpg.rf.51e4ed2c7f88c2be16bcfe9e4c62117f.jpg,400,400,vehicle,169,321,193,339
442_jpg.rf.51e4ed2c7f88c2be16bcfe9e4c62117f.jpg,400,400,vehicle,333,323,361,343
442_jpg.rf.51e4ed2c7f88c2be16bcfe9e4c62117f.jpg,400,400,vehicle,291,294,321,307
442_jpg.rf.51e4ed2c7f88c2be16bcfe9e4c62117f.jpg,400,400,vehicle,281,286,311,299
442_jpg.rf.51e4ed2c7f88c2be16bcfe9e4c62117f.jpg,400,400,vehicle,280,205,312,227
442_jpg.rf.51e4ed2c7f88c2be16bcfe9e4c62117f.jpg,400,400,vehicle,184,187,214,199
442_jpg.rf.51e4ed2c7f88c2be16bcfe9e4c62117f.jpg,400,400,vehicle,166,167,196,180
442_jpg.rf.51e4ed2c7f88c2be16bcfe9e4c62117f.jpg,400,400,vehicle,158,160,184,172
442_jpg.rf.51e4ed2c7f88c2be16bcfe9e4c62117f.jpg,400,400,vehicle,108,101,135,113
442_jpg.rf.51e4ed2c7f88c2be16bcfe9e4c62117f.jpg,400,400,vehicle,85,85,115,99
442_jpg.rf.51e4ed2c7f88c2be16bcfe9e4c62117f.jpg,400,400,vehicle,24,31,50,42
442_jpg.rf.51e4ed2c7f88c2be16bcfe9e4c62117f.jpg,400,400,vehicle,306,39,336,51
442_jpg.rf.51e4ed2c7f88c2be16bcfe9e4c62117f.jpg,400,400,vehicle,294,19,322,32
442_jpg.rf.51e4ed2c7f88c2be16bcfe9e4c62117f.jpg,400,400,vehicle,274,2,304,14
442_jpg.rf.51e4ed2c7f88c2be16bcfe9e4c62117f.jpg,400,400,vehicle,250,251,275,262
442_jpg.rf.51e4ed2c7f88c2be16bcfe9e4c62117f.jpg,400,400,vehicle,219,219,240,229
442_jpg.rf.51e4ed2c7f88c2be16bcfe9e4c62117f.jpg,400,400,vehicle,159,149,182,160
442_jpg.rf.51e4ed2c7f88c2be16bcfe9e4c62117f.jpg,400,400,vehicle,219,140,243,156
256_jpg.rf.3694ef0be9bd4816b2dba85c29e57510.jpg,400,400,ground track field,210,102,341,229
256_jpg.rf.3694ef0be9bd4816b2dba85c29e57510.jpg,400,400,baseball diamond,166,190,208,237
256_jpg.rf.3694ef0be9bd4816b2dba85c29e57510.jpg,400,400,baseball diamond,95,244,131,282
081_jpg.rf.547c657fe52bcce92b424da0fd59054c.jpg,400,400,baseball diamond,237,307,285,337
081_jpg.rf.547c657fe52bcce92b424da0fd59054c.jpg,400,400,baseball diamond,78,302,127,332
081_jpg.rf.547c657fe52bcce92b424da0fd59054c.jpg,400,400,baseball diamond,139,94,181,119
081_jpg.rf.547c657fe52bcce92b424da0fd59054c.jpg,400,400,tennis court,338,238,372,252
081_jpg.rf.547c657fe52bcce92b424da0fd59054c.jpg,400,400,tennis court,307,239,340,253
081_jpg.rf.547c657fe52bcce92b424da0fd59054c.jpg,400,400,tennis court,274,240,304,254
081_jpg.rf.547c657fe52bcce92b424da0fd59054c.jpg,400,400,tennis court,241,242,273,254
081_jpg.rf.547c657fe52bcce92b424da0fd59054c.jpg,400,400,tennis court,211,243,241,256
081_jpg.rf.547c657fe52bcce92b424da0fd59054c.jpg,400,400,tennis court,177,244,209,256
145_jpg.rf.112070a39f7115ffec519a5e8b6d2b86.jpg,400,400,basketball court,303,131,366,183
145_jpg.rf.112070a39f7115ffec519a5e8b6d2b86.jpg,400,400,basketball court,290,164,355,219
145_jpg.rf.112070a39f7115ffec519a5e8b6d2b86.jpg,400,400,tennis court,270,207,304,268
145_jpg.rf.112070a39f7115ffec519a5e8b6d2b86.jpg,400,400,tennis court,302,220,337,282
145_jpg.rf.112070a39f7115ffec519a5e8b6d2b86.jpg,400,400,tennis court,238,283,280,345
145_jpg.rf.112070a39f7115ffec519a5e8b6d2b86.jpg,400,400,tennis court,272,297,313,361
582_jpg.rf.0eb1a656be2b0a563a85ccbbd599e0e6.jpg,400,400,baseball diamond,49,272,95,303
582_jpg.rf.0eb1a656be2b0a563a85ccbbd599e0e6.jpg,400,400,bridge,52,125,192,195
582_jpg.rf.0eb1a656be2b0a563a85ccbbd599e0e6.jpg,400,400,baseball diamond,225,31,283,67
582_jpg.rf.0eb1a656be2b0a563a85ccbbd599e0e6.jpg,400,400,ground track field,144,282,319,366
390_jpg.rf.37a6edb64fb2a221be8360aec4aae8fa.jpg,400,400,vehicle,296,195,315,231
390_jpg.rf.37a6edb64fb2a221be8360aec4aae8fa.jpg,400,400,vehicle,230,219,247,256
390_jpg.rf.37a6edb64fb2a221be8360aec4aae8fa.jpg,400,400,vehicle,240,271,257,309
390_jpg.rf.37a6edb64fb2a221be8360aec4aae8fa.jpg,400,400,vehicle,260,277,277,313
390_jpg.rf.37a6edb64fb2a221be8360aec4aae8fa.jpg,400,400,vehicle,244,312,260,349
213_jpg.rf.027e9ff2a0958fc9308992823157bbec.jpg,400,400,ground track field,104,277,338,342
378_jpg.rf.dc4f7253ed07fa7c85b2b48229a72e78.jpg,400,400,vehicle,164,328,195,350
378_jpg.rf.dc4f7253ed07fa7c85b2b48229a72e78.jpg,400,400,vehicle,188,371,217,398
363_jpg.rf.39e1a97428781f7b877dc9e3058a70b5.jpg,400,400,tennis court,204,232,220,278
363_jpg.rf.39e1a97428781f7b877dc9e3058a70b5.jpg,400,400,tennis court,184,230,201,273
363_jpg.rf.39e1a97428781f7b877dc9e3058a70b5.jpg,400,400,tennis court,165,227,182,271
363_jpg.rf.39e1a97428781f7b877dc9e3058a70b5.jpg,400,400,tennis court,146,224,163,269
013_jpg.rf.b1cd8579c3f287a05dcb0e9684ff0704.jpg,400,400,airplane,25,6,76,82
013_jpg.rf.b1cd8579c3f287a05dcb0e9684ff0704.jpg,400,400,airplane,35,96,72,146
013_jpg.rf.b1cd8579c3f287a05dcb0e9684ff0704.jpg,400,400,airplane,32,166,73,231
013_jpg.rf.b1cd8579c3f287a05dcb0e9684ff0704.jpg,400,400,airplane,27,235,74,309
013_jpg.rf.b1cd8579c3f287a05dcb0e9684ff0704.jpg,400,400,airplane,29,316,76,388
013_jpg.rf.b1cd8579c3f287a05dcb0e9684ff0704.jpg,400,400,airplane,129,53,171,121
013_jpg.rf.b1cd8579c3f287a05dcb0e9684ff0704.jpg,400,400,airplane,126,138,173,214
013_jpg.rf.b1cd8579c3f287a05dcb0e9684ff0704.jpg,400,400,airplane,127,232,175,306
013_jpg.rf.b1cd8579c3f287a05dcb0e9684ff0704.jpg,400,400,airplane,128,315,175,391
013_jpg.rf.b1cd8579c3f287a05dcb0e9684ff0704.jpg,400,400,airplane,213,153,260,226
013_jpg.rf.b1cd8579c3f287a05dcb0e9684ff0704.jpg,400,400,airplane,253,43,300,114
013_jpg.rf.b1cd8579c3f287a05dcb0e9684ff0704.jpg,400,400,airplane,254,240,301,306
013_jpg.rf.b1cd8579c3f287a05dcb0e9684ff0704.jpg,400,400,airplane,255,316,299,384
019_jpg.rf.500b345a77fffefbf356419f14abfb84.jpg,400,400,airplane,16,242,40,290
019_jpg.rf.500b345a77fffefbf356419f14abfb84.jpg,400,400,airplane,137,231,159,287
019_jpg.rf.500b345a77fffefbf356419f14abfb84.jpg,400,400,airplane,212,222,242,276
019_jpg.rf.500b345a77fffefbf356419f14abfb84.jpg,400,400,airplane,255,219,278,269
019_jpg.rf.500b345a77fffefbf356419f14abfb84.jpg,400,400,airplane,296,217,317,272
019_jpg.rf.500b345a77fffefbf356419f14abfb84.jpg,400,400,airplane,334,214,358,272
508_jpg.rf.0c32210fe11f5926df95aec90b7e127d.jpg,400,400,ship,355,44,373,68
508_jpg.rf.0c32210fe11f5926df95aec90b7e127d.jpg,400,400,ship,330,167,348,239
508_jpg.rf.0c32210fe11f5926df95aec90b7e127d.jpg,400,400,ship,293,76,307,108
508_jpg.rf.0c32210fe11f5926df95aec90b7e127d.jpg,400,400,ship,239,15,254,47
508_jpg.rf.0c32210fe11f5926df95aec90b7e127d.jpg,400,400,ship,232,88,244,110
508_jpg.rf.0c32210fe11f5926df95aec90b7e127d.jpg,400,400,ship,138,20,148,50
508_jpg.rf.0c32210fe11f5926df95aec90b7e127d.jpg,400,400,ship,166,128,182,176
508_jpg.rf.0c32210fe11f5926df95aec90b7e127d.jpg,400,400,ship,139,90,152,132
508_jpg.rf.0c32210fe11f5926df95aec90b7e127d.jpg,400,400,ship,115,282,151,328
508_jpg.rf.0c32210fe11f5926df95aec90b7e127d.jpg,400,400,ship,90,12,99,40
508_jpg.rf.0c32210fe11f5926df95aec90b7e127d.jpg,400,400,ship,57,112,70,156
508_jpg.rf.0c32210fe11f5926df95aec90b7e127d.jpg,400,400,ship,70,267,92,337
508_jpg.rf.0c32210fe11f5926df95aec90b7e127d.jpg,400,400,ship,233,331,251,393
367_jpg.rf.ac86ca49618bddb5347de57b0422e576.jpg,400,400,tennis court,178,170,213,220
367_jpg.rf.ac86ca49618bddb5347de57b0422e576.jpg,400,400,tennis court,194,153,232,199
367_jpg.rf.ac86ca49618bddb5347de57b0422e576.jpg,400,400,tennis court,212,136,249,181
554_jpg.rf.1061d817830f26e008f9111d26fd84ef.jpg,400,400,baseball diamond,244,55,292,113
554_jpg.rf.1061d817830f26e008f9111d26fd84ef.jpg,400,400,tennis court,256,159,291,218
554_jpg.rf.1061d817830f26e008f9111d26fd84ef.jpg,400,400,tennis court,234,170,267,228
554_jpg.rf.1061d817830f26e008f9111d26fd84ef.jpg,400,400,tennis court,211,180,244,239
554_jpg.rf.1061d817830f26e008f9111d26fd84ef.jpg,400,400,tennis court,187,190,221,250
554_jpg.rf.1061d817830f26e008f9111d26fd84ef.jpg,400,400,basketball court,128,198,179,248
554_jpg.rf.1061d817830f26e008f9111d26fd84ef.jpg,400,400,basketball court,79,219,127,267
444_jpg.rf.aeca0384adad15709022fb18990eefa6.jpg,400,400,vehicle,55,363,75,391
444_jpg.rf.aeca0384adad15709022fb18990eefa6.jpg,400,400,vehicle,47,309,67,339
444_jpg.rf.aeca0384adad15709022fb18990eefa6.jpg,400,400,vehicle,135,295,150,316
444_jpg.rf.aeca0384adad15709022fb18990eefa6.jpg,400,400,vehicle,148,278,168,304
444_jpg.rf.aeca0384adad15709022fb18990eefa6.jpg,400,400,vehicle,194,240,209,263
444_jpg.rf.aeca0384adad15709022fb18990eefa6.jpg,400,400,vehicle,148,172,167,200
444_jpg.rf.aeca0384adad15709022fb18990eefa6.jpg,400,400,vehicle,341,170,357,188
444_jpg.rf.aeca0384adad15709022fb18990eefa6.jpg,400,400,vehicle,344,143,362,159
444_jpg.rf.aeca0384adad15709022fb18990eefa6.jpg,400,400,vehicle,275,308,283,338
406_jpg.rf.78ed31893581c3daf97cb7828552a05a.jpg,400,400,vehicle,132,23,153,56
406_jpg.rf.78ed31893581c3daf97cb7828552a05a.jpg,400,400,vehicle,96,97,117,132
406_jpg.rf.78ed31893581c3daf97cb7828552a05a.jpg,400,400,vehicle,206,299,242,337
364_jpg.rf.d45d63abf82fa034ad948a53a579d233.jpg,400,400,tennis court,198,15,230,56
364_jpg.rf.d45d63abf82fa034ad948a53a579d233.jpg,400,400,tennis court,211,81,240,117
364_jpg.rf.d45d63abf82fa034ad948a53a579d233.jpg,400,400,tennis court,150,62,172,92
364_jpg.rf.d45d63abf82fa034ad948a53a579d233.jpg,400,400,tennis court,157,264,175,288
364_jpg.rf.d45d63abf82fa034ad948a53a579d233.jpg,400,400,tennis court,146,243,164,269
364_jpg.rf.d45d63abf82fa034ad948a53a579d233.jpg,400,400,tennis court,164,219,182,245
364_jpg.rf.d45d63abf82fa034ad948a53a579d233.jpg,400,400,tennis court,151,200,170,228
364_jpg.rf.d45d63abf82fa034ad948a53a579d233.jpg,400,400,tennis court,143,176,161,203
364_jpg.rf.d45d63abf82fa034ad948a53a579d233.jpg,400,400,tennis court,184,196,200,221
364_jpg.rf.d45d63abf82fa034ad948a53a579d233.jpg,400,400,tennis court,168,175,188,201
364_jpg.rf.d45d63abf82fa034ad948a53a579d233.jpg,400,400,tennis court,160,148,180,176
364_jpg.rf.d45d63abf82fa034ad948a53a579d233.jpg,400,400,tennis court,151,119,171,147
364_jpg.rf.d45d63abf82fa034ad948a53a579d233.jpg,400,400,tennis court,186,148,208,178
364_jpg.rf.d45d63abf82fa034ad948a53a579d233.jpg,400,400,tennis court,180,117,200,145
364_jpg.rf.d45d63abf82fa034ad948a53a579d233.jpg,400,400,tennis court,172,88,191,114
280_jpg.rf.440b5446ccf5c3da4de4eb4f524c2a36.jpg,400,400,harbor,111,108,164,158
280_jpg.rf.440b5446ccf5c3da4de4eb4f524c2a36.jpg,400,400,harbor,120,148,176,199
280_jpg.rf.440b5446ccf5c3da4de4eb4f524c2a36.jpg,400,400,harbor,129,184,186,238
280_jpg.rf.440b5446ccf5c3da4de4eb4f524c2a36.jpg,400,400,harbor,137,217,191,269
280_jpg.rf.440b5446ccf5c3da4de4eb4f524c2a36.jpg,400,400,harbor,146,258,190,303
495_jpg.rf.b8d7f5ee92b02f5b660083132e8786bb.jpg,400,400,baseball diamond,92,204,144,296
495_jpg.rf.b8d7f5ee92b02f5b660083132e8786bb.jpg,400,400,ground track field,212,24,318,233
123_jpg.rf.9004baf3013dacb5782377549c08e0ae.jpg,400,400,ground track field,93,239,372,359
123_jpg.rf.9004baf3013dacb5782377549c08e0ae.jpg,400,400,baseball diamond,205,160,257,196
220_jpg.rf.89292c8e8064011fbfcc83a13ef48fe5.jpg,400,400,ground track field,120,92,250,292
507_jpg.rf.0efd957168d1857f5dec8dc9fde3962a.jpg,400,400,ship,36,82,50,119
507_jpg.rf.0efd957168d1857f5dec8dc9fde3962a.jpg,400,400,ship,37,193,63,221
507_jpg.rf.0efd957168d1857f5dec8dc9fde3962a.jpg,400,400,ship,102,57,124,85
507_jpg.rf.0efd957168d1857f5dec8dc9fde3962a.jpg,400,400,ship,121,263,137,294
507_jpg.rf.0efd957168d1857f5dec8dc9fde3962a.jpg,400,400,ship,79,343,101,389
507_jpg.rf.0efd957168d1857f5dec8dc9fde3962a.jpg,400,400,ship,140,50,152,90
507_jpg.rf.0efd957168d1857f5dec8dc9fde3962a.jpg,400,400,ship,177,139,187,183
507_jpg.rf.0efd957168d1857f5dec8dc9fde3962a.jpg,400,400,ship,208,10,228,46
507_jpg.rf.0efd957168d1857f5dec8dc9fde3962a.jpg,400,400,ship,234,83,248,122
493_jpg.rf.87cad3d95ab6838b0324f7053811d15d.jpg,400,400,tennis court,304,194,323,235
493_jpg.rf.87cad3d95ab6838b0324f7053811d15d.jpg,400,400,tennis court,320,194,340,235
493_jpg.rf.87cad3d95ab6838b0324f7053811d15d.jpg,400,400,tennis court,310,246,329,288
493_jpg.rf.87cad3d95ab6838b0324f7053811d15d.jpg,400,400,tennis court,327,246,346,288
493_jpg.rf.87cad3d95ab6838b0324f7053811d15d.jpg,400,400,ground track field,135,74,331,177
229_jpg.rf.5f44dde29fe606d9591bb7b992ad7a23.jpg,400,400,ground track field,179,133,275,269
083_jpg.rf.ce7008c01982d928e257adf0be0434b0.jpg,400,400,baseball diamond,161,232,199,292
083_jpg.rf.ce7008c01982d928e257adf0be0434b0.jpg,400,400,baseball diamond,256,251,282,290
083_jpg.rf.ce7008c01982d928e257adf0be0434b0.jpg,400,400,baseball diamond,201,114,228,152
083_jpg.rf.ce7008c01982d928e257adf0be0434b0.jpg,400,400,baseball diamond,103,99,139,155
357_jpg.rf.d6e0fd1d7d9039039269d627253fe3c7.jpg,400,400,tennis court,56,83,103,128
357_jpg.rf.d6e0fd1d7d9039039269d627253fe3c7.jpg,400,400,tennis court,76,59,121,103
283_jpg.rf.b2502351402f6fab963f804d1d6782a2.jpg,400,400,harbor,214,373,272,391
283_jpg.rf.b2502351402f6fab963f804d1d6782a2.jpg,400,400,harbor,206,347,273,368
283_jpg.rf.b2502351402f6fab963f804d1d6782a2.jpg,400,400,harbor,207,323,274,344
283_jpg.rf.b2502351402f6fab963f804d1d6782a2.jpg,400,400,harbor,211,297,275,317
283_jpg.rf.b2502351402f6fab963f804d1d6782a2.jpg,400,400,harbor,213,269,277,289
283_jpg.rf.b2502351402f6fab963f804d1d6782a2.jpg,400,400,harbor,216,237,281,261
283_jpg.rf.b2502351402f6fab963f804d1d6782a2.jpg,400,400,harbor,216,207,285,232
283_jpg.rf.b2502351402f6fab963f804d1d6782a2.jpg,400,400,harbor,221,175,285,201
283_jpg.rf.b2502351402f6fab963f804d1d6782a2.jpg,400,400,harbor,221,130,288,160
283_jpg.rf.b2502351402f6fab963f804d1d6782a2.jpg,400,400,harbor,221,88,294,124
283_jpg.rf.b2502351402f6fab963f804d1d6782a2.jpg,400,400,harbor,226,39,288,73
283_jpg.rf.b2502351402f6fab963f804d1d6782a2.jpg,400,400,harbor,228,3,292,34
219_jpg.rf.3fbc33bc2279d841daa57f79798681e5.jpg,400,400,ground track field,173,82,301,242
520_jpg.rf.a80c2bd3cca3707c45b86043e46a30df.jpg,400,400,ship,269,47,303,81
520_jpg.rf.a80c2bd3cca3707c45b86043e46a30df.jpg,400,400,ship,324,87,358,125
520_jpg.rf.a80c2bd3cca3707c45b86043e46a30df.jpg,400,400,ship,339,238,360,267
645_jpg.rf.ef7cf67a3a78e11c876f88b7a6a01c20.jpg,400,400,baseball diamond,43,191,87,257
645_jpg.rf.ef7cf67a3a78e11c876f88b7a6a01c20.jpg,400,400,ground track field,103,99,212,328
588_jpg.rf.884f5b023585716fe628018845b7775f.jpg,400,400,ground track field,33,82,133,282
588_jpg.rf.884f5b023585716fe628018845b7775f.jpg,400,400,baseball diamond,195,188,238,249
588_jpg.rf.884f5b023585716fe628018845b7775f.jpg,400,400,tennis court,167,104,180,138
588_jpg.rf.884f5b023585716fe628018845b7775f.jpg,400,400,tennis court,155,108,169,140
588_jpg.rf.884f5b023585716fe628018845b7775f.jpg,400,400,tennis court,144,113,157,145
588_jpg.rf.884f5b023585716fe628018845b7775f.jpg,400,400,tennis court,133,119,146,153
135_jpg.rf.d02cd6ee61dd60d880bb42e09113847f.jpg,400,400,basketball court,97,214,173,311
135_jpg.rf.d02cd6ee61dd60d880bb42e09113847f.jpg,400,400,basketball court,61,284,151,383
036_jpg.rf.5ab543efba6627a728cfaeebee4f472c.jpg,400,400,airplane,71,74,119,136
036_jpg.rf.5ab543efba6627a728cfaeebee4f472c.jpg,400,400,airplane,139,73,186,141
036_jpg.rf.5ab543efba6627a728cfaeebee4f472c.jpg,400,400,airplane,209,79,255,134
036_jpg.rf.5ab543efba6627a728cfaeebee4f472c.jpg,400,400,airplane,271,62,337,142
036_jpg.rf.5ab543efba6627a728cfaeebee4f472c.jpg,400,400,airplane,123,277,167,331
036_jpg.rf.5ab543efba6627a728cfaeebee4f472c.jpg,400,400,airplane,174,269,223,336
275_jpg.rf.2567e19bdb9c174eab72135ebc746877.jpg,400,400,harbor,332,302,386,348
275_jpg.rf.2567e19bdb9c174eab72135ebc746877.jpg,400,400,harbor,307,268,356,318
275_jpg.rf.2567e19bdb9c174eab72135ebc746877.jpg,400,400,harbor,172,156,227,212
275_jpg.rf.2567e19bdb9c174eab72135ebc746877.jpg,400,400,harbor,125,126,189,178
275_jpg.rf.2567e19bdb9c174eab72135ebc746877.jpg,400,400,harbor,97,100,151,142
275_jpg.rf.2567e19bdb9c174eab72135ebc746877.jpg,400,400,harbor,79,62,126,114
275_jpg.rf.2567e19bdb9c174eab72135ebc746877.jpg,400,400,harbor,11,65,77,119
275_jpg.rf.2567e19bdb9c174eab72135ebc746877.jpg,400,400,harbor,25,23,73,67
011_jpg.rf.d9a097de25acd8a703930f17cb560a7c.jpg,400,400,airplane,285,214,325,266
011_jpg.rf.d9a097de25acd8a703930f17cb560a7c.jpg,400,400,airplane,245,227,283,279
011_jpg.rf.d9a097de25acd8a703930f17cb560a7c.jpg,400,400,airplane,214,281,234,305
011_jpg.rf.d9a097de25acd8a703930f17cb560a7c.jpg,400,400,airplane,99,271,139,321
011_jpg.rf.d9a097de25acd8a703930f17cb560a7c.jpg,400,400,airplane,81,215,127,269
011_jpg.rf.d9a097de25acd8a703930f17cb560a7c.jpg,400,400,airplane,67,164,113,214
011_jpg.rf.d9a097de25acd8a703930f17cb560a7c.jpg,400,400,airplane,62,124,90,158
011_jpg.rf.d9a097de25acd8a703930f17cb560a7c.jpg,400,400,airplane,63,73,97,115
011_jpg.rf.d9a097de25acd8a703930f17cb560a7c.jpg,400,400,airplane,96,54,119,83
414_jpg.rf.c0b32bca5f413b300f12863b563478f9.jpg,400,400,vehicle,379,317,399,352
414_jpg.rf.c0b32bca5f413b300f12863b563478f9.jpg,400,400,vehicle,361,326,381,361
414_jpg.rf.c0b32bca5f413b300f12863b563478f9.jpg,400,400,vehicle,345,333,365,368
414_jpg.rf.c0b32bca5f413b300f12863b563478f9.jpg,400,400,vehicle,329,338,351,372
414_jpg.rf.c0b32bca5f413b300f12863b563478f9.jpg,400,400,vehicle,313,343,333,378
414_jpg.rf.c0b32bca5f413b300f12863b563478f9.jpg,400,400,vehicle,321,210,353,234
414_jpg.rf.c0b32bca5f413b300f12863b563478f9.jpg,400,400,vehicle,262,205,300,231
414_jpg.rf.c0b32bca5f413b300f12863b563478f9.jpg,400,400,vehicle,119,266,155,282
626_jpg.rf.1ca79c68b2c3fad7c5049284915f7d5d.jpg,400,400,bridge,245,78,307,178
177_jpg.rf.051f4b7ee7dbf0c18724f9f6141f8806.jpg,400,400,bridge,36,147,127,283
177_jpg.rf.051f4b7ee7dbf0c18724f9f6141f8806.jpg,400,400,bridge,151,169,282,341
177_jpg.rf.051f4b7ee7dbf0c18724f9f6141f8806.jpg,400,400,bridge,279,125,356,210
603_jpg.rf.453cede92ee62c3b5ac5a5140ac47f88.jpg,400,400,baseball diamond,96,55,124,94
603_jpg.rf.453cede92ee62c3b5ac5a5140ac47f88.jpg,400,400,baseball diamond,198,125,231,170
603_jpg.rf.453cede92ee62c3b5ac5a5140ac47f88.jpg,400,400,baseball diamond,243,97,289,161
603_jpg.rf.453cede92ee62c3b5ac5a5140ac47f88.jpg,400,400,baseball diamond,253,179,286,225
603_jpg.rf.453cede92ee62c3b5ac5a5140ac47f88.jpg,400,400,baseball diamond,207,192,239,240
603_jpg.rf.453cede92ee62c3b5ac5a5140ac47f88.jpg,400,400,baseball diamond,101,150,136,198
603_jpg.rf.453cede92ee62c3b5ac5a5140ac47f88.jpg,400,400,baseball diamond,104,225,158,304
603_jpg.rf.453cede92ee62c3b5ac5a5140ac47f88.jpg,400,400,baseball diamond,273,270,297,310
456_jpg.rf.1c080db8a482c207f635f7fa60d6977f.jpg,400,400,ground track field,163,71,253,263
372_jpg.rf.2835eb0cccff791f0e8e6c45a0492fdc.jpg,400,400,vehicle,27,129,49,159
372_jpg.rf.2835eb0cccff791f0e8e6c45a0492fdc.jpg,400,400,vehicle,346,319,384,339
372_jpg.rf.2835eb0cccff791f0e8e6c45a0492fdc.jpg,400,400,vehicle,32,156,55,179
640_jpg.rf.0f0842c823ee365a23f354a9292af601.jpg,400,400,tennis court,129,62,147,106
640_jpg.rf.0f0842c823ee365a23f354a9292af601.jpg,400,400,tennis court,150,64,167,106
640_jpg.rf.0f0842c823ee365a23f354a9292af601.jpg,400,400,tennis court,169,65,186,108
640_jpg.rf.0f0842c823ee365a23f354a9292af601.jpg,400,400,tennis court,188,65,207,110
640_jpg.rf.0f0842c823ee365a23f354a9292af601.jpg,400,400,tennis court,144,126,162,174
640_jpg.rf.0f0842c823ee365a23f354a9292af601.jpg,400,400,tennis court,165,127,183,175
640_jpg.rf.0f0842c823ee365a23f354a9292af601.jpg,400,400,tennis court,186,128,205,177
640_jpg.rf.0f0842c823ee365a23f354a9292af601.jpg,400,400,tennis court,207,129,225,178
640_jpg.rf.0f0842c823ee365a23f354a9292af601.jpg,400,400,tennis court,226,130,245,180
640_jpg.rf.0f0842c823ee365a23f354a9292af601.jpg,400,400,tennis court,154,198,174,250
640_jpg.rf.0f0842c823ee365a23f354a9292af601.jpg,400,400,tennis court,174,199,194,252
640_jpg.rf.0f0842c823ee365a23f354a9292af601.jpg,400,400,tennis court,193,200,213,253
640_jpg.rf.0f0842c823ee365a23f354a9292af601.jpg,400,400,basketball court,220,193,267,233
131_jpg.rf.208fdbd562a75f76f840b1a6d915e23a.jpg,400,400,baseball diamond,140,308,177,366
081_jpg.rf.691078ae2a727f29142b958333565e29.jpg,400,400,baseball diamond,307,115,337,164
081_jpg.rf.691078ae2a727f29142b958333565e29.jpg,400,400,baseball diamond,302,273,332,322
081_jpg.rf.691078ae2a727f29142b958333565e29.jpg,400,400,baseball diamond,94,219,119,261
081_jpg.rf.691078ae2a727f29142b958333565e29.jpg,400,400,tennis court,238,28,252,62
081_jpg.rf.691078ae2a727f29142b958333565e29.jpg,400,400,tennis court,239,60,253,93
081_jpg.rf.691078ae2a727f29142b958333565e29.jpg,400,400,tennis court,240,96,254,127
081_jpg.rf.691078ae2a727f29142b958333565e29.jpg,400,400,tennis court,242,127,254,159
081_jpg.rf.691078ae2a727f29142b958333565e29.jpg,400,400,tennis court,243,160,256,189
081_jpg.rf.691078ae2a727f29142b958333565e29.jpg,400,400,tennis court,244,191,256,223
445_jpg.rf.ffeddbdc752778df47a469146b4a17e8.jpg,400,400,vehicle,53,312,64,353
445_jpg.rf.ffeddbdc752778df47a469146b4a17e8.jpg,400,400,vehicle,185,266,206,287
445_jpg.rf.ffeddbdc752778df47a469146b4a17e8.jpg,400,400,vehicle,64,239,87,262
028_jpg.rf.54716f218e0aec2f940830784f72f443.jpg,400,400,airplane,322,287,364,347
028_jpg.rf.54716f218e0aec2f940830784f72f443.jpg,400,400,airplane,196,12,240,83
028_jpg.rf.54716f218e0aec2f940830784f72f443.jpg,400,400,airplane,205,217,250,291
028_jpg.rf.54716f218e0aec2f940830784f72f443.jpg,400,400,airplane,217,304,250,354
028_jpg.rf.54716f218e0aec2f940830784f72f443.jpg,400,400,airplane,152,236,184,274
028_jpg.rf.54716f218e0aec2f940830784f72f443.jpg,400,400,airplane,139,313,183,387
028_jpg.rf.54716f218e0aec2f940830784f72f443.jpg,400,400,airplane,103,206,133,264
028_jpg.rf.54716f218e0aec2f940830784f72f443.jpg,400,400,airplane,51,246,73,299
028_jpg.rf.54716f218e0aec2f940830784f72f443.jpg,400,400,airplane,15,253,38,303
267_jpg.rf.2283863ad190528c4787aeac020e68d8.jpg,400,400,harbor,121,21,159,51
267_jpg.rf.2283863ad190528c4787aeac020e68d8.jpg,400,400,harbor,159,25,206,54
267_jpg.rf.2283863ad190528c4787aeac020e68d8.jpg,400,400,harbor,115,64,160,94
267_jpg.rf.2283863ad190528c4787aeac020e68d8.jpg,400,400,harbor,159,51,216,87
267_jpg.rf.2283863ad190528c4787aeac020e68d8.jpg,400,400,harbor,111,115,158,145
267_jpg.rf.2283863ad190528c4787aeac020e68d8.jpg,400,400,harbor,163,105,233,136
267_jpg.rf.2283863ad190528c4787aeac020e68d8.jpg,400,400,harbor,111,163,167,192
267_jpg.rf.2283863ad190528c4787aeac020e68d8.jpg,400,400,harbor,185,159,230,192
267_jpg.rf.2283863ad190528c4787aeac020e68d8.jpg,400,400,harbor,121,217,201,237
267_jpg.rf.2283863ad190528c4787aeac020e68d8.jpg,400,400,harbor,150,255,205,279
267_jpg.rf.2283863ad190528c4787aeac020e68d8.jpg,400,400,harbor,240,159,265,207
267_jpg.rf.2283863ad190528c4787aeac020e68d8.jpg,400,400,harbor,205,253,227,310
180_jpg.rf.651e839596a2a2177a36be0607ab5a1e.jpg,400,400,bridge,146,254,278,306
180_jpg.rf.651e839596a2a2177a36be0607ab5a1e.jpg,400,400,bridge,120,159,298,247
354_jpg.rf.6022f7b6cd6636c6156869285dc2b89f.jpg,400,400,tennis court,202,164,254,220
354_jpg.rf.6022f7b6cd6636c6156869285dc2b89f.jpg,400,400,tennis court,209,129,263,185
354_jpg.rf.6022f7b6cd6636c6156869285dc2b89f.jpg,400,400,tennis court,219,94,271,148
354_jpg.rf.6022f7b6cd6636c6156869285dc2b89f.jpg,400,400,basketball court,107,238,159,298
022_jpg.rf.d3a2ab5f5fa3eee94946b3e7baea4ebf.jpg,400,400,airplane,10,107,30,165
022_jpg.rf.d3a2ab5f5fa3eee94946b3e7baea4ebf.jpg,400,400,airplane,57,108,75,159
022_jpg.rf.d3a2ab5f5fa3eee94946b3e7baea4ebf.jpg,400,400,airplane,77,102,105,165
022_jpg.rf.d3a2ab5f5fa3eee94946b3e7baea4ebf.jpg,400,400,airplane,110,109,131,157
022_jpg.rf.d3a2ab5f5fa3eee94946b3e7baea4ebf.jpg,400,400,airplane,176,90,199,145
022_jpg.rf.d3a2ab5f5fa3eee94946b3e7baea4ebf.jpg,400,400,airplane,258,89,282,143
022_jpg.rf.d3a2ab5f5fa3eee94946b3e7baea4ebf.jpg,400,400,airplane,348,76,367,126
022_jpg.rf.d3a2ab5f5fa3eee94946b3e7baea4ebf.jpg,400,400,airplane,343,9,369,50
022_jpg.rf.d3a2ab5f5fa3eee94946b3e7baea4ebf.jpg,400,400,airplane,12,236,33,296
022_jpg.rf.d3a2ab5f5fa3eee94946b3e7baea4ebf.jpg,400,400,airplane,86,224,110,282
022_jpg.rf.d3a2ab5f5fa3eee94946b3e7baea4ebf.jpg,400,400,airplane,117,222,136,278
022_jpg.rf.d3a2ab5f5fa3eee94946b3e7baea4ebf.jpg,400,400,airplane,184,209,207,269
022_jpg.rf.d3a2ab5f5fa3eee94946b3e7baea4ebf.jpg,400,400,airplane,215,205,238,264
022_jpg.rf.d3a2ab5f5fa3eee94946b3e7baea4ebf.jpg,400,400,airplane,249,261,271,313
022_jpg.rf.d3a2ab5f5fa3eee94946b3e7baea4ebf.jpg,400,400,airplane,300,289,327,333
022_jpg.rf.d3a2ab5f5fa3eee94946b3e7baea4ebf.jpg,400,400,airplane,336,196,359,254
022_jpg.rf.d3a2ab5f5fa3eee94946b3e7baea4ebf.jpg,400,400,airplane,364,188,387,252
473_jpg.rf.84d6d094f6de4a071f1ba6a41b037a0e.jpg,400,400,basketball court,29,118,51,170
473_jpg.rf.84d6d094f6de4a071f1ba6a41b037a0e.jpg,400,400,basketball court,55,116,76,166
473_jpg.rf.84d6d094f6de4a071f1ba6a41b037a0e.jpg,400,400,basketball court,26,176,48,225
473_jpg.rf.84d6d094f6de4a071f1ba6a41b037a0e.jpg,400,400,basketball court,52,170,74,222
473_jpg.rf.84d6d094f6de4a071f1ba6a41b037a0e.jpg,400,400,basketball court,23,232,45,288
473_jpg.rf.84d6d094f6de4a071f1ba6a41b037a0e.jpg,400,400,basketball court,49,226,71,281
290_jpg.rf.a5ba14485b614e03a59c11e5becef162.jpg,400,400,ship,94,134,109,171
290_jpg.rf.a5ba14485b614e03a59c11e5becef162.jpg,400,400,ship,80,207,102,242
290_jpg.rf.a5ba14485b614e03a59c11e5becef162.jpg,400,400,ship,62,321,82,354
030_jpg.rf.032e82a65800c2c038daa97f686f249f.jpg,400,400,airplane,248,341,284,365
030_jpg.rf.032e82a65800c2c038daa97f686f249f.jpg,400,400,airplane,247,307,283,326
030_jpg.rf.032e82a65800c2c038daa97f686f249f.jpg,400,400,airplane,246,276,282,299
030_jpg.rf.032e82a65800c2c038daa97f686f249f.jpg,400,400,airplane,249,224,281,244
030_jpg.rf.032e82a65800c2c038daa97f686f249f.jpg,400,400,airplane,246,158,280,182
030_jpg.rf.032e82a65800c2c038daa97f686f249f.jpg,400,400,airplane,244,130,279,155
030_jpg.rf.032e82a65800c2c038daa97f686f249f.jpg,400,400,airplane,249,78,281,100
030_jpg.rf.032e82a65800c2c038daa97f686f249f.jpg,400,400,airplane,134,353,172,377
030_jpg.rf.032e82a65800c2c038daa97f686f249f.jpg,400,400,airplane,135,291,173,316
030_jpg.rf.032e82a65800c2c038daa97f686f249f.jpg,400,400,airplane,109,157,153,182
030_jpg.rf.032e82a65800c2c038daa97f686f249f.jpg,400,400,airplane,124,128,164,146
030_jpg.rf.032e82a65800c2c038daa97f686f249f.jpg,400,400,airplane,127,95,169,113
030_jpg.rf.032e82a65800c2c038daa97f686f249f.jpg,400,400,airplane,133,20,175,44
453_jpg.rf.07bb2b540dcd9a0b3de8ce2ea085e5ca.jpg,400,400,vehicle,279,339,306,352
453_jpg.rf.07bb2b540dcd9a0b3de8ce2ea085e5ca.jpg,400,400,vehicle,251,184,274,206
453_jpg.rf.07bb2b540dcd9a0b3de8ce2ea085e5ca.jpg,400,400,vehicle,183,92,204,113
453_jpg.rf.07bb2b540dcd9a0b3de8ce2ea085e5ca.jpg,400,400,vehicle,267,208,288,222
453_jpg.rf.07bb2b540dcd9a0b3de8ce2ea085e5ca.jpg,400,400,vehicle,275,219,301,238
453_jpg.rf.07bb2b540dcd9a0b3de8ce2ea085e5ca.jpg,400,400,vehicle,161,327,184,343
453_jpg.rf.07bb2b540dcd9a0b3de8ce2ea085e5ca.jpg,400,400,vehicle,92,344,115,360
541_jpg.rf.1e8c76f3b50584239ca0738f17d25bcd.jpg,400,400,bridge,3,92,67,192
541_jpg.rf.1e8c76f3b50584239ca0738f17d25bcd.jpg,400,400,bridge,327,135,372,219
188_jpg.rf.afec5ce45fbd94bae33e0f71ed990721.jpg,400,400,bridge,175,125,232,307
028_jpg.rf.fb83d4404d9b1ff7c33bf5ba3c079e9c.jpg,400,400,airplane,37,286,79,347
028_jpg.rf.fb83d4404d9b1ff7c33bf5ba3c079e9c.jpg,400,400,airplane,160,12,204,83
028_jpg.rf.fb83d4404d9b1ff7c33bf5ba3c079e9c.jpg,400,400,airplane,150,217,195,290
028_jpg.rf.fb83d4404d9b1ff7c33bf5ba3c079e9c.jpg,400,400,airplane,151,304,184,354
028_jpg.rf.fb83d4404d9b1ff7c33bf5ba3c079e9c.jpg,400,400,airplane,217,236,249,274
028_jpg.rf.fb83d4404d9b1ff7c33bf5ba3c079e9c.jpg,400,400,airplane,217,312,261,387
028_jpg.rf.fb83d4404d9b1ff7c33bf5ba3c079e9c.jpg,400,400,airplane,267,206,297,264
028_jpg.rf.fb83d4404d9b1ff7c33bf5ba3c079e9c.jpg,400,400,airplane,327,246,349,299
028_jpg.rf.fb83d4404d9b1ff7c33bf5ba3c079e9c.jpg,400,400,airplane,362,252,385,303
367_jpg.rf.b371972c8c6062cf5db067ef2bbf5cf4.jpg,400,400,tennis court,170,178,220,214
367_jpg.rf.b371972c8c6062cf5db067ef2bbf5cf4.jpg,400,400,tennis court,153,194,199,232
367_jpg.rf.b371972c8c6062cf5db067ef2bbf5cf4.jpg,400,400,tennis court,136,212,181,249
426_jpg.rf.8f4fb269059a291ea92c247e0dd13989.jpg,400,400,vehicle,345,315,364,339
426_jpg.rf.8f4fb269059a291ea92c247e0dd13989.jpg,400,400,vehicle,162,159,182,180
426_jpg.rf.8f4fb269059a291ea92c247e0dd13989.jpg,400,400,vehicle,145,143,164,165
426_jpg.rf.8f4fb269059a291ea92c247e0dd13989.jpg,400,400,vehicle,107,110,127,132
426_jpg.rf.8f4fb269059a291ea92c247e0dd13989.jpg,400,400,vehicle,63,58,85,77
426_jpg.rf.8f4fb269059a291ea92c247e0dd13989.jpg,400,400,vehicle,117,190,131,216
426_jpg.rf.8f4fb269059a291ea92c247e0dd13989.jpg,400,400,vehicle,84,166,105,188
426_jpg.rf.8f4fb269059a291ea92c247e0dd13989.jpg,400,400,vehicle,65,151,83,171
426_jpg.rf.8f4fb269059a291ea92c247e0dd13989.jpg,400,400,vehicle,90,93,109,121
426_jpg.rf.8f4fb269059a291ea92c247e0dd13989.jpg,400,400,vehicle,188,180,205,203
426_jpg.rf.8f4fb269059a291ea92c247e0dd13989.jpg,400,400,vehicle,211,198,228,223
426_jpg.rf.8f4fb269059a291ea92c247e0dd13989.jpg,400,400,vehicle,59,163,75,187
426_jpg.rf.8f4fb269059a291ea92c247e0dd13989.jpg,400,400,vehicle,79,179,98,205
431_jpg.rf.60116cac7576cdd2d64165903634aba3.jpg,400,400,vehicle,127,129,140,155
431_jpg.rf.60116cac7576cdd2d64165903634aba3.jpg,400,400,vehicle,146,74,160,103
431_jpg.rf.60116cac7576cdd2d64165903634aba3.jpg,400,400,vehicle,98,321,116,342
431_jpg.rf.60116cac7576cdd2d64165903634aba3.jpg,400,400,vehicle,291,334,310,357
431_jpg.rf.60116cac7576cdd2d64165903634aba3.jpg,400,400,vehicle,311,349,331,367
431_jpg.rf.60116cac7576cdd2d64165903634aba3.jpg,400,400,vehicle,228,37,246,53
431_jpg.rf.60116cac7576cdd2d64165903634aba3.jpg,400,400,vehicle,224,66,239,82
431_jpg.rf.60116cac7576cdd2d64165903634aba3.jpg,400,400,vehicle,212,75,228,92
431_jpg.rf.60116cac7576cdd2d64165903634aba3.jpg,400,400,vehicle,208,88,222,103
431_jpg.rf.60116cac7576cdd2d64165903634aba3.jpg,400,400,vehicle,204,99,220,118
431_jpg.rf.60116cac7576cdd2d64165903634aba3.jpg,400,400,vehicle,196,112,214,132
431_jpg.rf.60116cac7576cdd2d64165903634aba3.jpg,400,400,vehicle,193,127,208,146
431_jpg.rf.60116cac7576cdd2d64165903634aba3.jpg,400,400,vehicle,188,142,204,161
431_jpg.rf.60116cac7576cdd2d64165903634aba3.jpg,400,400,vehicle,185,154,200,173
431_jpg.rf.60116cac7576cdd2d64165903634aba3.jpg,400,400,vehicle,200,162,219,183
431_jpg.rf.60116cac7576cdd2d64165903634aba3.jpg,400,400,vehicle,198,177,214,196
431_jpg.rf.60116cac7576cdd2d64165903634aba3.jpg,400,400,vehicle,176,179,192,199
431_jpg.rf.60116cac7576cdd2d64165903634aba3.jpg,400,400,vehicle,192,190,209,211
431_jpg.rf.60116cac7576cdd2d64165903634aba3.jpg,400,400,vehicle,109,175,124,202
431_jpg.rf.60116cac7576cdd2d64165903634aba3.jpg,400,400,vehicle,64,297,76,322
431_jpg.rf.60116cac7576cdd2d64165903634aba3.jpg,400,400,vehicle,325,295,345,314
248_jpg.rf.7fa8f64c94bc3f1d8d7029dbb14e64c3.jpg,400,400,ground track field,168,82,351,296
318_jpg.rf.351c6bab77a80b87d878bae37c190a31.jpg,400,400,storage tank,138,231,178,254
318_jpg.rf.351c6bab77a80b87d878bae37c190a31.jpg,400,400,storage tank,157,212,189,231
318_jpg.rf.351c6bab77a80b87d878bae37c190a31.jpg,400,400,storage tank,171,191,203,210
318_jpg.rf.351c6bab77a80b87d878bae37c190a31.jpg,400,400,storage tank,185,163,217,182
318_jpg.rf.351c6bab77a80b87d878bae37c190a31.jpg,400,400,storage tank,140,153,174,173
318_jpg.rf.351c6bab77a80b87d878bae37c190a31.jpg,400,400,storage tank,163,121,193,140
318_jpg.rf.351c6bab77a80b87d878bae37c190a31.jpg,400,400,storage tank,191,120,215,134
318_jpg.rf.351c6bab77a80b87d878bae37c190a31.jpg,400,400,storage tank,206,130,236,150
318_jpg.rf.351c6bab77a80b87d878bae37c190a31.jpg,400,400,storage tank,272,126,299,143
318_jpg.rf.351c6bab77a80b87d878bae37c190a31.jpg,400,400,storage tank,306,161,327,173
318_jpg.rf.351c6bab77a80b87d878bae37c190a31.jpg,400,400,storage tank,231,173,263,193
318_jpg.rf.351c6bab77a80b87d878bae37c190a31.jpg,400,400,storage tank,276,184,308,203
318_jpg.rf.351c6bab77a80b87d878bae37c190a31.jpg,400,400,storage tank,216,202,246,221
318_jpg.rf.351c6bab77a80b87d878bae37c190a31.jpg,400,400,storage tank,259,213,291,232
318_jpg.rf.351c6bab77a80b87d878bae37c190a31.jpg,400,400,storage tank,187,227,227,251
318_jpg.rf.351c6bab77a80b87d878bae37c190a31.jpg,400,400,storage tank,227,237,261,257
318_jpg.rf.351c6bab77a80b87d878bae37c190a31.jpg,400,400,storage tank,261,243,293,263
318_jpg.rf.351c6bab77a80b87d878bae37c190a31.jpg,400,400,storage tank,181,252,213,271
318_jpg.rf.351c6bab77a80b87d878bae37c190a31.jpg,400,400,storage tank,211,258,241,277
409_jpg.rf.24f8bf6cbb543e0b0120b702d59292da.jpg,400,400,vehicle,335,45,377,73
409_jpg.rf.24f8bf6cbb543e0b0120b702d59292da.jpg,400,400,vehicle,287,89,326,112
409_jpg.rf.24f8bf6cbb543e0b0120b702d59292da.jpg,400,400,vehicle,300,131,340,153
409_jpg.rf.24f8bf6cbb543e0b0120b702d59292da.jpg,400,400,vehicle,342,150,381,164
409_jpg.rf.24f8bf6cbb543e0b0120b702d59292da.jpg,400,400,vehicle,264,155,309,181
409_jpg.rf.24f8bf6cbb543e0b0120b702d59292da.jpg,400,400,vehicle,199,154,244,176
409_jpg.rf.24f8bf6cbb543e0b0120b702d59292da.jpg,400,400,vehicle,185,181,228,203
409_jpg.rf.24f8bf6cbb543e0b0120b702d59292da.jpg,400,400,vehicle,119,200,156,219
409_jpg.rf.24f8bf6cbb543e0b0120b702d59292da.jpg,400,400,vehicle,129,127,172,151
409_jpg.rf.24f8bf6cbb543e0b0120b702d59292da.jpg,400,400,vehicle,125,72,163,96
359_jpg.rf.33843529b9ee730de4d725dbd14c0223.jpg,400,400,tennis court,131,205,158,255
359_jpg.rf.33843529b9ee730de4d725dbd14c0223.jpg,400,400,tennis court,169,193,193,246
359_jpg.rf.33843529b9ee730de4d725dbd14c0223.jpg,400,400,tennis court,192,186,217,238
359_jpg.rf.33843529b9ee730de4d725dbd14c0223.jpg,400,400,tennis court,220,176,246,226
359_jpg.rf.33843529b9ee730de4d725dbd14c0223.jpg,400,400,tennis court,243,169,270,218
359_jpg.rf.33843529b9ee730de4d725dbd14c0223.jpg,400,400,tennis court,140,277,164,332
633_jpg.rf.9b8f7691d60fe7c7d9325b0fd3d2db71.jpg,400,400,ground track field,111,55,179,284
633_jpg.rf.9b8f7691d60fe7c7d9325b0fd3d2db71.jpg,400,400,baseball diamond,191,231,235,298
633_jpg.rf.9b8f7691d60fe7c7d9325b0fd3d2db71.jpg,400,400,baseball diamond,120,286,151,335
396_jpg.rf.4862b7ebd5e069bedfae46489c04f693.jpg,400,400,vehicle,177,338,205,368
396_jpg.rf.4862b7ebd5e069bedfae46489c04f693.jpg,400,400,vehicle,231,291,259,319
396_jpg.rf.4862b7ebd5e069bedfae46489c04f693.jpg,400,400,vehicle,239,314,264,338
396_jpg.rf.4862b7ebd5e069bedfae46489c04f693.jpg,400,400,vehicle,248,328,274,356
396_jpg.rf.4862b7ebd5e069bedfae46489c04f693.jpg,400,400,vehicle,177,360,211,394
044_jpg.rf.94f81679ca61e8a4ea8dcd34e2241790.jpg,400,400,airplane,10,123,33,155
044_jpg.rf.94f81679ca61e8a4ea8dcd34e2241790.jpg,400,400,airplane,32,71,61,110
044_jpg.rf.94f81679ca61e8a4ea8dcd34e2241790.jpg,400,400,airplane,48,25,80,68
044_jpg.rf.94f81679ca61e8a4ea8dcd34e2241790.jpg,400,400,airplane,86,28,105,63
044_jpg.rf.94f81679ca61e8a4ea8dcd34e2241790.jpg,400,400,airplane,116,19,145,64
044_jpg.rf.94f81679ca61e8a4ea8dcd34e2241790.jpg,400,400,airplane,151,18,175,57
044_jpg.rf.94f81679ca61e8a4ea8dcd34e2241790.jpg,400,400,airplane,15,183,46,234
044_jpg.rf.94f81679ca61e8a4ea8dcd34e2241790.jpg,400,400,airplane,47,208,75,262
044_jpg.rf.94f81679ca61e8a4ea8dcd34e2241790.jpg,400,400,airplane,82,137,116,177
044_jpg.rf.94f81679ca61e8a4ea8dcd34e2241790.jpg,400,400,airplane,128,111,152,155
044_jpg.rf.94f81679ca61e8a4ea8dcd34e2241790.jpg,400,400,airplane,163,105,187,147
044_jpg.rf.94f81679ca61e8a4ea8dcd34e2241790.jpg,400,400,airplane,192,102,224,157
044_jpg.rf.94f81679ca61e8a4ea8dcd34e2241790.jpg,400,400,airplane,232,109,256,150
044_jpg.rf.94f81679ca61e8a4ea8dcd34e2241790.jpg,400,400,airplane,262,98,293,150
044_jpg.rf.94f81679ca61e8a4ea8dcd34e2241790.jpg,400,400,airplane,345,121,364,158
044_jpg.rf.94f81679ca61e8a4ea8dcd34e2241790.jpg,400,400,airplane,143,231,173,287
044_jpg.rf.94f81679ca61e8a4ea8dcd34e2241790.jpg,400,400,airplane,182,230,213,285
044_jpg.rf.94f81679ca61e8a4ea8dcd34e2241790.jpg,400,400,airplane,216,228,251,286
044_jpg.rf.94f81679ca61e8a4ea8dcd34e2241790.jpg,400,400,airplane,150,327,185,390
044_jpg.rf.94f81679ca61e8a4ea8dcd34e2241790.jpg,400,400,airplane,192,327,223,380
044_jpg.rf.94f81679ca61e8a4ea8dcd34e2241790.jpg,400,400,airplane,231,326,263,387
044_jpg.rf.94f81679ca61e8a4ea8dcd34e2241790.jpg,400,400,airplane,255,234,288,284
044_jpg.rf.94f81679ca61e8a4ea8dcd34e2241790.jpg,400,400,airplane,269,328,302,386
044_jpg.rf.94f81679ca61e8a4ea8dcd34e2241790.jpg,400,400,airplane,307,322,341,385
044_jpg.rf.94f81679ca61e8a4ea8dcd34e2241790.jpg,400,400,airplane,354,231,376,270
304_jpg.rf.1f2cb86d0993436d9c8a290a5a52aa36.jpg,400,400,ship,196,95,214,126
304_jpg.rf.1f2cb86d0993436d9c8a290a5a52aa36.jpg,400,400,ship,230,148,249,178
304_jpg.rf.1f2cb86d0993436d9c8a290a5a52aa36.jpg,400,400,ship,217,199,240,237
304_jpg.rf.1f2cb86d0993436d9c8a290a5a52aa36.jpg,400,400,ship,205,211,231,255
304_jpg.rf.1f2cb86d0993436d9c8a290a5a52aa36.jpg,400,400,ship,177,254,198,290
304_jpg.rf.1f2cb86d0993436d9c8a290a5a52aa36.jpg,400,400,storage tank,209,37,229,70
304_jpg.rf.1f2cb86d0993436d9c8a290a5a52aa36.jpg,400,400,storage tank,248,28,270,61
304_jpg.rf.1f2cb86d0993436d9c8a290a5a52aa36.jpg,400,400,storage tank,242,78,263,110
304_jpg.rf.1f2cb86d0993436d9c8a290a5a52aa36.jpg,400,400,storage tank,282,47,303,80
304_jpg.rf.1f2cb86d0993436d9c8a290a5a52aa36.jpg,400,400,storage tank,273,107,295,140
304_jpg.rf.1f2cb86d0993436d9c8a290a5a52aa36.jpg,400,400,storage tank,319,69,341,103
304_jpg.rf.1f2cb86d0993436d9c8a290a5a52aa36.jpg,400,400,storage tank,313,118,334,151
304_jpg.rf.1f2cb86d0993436d9c8a290a5a52aa36.jpg,400,400,storage tank,306,177,327,209
304_jpg.rf.1f2cb86d0993436d9c8a290a5a52aa36.jpg,400,400,storage tank,354,105,376,138
304_jpg.rf.1f2cb86d0993436d9c8a290a5a52aa36.jpg,400,400,storage tank,346,162,367,196
304_jpg.rf.1f2cb86d0993436d9c8a290a5a52aa36.jpg,400,400,storage tank,306,177,328,211
304_jpg.rf.1f2cb86d0993436d9c8a290a5a52aa36.jpg,400,400,storage tank,335,253,355,285
304_jpg.rf.1f2cb86d0993436d9c8a290a5a52aa36.jpg,400,400,storage tank,366,263,385,294
304_jpg.rf.1f2cb86d0993436d9c8a290a5a52aa36.jpg,400,400,storage tank,330,283,350,314
304_jpg.rf.1f2cb86d0993436d9c8a290a5a52aa36.jpg,400,400,storage tank,361,291,380,322
304_jpg.rf.1f2cb86d0993436d9c8a290a5a52aa36.jpg,400,400,storage tank,324,316,345,348
304_jpg.rf.1f2cb86d0993436d9c8a290a5a52aa36.jpg,400,400,storage tank,356,326,375,359
304_jpg.rf.1f2cb86d0993436d9c8a290a5a52aa36.jpg,400,400,storage tank,166,346,187,378
060_jpg.rf.48c5c7a8c898201437ec0df48d66fd5d.jpg,400,400,airplane,35,307,74,344
060_jpg.rf.48c5c7a8c898201437ec0df48d66fd5d.jpg,400,400,airplane,223,32,252,56
272_jpg.rf.7bba1a754d00030f6ad067dabb9c6864.jpg,400,400,harbor,15,32,60,121
272_jpg.rf.7bba1a754d00030f6ad067dabb9c6864.jpg,400,400,harbor,43,54,94,150
272_jpg.rf.7bba1a754d00030f6ad067dabb9c6864.jpg,400,400,harbor,75,81,131,182
272_jpg.rf.7bba1a754d00030f6ad067dabb9c6864.jpg,400,400,harbor,124,116,171,213
272_jpg.rf.7bba1a754d00030f6ad067dabb9c6864.jpg,400,400,harbor,145,159,191,254
581_jpg.rf.251a622ec7e7f03c7db4a4862a26774b.jpg,400,400,baseball diamond,182,337,238,370
581_jpg.rf.251a622ec7e7f03c7db4a4862a26774b.jpg,400,400,ground track field,286,257,378,373
626_jpg.rf.05065e515b1f1334966c0e6289a5a191.jpg,400,400,bridge,222,93,322,155
214_jpg.rf.e1c1df40234f8baf9d8fb717ea08ee2d.jpg,400,400,ground track field,87,144,193,332
452_jpg.rf.74a36e37589571ce2c0fedbae3a4e9ce.jpg,400,400,vehicle,101,361,132,377
452_jpg.rf.74a36e37589571ce2c0fedbae3a4e9ce.jpg,400,400,vehicle,207,321,235,335
452_jpg.rf.74a36e37589571ce2c0fedbae3a4e9ce.jpg,400,400,vehicle,250,305,277,319
452_jpg.rf.74a36e37589571ce2c0fedbae3a4e9ce.jpg,400,400,vehicle,133,364,162,376
452_jpg.rf.74a36e37589571ce2c0fedbae3a4e9ce.jpg,400,400,vehicle,289,282,327,302
036_jpg.rf.1912cc1a6daaf4e48af1a40daa27d600.jpg,400,400,airplane,74,71,136,119
036_jpg.rf.1912cc1a6daaf4e48af1a40daa27d600.jpg,400,400,airplane,73,139,140,186
036_jpg.rf.1912cc1a6daaf4e48af1a40daa27d600.jpg,400,400,airplane,79,209,134,255
036_jpg.rf.1912cc1a6daaf4e48af1a40daa27d600.jpg,400,400,airplane,61,271,142,336
036_jpg.rf.1912cc1a6daaf4e48af1a40daa27d600.jpg,400,400,airplane,277,123,330,167
036_jpg.rf.1912cc1a6daaf4e48af1a40daa27d600.jpg,400,400,airplane,269,174,336,223
513_jpg.rf.8136122abe6144b1387529ca29b6ad18.jpg,400,400,ship,20,82,40,114
513_jpg.rf.8136122abe6144b1387529ca29b6ad18.jpg,400,400,ship,39,258,57,290
513_jpg.rf.8136122abe6144b1387529ca29b6ad18.jpg,400,400,ship,219,256,232,284
513_jpg.rf.8136122abe6144b1387529ca29b6ad18.jpg,400,400,ship,272,31,292,63
513_jpg.rf.8136122abe6144b1387529ca29b6ad18.jpg,400,400,ship,269,186,290,228
513_jpg.rf.8136122abe6144b1387529ca29b6ad18.jpg,400,400,ship,262,321,275,349
513_jpg.rf.8136122abe6144b1387529ca29b6ad18.jpg,400,400,ship,307,292,322,324
513_jpg.rf.8136122abe6144b1387529ca29b6ad18.jpg,400,400,ship,349,151,371,196
513_jpg.rf.8136122abe6144b1387529ca29b6ad18.jpg,400,400,ship,350,255,369,291
513_jpg.rf.8136122abe6144b1387529ca29b6ad18.jpg,400,400,ship,373,358,386,386
513_jpg.rf.8136122abe6144b1387529ca29b6ad18.jpg,400,400,ship,369,12,383,43
513_jpg.rf.8136122abe6144b1387529ca29b6ad18.jpg,400,400,ship,214,369,232,397
493_jpg.rf.90da5595b04bb0a670bc64233d9b4d6f.jpg,400,400,tennis court,77,194,96,235
493_jpg.rf.90da5595b04bb0a670bc64233d9b4d6f.jpg,400,400,tennis court,60,194,80,235
493_jpg.rf.90da5595b04bb0a670bc64233d9b4d6f.jpg,400,400,tennis court,71,246,90,288
493_jpg.rf.90da5595b04bb0a670bc64233d9b4d6f.jpg,400,400,tennis court,54,246,74,288
493_jpg.rf.90da5595b04bb0a670bc64233d9b4d6f.jpg,400,400,ground track field,69,74,265,177
575_jpg.rf.f72ad234c92bac32a835814f349450a1.jpg,400,400,baseball diamond,125,248,168,284
575_jpg.rf.f72ad234c92bac32a835814f349450a1.jpg,400,400,baseball diamond,275,208,347,270
575_jpg.rf.f72ad234c92bac32a835814f349450a1.jpg,400,400,ground track field,30,120,214,232
235_jpg.rf.c82652d1a68e102bcd4e701367e726b2.jpg,400,400,ground track field,97,98,241,296
066_jpg.rf.8aedd0c935fb3db3374a5166d189cf9f.jpg,400,400,airplane,108,205,144,262
066_jpg.rf.8aedd0c935fb3db3374a5166d189cf9f.jpg,400,400,airplane,153,228,183,277
066_jpg.rf.8aedd0c935fb3db3374a5166d189cf9f.jpg,400,400,airplane,203,195,241,247
066_jpg.rf.8aedd0c935fb3db3374a5166d189cf9f.jpg,400,400,airplane,285,269,325,331
540_jpg.rf.5f4408469cfc7918e1ebb5ba6e0a54b4.jpg,400,400,bridge,77,28,191,72
540_jpg.rf.5f4408469cfc7918e1ebb5ba6e0a54b4.jpg,400,400,bridge,96,336,191,380
378_jpg.rf.f6fbfb795a2712df09ca7932368224c5.jpg,400,400,vehicle,51,205,73,237
378_jpg.rf.f6fbfb795a2712df09ca7932368224c5.jpg,400,400,vehicle,2,183,30,213
313_jpg.rf.19cdf3c5fb111f207facdfe4b45defe6.jpg,400,400,storage tank,338,316,368,337
313_jpg.rf.19cdf3c5fb111f207facdfe4b45defe6.jpg,400,400,storage tank,303,316,335,337
313_jpg.rf.19cdf3c5fb111f207facdfe4b45defe6.jpg,400,400,storage tank,253,316,283,337
313_jpg.rf.19cdf3c5fb111f207facdfe4b45defe6.jpg,400,400,storage tank,216,316,250,337
313_jpg.rf.19cdf3c5fb111f207facdfe4b45defe6.jpg,400,400,storage tank,338,297,370,317
313_jpg.rf.19cdf3c5fb111f207facdfe4b45defe6.jpg,400,400,storage tank,303,297,335,318
313_jpg.rf.19cdf3c5fb111f207facdfe4b45defe6.jpg,400,400,storage tank,253,297,283,317
313_jpg.rf.19cdf3c5fb111f207facdfe4b45defe6.jpg,400,400,storage tank,216,297,250,317
313_jpg.rf.19cdf3c5fb111f207facdfe4b45defe6.jpg,400,400,storage tank,148,317,181,335
313_jpg.rf.19cdf3c5fb111f207facdfe4b45defe6.jpg,400,400,storage tank,105,317,139,335
313_jpg.rf.19cdf3c5fb111f207facdfe4b45defe6.jpg,400,400,storage tank,54,316,86,335
313_jpg.rf.19cdf3c5fb111f207facdfe4b45defe6.jpg,400,400,storage tank,20,317,48,335
313_jpg.rf.19cdf3c5fb111f207facdfe4b45defe6.jpg,400,400,storage tank,148,296,181,316
313_jpg.rf.19cdf3c5fb111f207facdfe4b45defe6.jpg,400,400,storage tank,105,296,139,316
313_jpg.rf.19cdf3c5fb111f207facdfe4b45defe6.jpg,400,400,storage tank,54,295,86,316
313_jpg.rf.19cdf3c5fb111f207facdfe4b45defe6.jpg,400,400,storage tank,20,296,48,316
313_jpg.rf.19cdf3c5fb111f207facdfe4b45defe6.jpg,400,400,storage tank,148,275,181,295
313_jpg.rf.19cdf3c5fb111f207facdfe4b45defe6.jpg,400,400,storage tank,105,275,139,295
313_jpg.rf.19cdf3c5fb111f207facdfe4b45defe6.jpg,400,400,storage tank,54,275,86,296
313_jpg.rf.19cdf3c5fb111f207facdfe4b45defe6.jpg,400,400,storage tank,20,275,48,295
313_jpg.rf.19cdf3c5fb111f207facdfe4b45defe6.jpg,400,400,storage tank,148,255,181,275
313_jpg.rf.19cdf3c5fb111f207facdfe4b45defe6.jpg,400,400,storage tank,105,255,139,275
313_jpg.rf.19cdf3c5fb111f207facdfe4b45defe6.jpg,400,400,storage tank,54,254,86,275
313_jpg.rf.19cdf3c5fb111f207facdfe4b45defe6.jpg,400,400,storage tank,20,254,48,275
313_jpg.rf.19cdf3c5fb111f207facdfe4b45defe6.jpg,400,400,storage tank,306,210,336,232
313_jpg.rf.19cdf3c5fb111f207facdfe4b45defe6.jpg,400,400,storage tank,271,210,301,232
313_jpg.rf.19cdf3c5fb111f207facdfe4b45defe6.jpg,400,400,storage tank,339,168,369,188
313_jpg.rf.19cdf3c5fb111f207facdfe4b45defe6.jpg,400,400,storage tank,304,168,334,188
313_jpg.rf.19cdf3c5fb111f207facdfe4b45defe6.jpg,400,400,storage tank,277,168,307,188
313_jpg.rf.19cdf3c5fb111f207facdfe4b45defe6.jpg,400,400,storage tank,247,168,279,188
313_jpg.rf.19cdf3c5fb111f207facdfe4b45defe6.jpg,400,400,storage tank,221,168,250,188
313_jpg.rf.19cdf3c5fb111f207facdfe4b45defe6.jpg,400,400,storage tank,339,147,369,169
313_jpg.rf.19cdf3c5fb111f207facdfe4b45defe6.jpg,400,400,storage tank,304,147,334,169
313_jpg.rf.19cdf3c5fb111f207facdfe4b45defe6.jpg,400,400,storage tank,277,147,307,169
313_jpg.rf.19cdf3c5fb111f207facdfe4b45defe6.jpg,400,400,storage tank,247,147,279,169
313_jpg.rf.19cdf3c5fb111f207facdfe4b45defe6.jpg,400,400,storage tank,221,147,250,169
313_jpg.rf.19cdf3c5fb111f207facdfe4b45defe6.jpg,400,400,storage tank,150,211,180,231
313_jpg.rf.19cdf3c5fb111f207facdfe4b45defe6.jpg,400,400,storage tank,106,211,138,231
313_jpg.rf.19cdf3c5fb111f207facdfe4b45defe6.jpg,400,400,storage tank,54,211,86,231
313_jpg.rf.19cdf3c5fb111f207facdfe4b45defe6.jpg,400,400,storage tank,150,190,180,210
313_jpg.rf.19cdf3c5fb111f207facdfe4b45defe6.jpg,400,400,storage tank,106,190,138,210
313_jpg.rf.19cdf3c5fb111f207facdfe4b45defe6.jpg,400,400,storage tank,54,190,86,210
313_jpg.rf.19cdf3c5fb111f207facdfe4b45defe6.jpg,400,400,storage tank,150,169,180,189
313_jpg.rf.19cdf3c5fb111f207facdfe4b45defe6.jpg,400,400,storage tank,106,169,138,189
313_jpg.rf.19cdf3c5fb111f207facdfe4b45defe6.jpg,400,400,storage tank,54,169,86,189
313_jpg.rf.19cdf3c5fb111f207facdfe4b45defe6.jpg,400,400,storage tank,150,148,180,168
313_jpg.rf.19cdf3c5fb111f207facdfe4b45defe6.jpg,400,400,storage tank,106,148,138,168
313_jpg.rf.19cdf3c5fb111f207facdfe4b45defe6.jpg,400,400,storage tank,54,148,86,168
313_jpg.rf.19cdf3c5fb111f207facdfe4b45defe6.jpg,400,400,storage tank,277,37,309,56
313_jpg.rf.19cdf3c5fb111f207facdfe4b45defe6.jpg,400,400,storage tank,277,17,309,37
313_jpg.rf.19cdf3c5fb111f207facdfe4b45defe6.jpg,400,400,storage tank,148,44,179,64
313_jpg.rf.19cdf3c5fb111f207facdfe4b45defe6.jpg,400,400,storage tank,148,22,179,42
313_jpg.rf.19cdf3c5fb111f207facdfe4b45defe6.jpg,400,400,storage tank,109,45,139,64
313_jpg.rf.19cdf3c5fb111f207facdfe4b45defe6.jpg,400,400,storage tank,109,22,139,42
313_jpg.rf.19cdf3c5fb111f207facdfe4b45defe6.jpg,400,400,storage tank,58,47,89,67
313_jpg.rf.19cdf3c5fb111f207facdfe4b45defe6.jpg,400,400,storage tank,58,20,89,42
005_jpg.rf.b2717e06f48cfd74cc53f121ba939521.jpg,400,400,airplane,166,316,183,337
005_jpg.rf.b2717e06f48cfd74cc53f121ba939521.jpg,400,400,airplane,251,73,276,105
518_jpg.rf.ff18c49e67dd7c1f74c66c7cde800656.jpg,400,400,ship,9,114,34,137
518_jpg.rf.ff18c49e67dd7c1f74c66c7cde800656.jpg,400,400,ship,54,162,85,188
518_jpg.rf.ff18c49e67dd7c1f74c66c7cde800656.jpg,400,400,ship,145,14,160,54
518_jpg.rf.ff18c49e67dd7c1f74c66c7cde800656.jpg,400,400,ship,148,177,177,199
518_jpg.rf.ff18c49e67dd7c1f74c66c7cde800656.jpg,400,400,ship,122,302,149,318
518_jpg.rf.ff18c49e67dd7c1f74c66c7cde800656.jpg,400,400,ship,219,154,259,211
518_jpg.rf.ff18c49e67dd7c1f74c66c7cde800656.jpg,400,400,ship,192,359,208,377
518_jpg.rf.ff18c49e67dd7c1f74c66c7cde800656.jpg,400,400,ship,379,144,388,195
518_jpg.rf.ff18c49e67dd7c1f74c66c7cde800656.jpg,400,400,ship,320,332,330,360
545_jpg.rf.83e9bb421d105bf1e631d200daa36749.jpg,400,400,ground track field,131,186,286,312
344_jpg.rf.24d43ac4c5c3a1f671516c0eecdddb0a.jpg,400,400,tennis court,68,314,96,350
344_jpg.rf.24d43ac4c5c3a1f671516c0eecdddb0a.jpg,400,400,tennis court,80,293,106,329
344_jpg.rf.24d43ac4c5c3a1f671516c0eecdddb0a.jpg,400,400,tennis court,94,348,122,389
344_jpg.rf.24d43ac4c5c3a1f671516c0eecdddb0a.jpg,400,400,tennis court,107,326,134,365
344_jpg.rf.24d43ac4c5c3a1f671516c0eecdddb0a.jpg,400,400,tennis court,127,18,148,42
344_jpg.rf.24d43ac4c5c3a1f671516c0eecdddb0a.jpg,400,400,tennis court,136,7,157,30
344_jpg.rf.24d43ac4c5c3a1f671516c0eecdddb0a.jpg,400,400,basketball court,136,291,168,335
344_jpg.rf.24d43ac4c5c3a1f671516c0eecdddb0a.jpg,400,400,basketball court,147,268,179,312
344_jpg.rf.24d43ac4c5c3a1f671516c0eecdddb0a.jpg,400,400,basketball court,159,246,190,290
344_jpg.rf.24d43ac4c5c3a1f671516c0eecdddb0a.jpg,400,400,baseball diamond,197,37,232,80
196_jpg.rf.6cd7cec65b74ae1e5729636c0f3457f4.jpg,400,400,bridge,326,128,398,240
196_jpg.rf.6cd7cec65b74ae1e5729636c0f3457f4.jpg,400,400,bridge,264,220,334,272
196_jpg.rf.6cd7cec65b74ae1e5729636c0f3457f4.jpg,400,400,bridge,261,256,309,336
565_jpg.rf.8eced073ddd6fb50504fbaddd8b54857.jpg,400,400,basketball court,159,172,195,237
565_jpg.rf.8eced073ddd6fb50504fbaddd8b54857.jpg,400,400,basketball court,190,156,225,220
375_jpg.rf.4afbc2104b728a763697078d1e748cdf.jpg,400,400,vehicle,87,46,107,93
375_jpg.rf.4afbc2104b728a763697078d1e748cdf.jpg,400,400,vehicle,48,321,89,357
541_jpg.rf.e2ded52ec314db5a318ab1e8f0b29629.jpg,400,400,bridge,333,208,397,308
541_jpg.rf.e2ded52ec314db5a318ab1e8f0b29629.jpg,400,400,bridge,29,181,73,265
593_jpg.rf.910bc31fc0fedd4ef63dbea95542e51a.jpg,400,400,baseball diamond,329,203,378,289
593_jpg.rf.910bc31fc0fedd4ef63dbea95542e51a.jpg,400,400,tennis court,176,133,209,198
593_jpg.rf.910bc31fc0fedd4ef63dbea95542e51a.jpg,400,400,tennis court,157,152,190,218
593_jpg.rf.910bc31fc0fedd4ef63dbea95542e51a.jpg,400,400,basketball court,207,211,252,291
593_jpg.rf.910bc31fc0fedd4ef63dbea95542e51a.jpg,400,400,basketball court,181,235,226,322
604_jpg.rf.ea404fb72b5b7c48b71b3231823dda91.jpg,400,400,basketball court,150,141,199,168
604_jpg.rf.ea404fb72b5b7c48b71b3231823dda91.jpg,400,400,basketball court,149,165,199,193
604_jpg.rf.ea404fb72b5b7c48b71b3231823dda91.jpg,400,400,bridge,152,10,181,60
604_jpg.rf.ea404fb72b5b7c48b71b3231823dda91.jpg,400,400,bridge,337,25,351,78
125_jpg.rf.9b0513a9778042fd438e2ed95caed572.jpg,400,400,baseball diamond,108,102,147,166
125_jpg.rf.9b0513a9778042fd438e2ed95caed572.jpg,400,400,baseball diamond,193,189,233,249
636_jpg.rf.a00b9ef9a85fdad6d3af3f2ba24e1122.jpg,400,400,basketball court,224,122,268,184
636_jpg.rf.a00b9ef9a85fdad6d3af3f2ba24e1122.jpg,400,400,basketball court,187,126,231,188
581_jpg.rf.ff36558c9f22a5e3944d49a1fde68338.jpg,400,400,baseball diamond,31,163,64,218
581_jpg.rf.ff36558c9f22a5e3944d49a1fde68338.jpg,400,400,ground track field,27,23,143,115
345_jpg.rf.4d260258a480f9d444b9a19d0db0a21a.jpg,400,400,tennis court,91,64,114,111
345_jpg.rf.4d260258a480f9d444b9a19d0db0a21a.jpg,400,400,tennis court,110,59,133,104
345_jpg.rf.4d260258a480f9d444b9a19d0db0a21a.jpg,400,400,tennis court,129,51,153,97
345_jpg.rf.4d260258a480f9d444b9a19d0db0a21a.jpg,400,400,tennis court,161,73,186,121
345_jpg.rf.4d260258a480f9d444b9a19d0db0a21a.jpg,400,400,tennis court,181,67,205,113
345_jpg.rf.4d260258a480f9d444b9a19d0db0a21a.jpg,400,400,tennis court,214,89,240,138
345_jpg.rf.4d260258a480f9d444b9a19d0db0a21a.jpg,400,400,tennis court,232,83,259,130
345_jpg.rf.4d260258a480f9d444b9a19d0db0a21a.jpg,400,400,tennis court,73,150,98,201
345_jpg.rf.4d260258a480f9d444b9a19d0db0a21a.jpg,400,400,tennis court,94,142,118,192
345_jpg.rf.4d260258a480f9d444b9a19d0db0a21a.jpg,400,400,tennis court,115,135,138,186
345_jpg.rf.4d260258a480f9d444b9a19d0db0a21a.jpg,400,400,tennis court,149,160,173,213
345_jpg.rf.4d260258a480f9d444b9a19d0db0a21a.jpg,400,400,tennis court,168,153,194,204
345_jpg.rf.4d260258a480f9d444b9a19d0db0a21a.jpg,400,400,tennis court,203,178,231,231
345_jpg.rf.4d260258a480f9d444b9a19d0db0a21a.jpg,400,400,tennis court,223,169,251,223
345_jpg.rf.4d260258a480f9d444b9a19d0db0a21a.jpg,400,400,tennis court,243,161,272,214
345_jpg.rf.4d260258a480f9d444b9a19d0db0a21a.jpg,400,400,tennis court,223,274,252,334
345_jpg.rf.4d260258a480f9d444b9a19d0db0a21a.jpg,400,400,tennis court,244,265,273,325
345_jpg.rf.4d260258a480f9d444b9a19d0db0a21a.jpg,400,400,tennis court,265,256,294,316
452_jpg.rf.a22decb53177a27b9a89bf93063580eb.jpg,400,400,vehicle,361,101,377,132
452_jpg.rf.a22decb53177a27b9a89bf93063580eb.jpg,400,400,vehicle,321,207,335,235
452_jpg.rf.a22decb53177a27b9a89bf93063580eb.jpg,400,400,vehicle,305,250,319,277
452_jpg.rf.a22decb53177a27b9a89bf93063580eb.jpg,400,400,vehicle,364,133,376,162
452_jpg.rf.a22decb53177a27b9a89bf93063580eb.jpg,400,400,vehicle,282,289,301,327
444_jpg.rf.c2a1a0bd655cc89de74073793b1d9342.jpg,400,400,vehicle,55,10,75,37
444_jpg.rf.c2a1a0bd655cc89de74073793b1d9342.jpg,400,400,vehicle,47,61,67,91
444_jpg.rf.c2a1a0bd655cc89de74073793b1d9342.jpg,400,400,vehicle,135,84,150,105
444_jpg.rf.c2a1a0bd655cc89de74073793b1d9342.jpg,400,400,vehicle,148,96,168,123
444_jpg.rf.c2a1a0bd655cc89de74073793b1d9342.jpg,400,400,vehicle,194,137,209,160
444_jpg.rf.c2a1a0bd655cc89de74073793b1d9342.jpg,400,400,vehicle,148,201,167,228
444_jpg.rf.c2a1a0bd655cc89de74073793b1d9342.jpg,400,400,vehicle,340,212,357,231
444_jpg.rf.c2a1a0bd655cc89de74073793b1d9342.jpg,400,400,vehicle,344,241,362,257
444_jpg.rf.c2a1a0bd655cc89de74073793b1d9342.jpg,400,400,vehicle,275,63,283,93
409_jpg.rf.fae35e991d72b21a83f741d15c341fde.jpg,400,400,vehicle,45,23,73,65
409_jpg.rf.fae35e991d72b21a83f741d15c341fde.jpg,400,400,vehicle,89,75,112,114
409_jpg.rf.fae35e991d72b21a83f741d15c341fde.jpg,400,400,vehicle,131,61,153,101
409_jpg.rf.fae35e991d72b21a83f741d15c341fde.jpg,400,400,vehicle,150,20,164,59
409_jpg.rf.fae35e991d72b21a83f741d15c341fde.jpg,400,400,vehicle,155,91,181,136
409_jpg.rf.fae35e991d72b21a83f741d15c341fde.jpg,400,400,vehicle,154,157,176,201
409_jpg.rf.fae35e991d72b21a83f741d15c341fde.jpg,400,400,vehicle,181,172,203,215
409_jpg.rf.fae35e991d72b21a83f741d15c341fde.jpg,400,400,vehicle,200,244,220,282
409_jpg.rf.fae35e991d72b21a83f741d15c341fde.jpg,400,400,vehicle,127,229,151,271
409_jpg.rf.fae35e991d72b21a83f741d15c341fde.jpg,400,400,vehicle,72,237,96,275
608_jpg.rf.2c91f63da8e3dcc439fd26e0423dc519.jpg,400,400,baseball diamond,142,52,219,156
608_jpg.rf.2c91f63da8e3dcc439fd26e0423dc519.jpg,400,400,basketball court,75,244,107,316
608_jpg.rf.2c91f63da8e3dcc439fd26e0423dc519.jpg,400,400,basketball court,101,244,129,314
608_jpg.rf.2c91f63da8e3dcc439fd26e0423dc519.jpg,400,400,basketball court,125,244,156,315
608_jpg.rf.2c91f63da8e3dcc439fd26e0423dc519.jpg,400,400,tennis court,164,243,187,313
608_jpg.rf.2c91f63da8e3dcc439fd26e0423dc519.jpg,400,400,tennis court,188,242,212,312
608_jpg.rf.2c91f63da8e3dcc439fd26e0423dc519.jpg,400,400,tennis court,212,242,236,312
608_jpg.rf.2c91f63da8e3dcc439fd26e0423dc519.jpg,400,400,tennis court,239,242,263,312
196_jpg.rf.aeab6630ccd19b8ce93ca9d5ad6be6df.jpg,400,400,bridge,2,160,74,273
196_jpg.rf.aeab6630ccd19b8ce93ca9d5ad6be6df.jpg,400,400,bridge,66,128,136,180
196_jpg.rf.aeab6630ccd19b8ce93ca9d5ad6be6df.jpg,400,400,bridge,92,65,139,144
625_jpg.rf.419c9fdf8fa71543835411744b07c147.jpg,400,400,ground track field,273,42,377,302
625_jpg.rf.419c9fdf8fa71543835411744b07c147.jpg,400,400,baseball diamond,64,163,122,241
005_jpg.rf.f60f1b0fac897491a00f80511613e236.jpg,400,400,airplane,63,217,84,235
005_jpg.rf.f60f1b0fac897491a00f80511613e236.jpg,400,400,airplane,295,124,327,150
066_jpg.rf.99f1ef6ab0677bafb0d39ef3236262d3.jpg,400,400,airplane,108,205,144,262
066_jpg.rf.99f1ef6ab0677bafb0d39ef3236262d3.jpg,400,400,airplane,152,228,183,277
066_jpg.rf.99f1ef6ab0677bafb0d39ef3236262d3.jpg,400,400,airplane,203,195,241,247
066_jpg.rf.99f1ef6ab0677bafb0d39ef3236262d3.jpg,400,400,airplane,285,269,325,330
388_jpg.rf.e717939a527362d453097565a5a8d4ce.jpg,400,400,vehicle,137,155,163,185
388_jpg.rf.e717939a527362d453097565a5a8d4ce.jpg,400,400,vehicle,126,194,150,219
388_jpg.rf.e717939a527362d453097565a5a8d4ce.jpg,400,400,vehicle,110,224,134,251
388_jpg.rf.e717939a527362d453097565a5a8d4ce.jpg,400,400,vehicle,88,264,113,292
501_jpg.rf.c06834e25c7201ce2960ff8eea9771f5.jpg,400,400,ship,21,175,40,227
501_jpg.rf.c06834e25c7201ce2960ff8eea9771f5.jpg,400,400,ship,120,72,133,124
501_jpg.rf.c06834e25c7201ce2960ff8eea9771f5.jpg,400,400,ship,168,22,180,70
501_jpg.rf.c06834e25c7201ce2960ff8eea9771f5.jpg,400,400,ship,154,178,171,236
501_jpg.rf.c06834e25c7201ce2960ff8eea9771f5.jpg,400,400,ship,249,192,260,253
501_jpg.rf.c06834e25c7201ce2960ff8eea9771f5.jpg,400,400,ship,327,74,350,121
501_jpg.rf.c06834e25c7201ce2960ff8eea9771f5.jpg,400,400,ship,319,237,339,290
279_jpg.rf.c7122239ef97c0c4b034fd4bf7bd7865.jpg,400,400,harbor,121,157,148,211
279_jpg.rf.c7122239ef97c0c4b034fd4bf7bd7865.jpg,400,400,harbor,152,142,180,212
279_jpg.rf.c7122239ef97c0c4b034fd4bf7bd7865.jpg,400,400,harbor,188,137,220,206
279_jpg.rf.c7122239ef97c0c4b034fd4bf7bd7865.jpg,400,400,harbor,226,127,255,202
208_jpg.rf.2bed8bd0dc63d9359ffbbf3b23f988a2.jpg,400,400,ground track field,123,50,279,143
208_jpg.rf.2bed8bd0dc63d9359ffbbf3b23f988a2.jpg,400,400,tennis court,179,243,207,280
553_jpg.rf.06c9fd7a53af9aa6d4d7536330695158.jpg,400,400,bridge,266,151,367,265
553_jpg.rf.06c9fd7a53af9aa6d4d7536330695158.jpg,400,400,bridge,74,141,167,240
637_jpg.rf.4ac45386b193ef650b76ce6463cec12c.jpg,400,400,ground track field,198,108,289,245
637_jpg.rf.4ac45386b193ef650b76ce6463cec12c.jpg,400,400,baseball diamond,318,246,363,280
637_jpg.rf.4ac45386b193ef650b76ce6463cec12c.jpg,400,400,baseball diamond,291,108,337,139
637_jpg.rf.4ac45386b193ef650b76ce6463cec12c.jpg,400,400,baseball diamond,247,22,295,58
637_jpg.rf.4ac45386b193ef650b76ce6463cec12c.jpg,400,400,baseball diamond,214,301,261,335
560_jpg.rf.61cac6371d2693405b6af0fec94969b0.jpg,400,400,baseball diamond,64,124,99,170
560_jpg.rf.61cac6371d2693405b6af0fec94969b0.jpg,400,400,bridge,176,120,281,190
478_jpg.rf.53d49b610f952e9c42311c9fdc89e595.jpg,400,400,baseball diamond,126,67,154,106
478_jpg.rf.53d49b610f952e9c42311c9fdc89e595.jpg,400,400,baseball diamond,226,232,274,288
478_jpg.rf.53d49b610f952e9c42311c9fdc89e595.jpg,400,400,ground track field,111,106,284,212
506_jpg.rf.a5a80079151715515154df867e795682.jpg,400,400,ship,357,357,386,375
506_jpg.rf.a5a80079151715515154df867e795682.jpg,400,400,ship,354,247,381,283
506_jpg.rf.a5a80079151715515154df867e795682.jpg,400,400,ship,387,150,399,176
506_jpg.rf.a5a80079151715515154df867e795682.jpg,400,400,ship,333,108,349,153
506_jpg.rf.a5a80079151715515154df867e795682.jpg,400,400,ship,225,269,259,302
506_jpg.rf.a5a80079151715515154df867e795682.jpg,400,400,ship,239,72,273,133
506_jpg.rf.a5a80079151715515154df867e795682.jpg,400,400,ship,171,336,192,360
506_jpg.rf.a5a80079151715515154df867e795682.jpg,400,400,ship,143,146,162,208
506_jpg.rf.a5a80079151715515154df867e795682.jpg,400,400,ship,150,30,168,83
506_jpg.rf.a5a80079151715515154df867e795682.jpg,400,400,ship,101,335,124,373
294_jpg.rf.1ba16fff52c5308319eaf338d42219df.jpg,400,400,ship,33,44,56,77
294_jpg.rf.1ba16fff52c5308319eaf338d42219df.jpg,400,400,ship,123,197,146,231
294_jpg.rf.1ba16fff52c5308319eaf338d42219df.jpg,400,400,ship,362,174,377,199
294_jpg.rf.1ba16fff52c5308319eaf338d42219df.jpg,400,400,ship,325,325,338,370
461_jpg.rf.c62d34e0022c3243bc589c2aa3a25361.jpg,400,400,ground track field,68,177,309,261
490_jpg.rf.edbf2eb0689e7a640b15619030846233.jpg,400,400,ship,291,16,322,29
490_jpg.rf.edbf2eb0689e7a640b15619030846233.jpg,400,400,ship,351,69,386,84
490_jpg.rf.edbf2eb0689e7a640b15619030846233.jpg,400,400,ship,89,67,104,84
490_jpg.rf.edbf2eb0689e7a640b15619030846233.jpg,400,400,ship,67,175,91,193
490_jpg.rf.edbf2eb0689e7a640b15619030846233.jpg,400,400,ship,54,308,83,325
490_jpg.rf.edbf2eb0689e7a640b15619030846233.jpg,400,400,ship,190,130,219,161
490_jpg.rf.edbf2eb0689e7a640b15619030846233.jpg,400,400,ship,276,150,305,178
145_jpg.rf.6a308b31b5a98e8a81b903a9005a550d.jpg,400,400,basketball court,217,34,269,97
145_jpg.rf.6a308b31b5a98e8a81b903a9005a550d.jpg,400,400,basketball court,182,46,237,110
145_jpg.rf.6a308b31b5a98e8a81b903a9005a550d.jpg,400,400,tennis court,132,96,194,130
145_jpg.rf.6a308b31b5a98e8a81b903a9005a550d.jpg,400,400,tennis court,118,64,180,98
145_jpg.rf.6a308b31b5a98e8a81b903a9005a550d.jpg,400,400,tennis court,55,120,117,162
145_jpg.rf.6a308b31b5a98e8a81b903a9005a550d.jpg,400,400,tennis court,39,87,103,129
580_jpg.rf.e3cd6f740ada648ac2512be01fcc24b0.jpg,400,400,baseball diamond,256,28,286,75
580_jpg.rf.e3cd6f740ada648ac2512be01fcc24b0.jpg,400,400,baseball diamond,316,93,343,139
580_jpg.rf.e3cd6f740ada648ac2512be01fcc24b0.jpg,400,400,baseball diamond,199,71,234,124
580_jpg.rf.e3cd6f740ada648ac2512be01fcc24b0.jpg,400,400,baseball diamond,175,194,210,249
580_jpg.rf.e3cd6f740ada648ac2512be01fcc24b0.jpg,400,400,baseball diamond,53,195,110,293
534_jpg.rf.5599a0d45421111e04f3fcebee9e7e09.jpg,400,400,harbor,348,50,366,89
534_jpg.rf.5599a0d45421111e04f3fcebee9e7e09.jpg,400,400,harbor,314,52,339,90
534_jpg.rf.5599a0d45421111e04f3fcebee9e7e09.jpg,400,400,harbor,271,51,299,89
534_jpg.rf.5599a0d45421111e04f3fcebee9e7e09.jpg,400,400,harbor,217,48,248,89
534_jpg.rf.5599a0d45421111e04f3fcebee9e7e09.jpg,400,400,harbor,154,42,192,86
534_jpg.rf.5599a0d45421111e04f3fcebee9e7e09.jpg,400,400,harbor,69,37,125,75
534_jpg.rf.5599a0d45421111e04f3fcebee9e7e09.jpg,400,400,harbor,338,139,383,161
534_jpg.rf.5599a0d45421111e04f3fcebee9e7e09.jpg,400,400,harbor,328,167,386,187
534_jpg.rf.5599a0d45421111e04f3fcebee9e7e09.jpg,400,400,harbor,285,148,315,188
534_jpg.rf.5599a0d45421111e04f3fcebee9e7e09.jpg,400,400,harbor,155,314,185,342
534_jpg.rf.5599a0d45421111e04f3fcebee9e7e09.jpg,400,400,harbor,108,313,139,350
534_jpg.rf.5599a0d45421111e04f3fcebee9e7e09.jpg,400,400,harbor,49,317,91,360
344_jpg.rf.72b8b41c3a03110edf7a4f41f2f3e335.jpg,400,400,tennis court,304,314,332,350
344_jpg.rf.72b8b41c3a03110edf7a4f41f2f3e335.jpg,400,400,tennis court,294,293,320,329
344_jpg.rf.72b8b41c3a03110edf7a4f41f2f3e335.jpg,400,400,tennis court,278,349,306,389
344_jpg.rf.72b8b41c3a03110edf7a4f41f2f3e335.jpg,400,400,tennis court,267,326,294,366
344_jpg.rf.72b8b41c3a03110edf7a4f41f2f3e335.jpg,400,400,tennis court,252,18,273,42
344_jpg.rf.72b8b41c3a03110edf7a4f41f2f3e335.jpg,400,400,tennis court,243,8,265,30
344_jpg.rf.72b8b41c3a03110edf7a4f41f2f3e335.jpg,400,400,basketball court,232,291,264,335
344_jpg.rf.72b8b41c3a03110edf7a4f41f2f3e335.jpg,400,400,basketball court,221,268,253,312
344_jpg.rf.72b8b41c3a03110edf7a4f41f2f3e335.jpg,400,400,basketball court,210,246,241,290
344_jpg.rf.72b8b41c3a03110edf7a4f41f2f3e335.jpg,400,400,baseball diamond,169,37,204,81
013_jpg.rf.158ed8a79f1ec15bf24398f79d1dd044.jpg,400,400,airplane,6,325,82,376
013_jpg.rf.158ed8a79f1ec15bf24398f79d1dd044.jpg,400,400,airplane,96,328,146,365
013_jpg.rf.158ed8a79f1ec15bf24398f79d1dd044.jpg,400,400,airplane,166,327,231,368
013_jpg.rf.158ed8a79f1ec15bf24398f79d1dd044.jpg,400,400,airplane,235,326,309,374
013_jpg.rf.158ed8a79f1ec15bf24398f79d1dd044.jpg,400,400,airplane,316,324,388,371
013_jpg.rf.158ed8a79f1ec15bf24398f79d1dd044.jpg,400,400,airplane,53,229,121,271
013_jpg.rf.158ed8a79f1ec15bf24398f79d1dd044.jpg,400,400,airplane,138,227,214,275
013_jpg.rf.158ed8a79f1ec15bf24398f79d1dd044.jpg,400,400,airplane,232,225,306,273
013_jpg.rf.158ed8a79f1ec15bf24398f79d1dd044.jpg,400,400,airplane,315,225,391,273
013_jpg.rf.158ed8a79f1ec15bf24398f79d1dd044.jpg,400,400,airplane,153,140,226,187
013_jpg.rf.158ed8a79f1ec15bf24398f79d1dd044.jpg,400,400,airplane,43,100,114,148
013_jpg.rf.158ed8a79f1ec15bf24398f79d1dd044.jpg,400,400,airplane,240,100,306,147
013_jpg.rf.158ed8a79f1ec15bf24398f79d1dd044.jpg,400,400,airplane,316,101,384,145
336_jpg.rf.7d8d1e15adaef0b0992e7e29bdbe061a.jpg,400,400,tennis court,369,281,389,328
336_jpg.rf.7d8d1e15adaef0b0992e7e29bdbe061a.jpg,400,400,tennis court,330,206,347,247
336_jpg.rf.7d8d1e15adaef0b0992e7e29bdbe061a.jpg,400,400,tennis court,370,211,389,252
336_jpg.rf.7d8d1e15adaef0b0992e7e29bdbe061a.jpg,400,400,tennis court,314,144,329,180
336_jpg.rf.7d8d1e15adaef0b0992e7e29bdbe061a.jpg,400,400,tennis court,346,146,362,183
336_jpg.rf.7d8d1e15adaef0b0992e7e29bdbe061a.jpg,400,400,tennis court,281,85,296,122
336_jpg.rf.7d8d1e15adaef0b0992e7e29bdbe061a.jpg,400,400,tennis court,297,90,313,124
336_jpg.rf.7d8d1e15adaef0b0992e7e29bdbe061a.jpg,400,400,tennis court,314,90,329,124
336_jpg.rf.7d8d1e15adaef0b0992e7e29bdbe061a.jpg,400,400,tennis court,334,93,350,127
336_jpg.rf.7d8d1e15adaef0b0992e7e29bdbe061a.jpg,400,400,tennis court,349,92,366,128
077_jpg.rf.775eabedd3c8b56fd6f7e2f637743a33.jpg,400,400,airplane,152,276,165,294
077_jpg.rf.775eabedd3c8b56fd6f7e2f637743a33.jpg,400,400,airplane,165,211,188,238
077_jpg.rf.775eabedd3c8b56fd6f7e2f637743a33.jpg,400,400,airplane,279,39,296,62
077_jpg.rf.775eabedd3c8b56fd6f7e2f637743a33.jpg,400,400,airplane,284,165,300,188
077_jpg.rf.775eabedd3c8b56fd6f7e2f637743a33.jpg,400,400,airplane,307,155,325,179
077_jpg.rf.775eabedd3c8b56fd6f7e2f637743a33.jpg,400,400,airplane,329,148,347,172
490_jpg.rf.fc88e8465974f21c7baf845d98ebde6d.jpg,400,400,ship,17,291,29,322
490_jpg.rf.fc88e8465974f21c7baf845d98ebde6d.jpg,400,400,ship,69,351,84,386
490_jpg.rf.fc88e8465974f21c7baf845d98ebde6d.jpg,400,400,ship,67,90,84,104
490_jpg.rf.fc88e8465974f21c7baf845d98ebde6d.jpg,400,400,ship,175,67,193,91
490_jpg.rf.fc88e8465974f21c7baf845d98ebde6d.jpg,400,400,ship,308,55,325,83
490_jpg.rf.fc88e8465974f21c7baf845d98ebde6d.jpg,400,400,ship,130,191,162,219
490_jpg.rf.fc88e8465974f21c7baf845d98ebde6d.jpg,400,400,ship,150,276,178,305
601_jpg.rf.36d038bd167346da08f64adc4efdc47f.jpg,400,400,ground track field,95,77,192,283
636_jpg.rf.01bad896012d6d6909a41001d720f259.jpg,400,400,basketball court,216,133,278,177
636_jpg.rf.01bad896012d6d6909a41001d720f259.jpg,400,400,basketball court,212,170,274,214
623_jpg.rf.711f6ab520d1ee159e22d0aaa2c8422f.jpg,400,400,ground track field,120,69,354,187
623_jpg.rf.711f6ab520d1ee159e22d0aaa2c8422f.jpg,400,400,baseball diamond,337,310,383,343
623_jpg.rf.711f6ab520d1ee159e22d0aaa2c8422f.jpg,400,400,baseball diamond,320,212,382,254
623_jpg.rf.711f6ab520d1ee159e22d0aaa2c8422f.jpg,400,400,baseball diamond,277,260,333,300
623_jpg.rf.711f6ab520d1ee159e22d0aaa2c8422f.jpg,400,400,baseball diamond,125,206,203,262
502_jpg.rf.b2adf55673c7f48ce14175f1672cb765.jpg,400,400,ship,165,44,177,97
502_jpg.rf.b2adf55673c7f48ce14175f1672cb765.jpg,400,400,ship,243,147,270,195
502_jpg.rf.b2adf55673c7f48ce14175f1672cb765.jpg,400,400,ship,162,280,195,350
496_jpg.rf.503cea263b731b3d547fbdbb44ce7f47.jpg,400,400,tennis court,128,62,156,83
496_jpg.rf.503cea263b731b3d547fbdbb44ce7f47.jpg,400,400,tennis court,128,87,156,106
496_jpg.rf.503cea263b731b3d547fbdbb44ce7f47.jpg,400,400,tennis court,128,110,156,130
496_jpg.rf.503cea263b731b3d547fbdbb44ce7f47.jpg,400,400,tennis court,166,61,194,82
496_jpg.rf.503cea263b731b3d547fbdbb44ce7f47.jpg,400,400,tennis court,202,59,230,78
496_jpg.rf.503cea263b731b3d547fbdbb44ce7f47.jpg,400,400,basketball court,120,143,149,167
496_jpg.rf.503cea263b731b3d547fbdbb44ce7f47.jpg,400,400,basketball court,121,167,148,190
496_jpg.rf.503cea263b731b3d547fbdbb44ce7f47.jpg,400,400,basketball court,120,193,148,216
496_jpg.rf.503cea263b731b3d547fbdbb44ce7f47.jpg,400,400,basketball court,120,216,149,242
496_jpg.rf.503cea263b731b3d547fbdbb44ce7f47.jpg,400,400,ground track field,33,63,110,263
460_jpg.rf.89fa51c9a9ea41e80eb5a9c1bcbd55d2.jpg,400,400,ground track field,55,16,130,199
545_jpg.rf.57cb14ed6ad69fed586d377ee09402fb.jpg,400,400,ground track field,115,186,270,312
191_jpg.rf.d377ddd57d21e206f0651b5119da02a0.jpg,400,400,bridge,100,60,168,176
191_jpg.rf.d377ddd57d21e206f0651b5119da02a0.jpg,400,400,bridge,289,183,339,286
491_jpg.rf.277b9f613e6795428be8cb0504133a3e.jpg,400,400,bridge,143,40,190,68
491_jpg.rf.277b9f613e6795428be8cb0504133a3e.jpg,400,400,bridge,244,220,299,362
580_jpg.rf.8b6702daf7b89c29b7b7fa543c6f599e.jpg,400,400,baseball diamond,28,114,75,144
580_jpg.rf.8b6702daf7b89c29b7b7fa543c6f599e.jpg,400,400,baseball diamond,93,57,139,84
580_jpg.rf.8b6702daf7b89c29b7b7fa543c6f599e.jpg,400,400,baseball diamond,72,166,124,201
580_jpg.rf.8b6702daf7b89c29b7b7fa543c6f599e.jpg,400,400,baseball diamond,195,191,249,226
580_jpg.rf.8b6702daf7b89c29b7b7fa543c6f599e.jpg,400,400,baseball diamond,195,290,293,348
242_jpg.rf.59a34ead7afc47be327ad3d1eacf30c3.jpg,400,400,ground track field,98,80,231,176
242_jpg.rf.59a34ead7afc47be327ad3d1eacf30c3.jpg,400,400,baseball diamond,151,186,191,221
242_jpg.rf.59a34ead7afc47be327ad3d1eacf30c3.jpg,400,400,baseball diamond,85,306,127,343
143_jpg.rf.5ffa8fb4d9f198bcf32e3e54e6f99dcc.jpg,400,400,basketball court,132,303,180,347
478_jpg.rf.bd14de4ca25471d6d81fbd4a8d900c2a.jpg,400,400,baseball diamond,246,67,274,106
478_jpg.rf.bd14de4ca25471d6d81fbd4a8d900c2a.jpg,400,400,baseball diamond,127,232,175,288
478_jpg.rf.bd14de4ca25471d6d81fbd4a8d900c2a.jpg,400,400,ground track field,117,106,290,212
348_jpg.rf.e58428ac3c8ea036dc80c63d223ed6b4.jpg,400,400,tennis court,193,146,216,201
623_jpg.rf.fa37a800e8181af88e286c92278cd99b.jpg,400,400,ground track field,213,46,331,281
623_jpg.rf.fa37a800e8181af88e286c92278cd99b.jpg,400,400,baseball diamond,57,17,90,64
623_jpg.rf.fa37a800e8181af88e286c92278cd99b.jpg,400,400,baseball diamond,146,19,189,80
623_jpg.rf.fa37a800e8181af88e286c92278cd99b.jpg,400,400,baseball diamond,101,67,141,123
623_jpg.rf.fa37a800e8181af88e286c92278cd99b.jpg,400,400,baseball diamond,138,198,194,275
588_jpg.rf.e5f7249eee6b906bd0f0a648e8d56c6d.jpg,400,400,ground track field,82,33,282,133
588_jpg.rf.e5f7249eee6b906bd0f0a648e8d56c6d.jpg,400,400,baseball diamond,188,195,249,238
588_jpg.rf.e5f7249eee6b906bd0f0a648e8d56c6d.jpg,400,400,tennis court,104,168,138,180
588_jpg.rf.e5f7249eee6b906bd0f0a648e8d56c6d.jpg,400,400,tennis court,108,155,140,169
588_jpg.rf.e5f7249eee6b906bd0f0a648e8d56c6d.jpg,400,400,tennis court,113,145,145,157
588_jpg.rf.e5f7249eee6b906bd0f0a648e8d56c6d.jpg,400,400,tennis court,119,133,153,147
117_jpg.rf.a5352e8a891cc70603c8196934a49c82.jpg,400,400,baseball diamond,127,109,170,155
117_jpg.rf.a5352e8a891cc70603c8196934a49c82.jpg,400,400,baseball diamond,189,118,216,151
117_jpg.rf.a5352e8a891cc70603c8196934a49c82.jpg,400,400,baseball diamond,190,183,217,218
117_jpg.rf.a5352e8a891cc70603c8196934a49c82.jpg,400,400,baseball diamond,145,190,168,217
016_jpg.rf.0b890921ac73d78b519d7cab48cfaba8.jpg,400,400,airplane,47,74,88,136
016_jpg.rf.0b890921ac73d78b519d7cab48cfaba8.jpg,400,400,airplane,45,145,85,206
016_jpg.rf.0b890921ac73d78b519d7cab48cfaba8.jpg,400,400,airplane,45,213,91,280
016_jpg.rf.0b890921ac73d78b519d7cab48cfaba8.jpg,400,400,airplane,188,130,236,197
016_jpg.rf.0b890921ac73d78b519d7cab48cfaba8.jpg,400,400,airplane,286,31,327,96
016_jpg.rf.0b890921ac73d78b519d7cab48cfaba8.jpg,400,400,airplane,291,102,341,169
016_jpg.rf.0b890921ac73d78b519d7cab48cfaba8.jpg,400,400,airplane,297,167,345,241
016_jpg.rf.0b890921ac73d78b519d7cab48cfaba8.jpg,400,400,airplane,305,245,349,316
563_jpg.rf.1c73ae4c17d05bf8c4ee9a567fbf49a9.jpg,400,400,airplane,39,257,62,293
563_jpg.rf.1c73ae4c17d05bf8c4ee9a567fbf49a9.jpg,400,400,airplane,33,351,61,388
563_jpg.rf.1c73ae4c17d05bf8c4ee9a567fbf49a9.jpg,400,400,airplane,72,258,96,300
563_jpg.rf.1c73ae4c17d05bf8c4ee9a567fbf49a9.jpg,400,400,airplane,109,251,130,291
563_jpg.rf.1c73ae4c17d05bf8c4ee9a567fbf49a9.jpg,400,400,airplane,78,150,97,185
563_jpg.rf.1c73ae4c17d05bf8c4ee9a567fbf49a9.jpg,400,400,airplane,107,117,129,154
563_jpg.rf.1c73ae4c17d05bf8c4ee9a567fbf49a9.jpg,400,400,airplane,152,56,171,86
563_jpg.rf.1c73ae4c17d05bf8c4ee9a567fbf49a9.jpg,400,400,airplane,230,14,255,46
563_jpg.rf.1c73ae4c17d05bf8c4ee9a567fbf49a9.jpg,400,400,airplane,225,94,251,131
563_jpg.rf.1c73ae4c17d05bf8c4ee9a567fbf49a9.jpg,400,400,airplane,268,119,286,154
563_jpg.rf.1c73ae4c17d05bf8c4ee9a567fbf49a9.jpg,400,400,airplane,306,108,328,146
563_jpg.rf.1c73ae4c17d05bf8c4ee9a567fbf49a9.jpg,400,400,airplane,279,236,305,280
563_jpg.rf.1c73ae4c17d05bf8c4ee9a567fbf49a9.jpg,400,400,airplane,361,157,384,194
563_jpg.rf.1c73ae4c17d05bf8c4ee9a567fbf49a9.jpg,400,400,airplane,351,205,378,241
073_jpg.rf.2f3b9370c9c018df01f0c2c377f9f3b1.jpg,400,400,airplane,169,315,203,336
399_jpg.rf.b72dfe946de19767e9e1716d1ccae365.jpg,400,400,vehicle,7,248,35,274
399_jpg.rf.b72dfe946de19767e9e1716d1ccae365.jpg,400,400,vehicle,73,115,101,143
399_jpg.rf.b72dfe946de19767e9e1716d1ccae365.jpg,400,400,vehicle,167,71,196,97
399_jpg.rf.b72dfe946de19767e9e1716d1ccae365.jpg,400,400,vehicle,209,87,240,113
399_jpg.rf.b72dfe946de19767e9e1716d1ccae365.jpg,400,400,vehicle,202,120,228,144
399_jpg.rf.b72dfe946de19767e9e1716d1ccae365.jpg,400,400,vehicle,236,37,266,64
399_jpg.rf.b72dfe946de19767e9e1716d1ccae365.jpg,400,400,vehicle,124,98,153,116
399_jpg.rf.b72dfe946de19767e9e1716d1ccae365.jpg,400,400,vehicle,236,139,265,159
506_jpg.rf.039b8ac455596978b28cc50b3206a7d7.jpg,400,400,ship,15,26,44,44
506_jpg.rf.039b8ac455596978b28cc50b3206a7d7.jpg,400,400,ship,20,117,47,153
506_jpg.rf.039b8ac455596978b28cc50b3206a7d7.jpg,400,400,ship,2,224,14,250
506_jpg.rf.039b8ac455596978b28cc50b3206a7d7.jpg,400,400,ship,51,248,67,293
506_jpg.rf.039b8ac455596978b28cc50b3206a7d7.jpg,400,400,ship,141,99,175,132
506_jpg.rf.039b8ac455596978b28cc50b3206a7d7.jpg,400,400,ship,127,267,161,328
506_jpg.rf.039b8ac455596978b28cc50b3206a7d7.jpg,400,400,ship,208,40,229,64
506_jpg.rf.039b8ac455596978b28cc50b3206a7d7.jpg,400,400,ship,238,193,257,254
506_jpg.rf.039b8ac455596978b28cc50b3206a7d7.jpg,400,400,ship,232,317,251,370
506_jpg.rf.039b8ac455596978b28cc50b3206a7d7.jpg,400,400,ship,276,27,299,65
446_jpg.rf.a84ab697052548945e01504a61b15e3e.jpg,400,400,vehicle,244,52,262,84
446_jpg.rf.a84ab697052548945e01504a61b15e3e.jpg,400,400,vehicle,364,295,380,324
446_jpg.rf.a84ab697052548945e01504a61b15e3e.jpg,400,400,vehicle,270,172,285,192
446_jpg.rf.a84ab697052548945e01504a61b15e3e.jpg,400,400,vehicle,321,203,337,229
213_jpg.rf.92daa63a2dffe4da3badcabad860f6b1.jpg,400,400,ground track field,277,62,342,296
360_jpg.rf.dd1439fbe8e2e22dfc7a678b9465e1ff.jpg,400,400,tennis court,294,240,341,263
360_jpg.rf.dd1439fbe8e2e22dfc7a678b9465e1ff.jpg,400,400,tennis court,292,210,338,234
360_jpg.rf.dd1439fbe8e2e22dfc7a678b9465e1ff.jpg,400,400,tennis court,288,185,340,207
360_jpg.rf.dd1439fbe8e2e22dfc7a678b9465e1ff.jpg,400,400,tennis court,217,207,271,231
360_jpg.rf.dd1439fbe8e2e22dfc7a678b9465e1ff.jpg,400,400,tennis court,215,178,270,198
360_jpg.rf.dd1439fbe8e2e22dfc7a678b9465e1ff.jpg,400,400,tennis court,212,145,267,169
360_jpg.rf.dd1439fbe8e2e22dfc7a678b9465e1ff.jpg,400,400,tennis court,133,168,195,193
360_jpg.rf.dd1439fbe8e2e22dfc7a678b9465e1ff.jpg,400,400,tennis court,129,136,189,160
360_jpg.rf.dd1439fbe8e2e22dfc7a678b9465e1ff.jpg,400,400,tennis court,127,104,187,128
110_jpg.rf.300a2ed5691411da8be909981e0d3680.jpg,400,400,baseball diamond,167,154,216,220
442_jpg.rf.7245df22205cf0d22660c77d09867e02.jpg,400,400,vehicle,62,208,80,231
442_jpg.rf.7245df22205cf0d22660c77d09867e02.jpg,400,400,vehicle,58,40,78,67
442_jpg.rf.7245df22205cf0d22660c77d09867e02.jpg,400,400,vehicle,93,80,106,109
442_jpg.rf.7245df22205cf0d22660c77d09867e02.jpg,400,400,vehicle,102,90,115,119
442_jpg.rf.7245df22205cf0d22660c77d09867e02.jpg,400,400,vehicle,173,89,195,121
442_jpg.rf.7245df22205cf0d22660c77d09867e02.jpg,400,400,vehicle,201,186,214,216
442_jpg.rf.7245df22205cf0d22660c77d09867e02.jpg,400,400,vehicle,220,205,233,234
442_jpg.rf.7245df22205cf0d22660c77d09867e02.jpg,400,400,vehicle,229,216,240,242
442_jpg.rf.7245df22205cf0d22660c77d09867e02.jpg,400,400,vehicle,288,266,299,293
442_jpg.rf.7245df22205cf0d22660c77d09867e02.jpg,400,400,vehicle,302,285,315,315
442_jpg.rf.7245df22205cf0d22660c77d09867e02.jpg,400,400,vehicle,358,351,369,376
442_jpg.rf.7245df22205cf0d22660c77d09867e02.jpg,400,400,vehicle,349,65,361,94
442_jpg.rf.7245df22205cf0d22660c77d09867e02.jpg,400,400,vehicle,369,78,382,107
442_jpg.rf.7245df22205cf0d22660c77d09867e02.jpg,400,400,vehicle,386,96,398,126
442_jpg.rf.7245df22205cf0d22660c77d09867e02.jpg,400,400,vehicle,139,125,150,150
442_jpg.rf.7245df22205cf0d22660c77d09867e02.jpg,400,400,vehicle,171,160,181,181
442_jpg.rf.7245df22205cf0d22660c77d09867e02.jpg,400,400,vehicle,240,219,251,242
442_jpg.rf.7245df22205cf0d22660c77d09867e02.jpg,400,400,vehicle,244,158,260,181
015_jpg.rf.b550ed77ed816fc61261b3999f1b923d.jpg,400,400,airplane,183,337,243,381
015_jpg.rf.b550ed77ed816fc61261b3999f1b923d.jpg,400,400,airplane,180,294,242,336
015_jpg.rf.b550ed77ed816fc61261b3999f1b923d.jpg,400,400,airplane,298,182,366,234
015_jpg.rf.b550ed77ed816fc61261b3999f1b923d.jpg,400,400,airplane,18,127,86,170
015_jpg.rf.b550ed77ed816fc61261b3999f1b923d.jpg,400,400,airplane,14,86,77,128
015_jpg.rf.b550ed77ed816fc61261b3999f1b923d.jpg,400,400,airplane,212,24,275,67
015_jpg.rf.b550ed77ed816fc61261b3999f1b923d.jpg,400,400,airplane,17,45,73,85
283_jpg.rf.aa3f2b35205171548e186582a80d665f.jpg,400,400,harbor,9,128,27,186
283_jpg.rf.aa3f2b35205171548e186582a80d665f.jpg,400,400,harbor,33,127,53,194
283_jpg.rf.aa3f2b35205171548e186582a80d665f.jpg,400,400,harbor,57,126,78,193
283_jpg.rf.aa3f2b35205171548e186582a80d665f.jpg,400,400,harbor,84,125,103,189
283_jpg.rf.aa3f2b35205171548e186582a80d665f.jpg,400,400,harbor,111,123,131,187
283_jpg.rf.aa3f2b35205171548e186582a80d665f.jpg,400,400,harbor,139,119,163,184
283_jpg.rf.aa3f2b35205171548e186582a80d665f.jpg,400,400,harbor,168,115,193,184
283_jpg.rf.aa3f2b35205171548e186582a80d665f.jpg,400,400,harbor,199,116,226,179
283_jpg.rf.aa3f2b35205171548e186582a80d665f.jpg,400,400,harbor,241,112,270,179
283_jpg.rf.aa3f2b35205171548e186582a80d665f.jpg,400,400,harbor,276,107,312,180
283_jpg.rf.aa3f2b35205171548e186582a80d665f.jpg,400,400,harbor,327,113,361,174
283_jpg.rf.aa3f2b35205171548e186582a80d665f.jpg,400,400,harbor,367,109,398,172
650_jpg.rf.65e0c5145c337bb9d2ec8f6c984601b8.jpg,400,400,basketball court,208,104,237,174
650_jpg.rf.65e0c5145c337bb9d2ec8f6c984601b8.jpg,400,400,basketball court,234,102,264,172
315_jpg.rf.41198f49245f1e09c76e68bce9658790.jpg,400,400,storage tank,78,90,100,123
315_jpg.rf.41198f49245f1e09c76e68bce9658790.jpg,400,400,storage tank,57,88,81,122
315_jpg.rf.41198f49245f1e09c76e68bce9658790.jpg,400,400,storage tank,41,76,63,108
315_jpg.rf.41198f49245f1e09c76e68bce9658790.jpg,400,400,storage tank,84,121,108,159
315_jpg.rf.41198f49245f1e09c76e68bce9658790.jpg,400,400,storage tank,64,122,88,159
315_jpg.rf.41198f49245f1e09c76e68bce9658790.jpg,400,400,storage tank,42,123,66,157
315_jpg.rf.41198f49245f1e09c76e68bce9658790.jpg,400,400,storage tank,98,163,115,193
315_jpg.rf.41198f49245f1e09c76e68bce9658790.jpg,400,400,storage tank,98,188,116,216
315_jpg.rf.41198f49245f1e09c76e68bce9658790.jpg,400,400,storage tank,83,164,101,192
315_jpg.rf.41198f49245f1e09c76e68bce9658790.jpg,400,400,storage tank,83,190,101,217
315_jpg.rf.41198f49245f1e09c76e68bce9658790.jpg,400,400,storage tank,61,173,85,211
315_jpg.rf.41198f49245f1e09c76e68bce9658790.jpg,400,400,storage tank,99,217,116,244
315_jpg.rf.41198f49245f1e09c76e68bce9658790.jpg,400,400,storage tank,99,241,116,270
315_jpg.rf.41198f49245f1e09c76e68bce9658790.jpg,400,400,storage tank,84,218,101,244
315_jpg.rf.41198f49245f1e09c76e68bce9658790.jpg,400,400,storage tank,83,241,101,270
315_jpg.rf.41198f49245f1e09c76e68bce9658790.jpg,400,400,storage tank,69,217,86,245
315_jpg.rf.41198f49245f1e09c76e68bce9658790.jpg,400,400,storage tank,68,241,86,269
315_jpg.rf.41198f49245f1e09c76e68bce9658790.jpg,400,400,storage tank,55,220,71,245
315_jpg.rf.41198f49245f1e09c76e68bce9658790.jpg,400,400,storage tank,55,241,71,264
315_jpg.rf.41198f49245f1e09c76e68bce9658790.jpg,400,400,storage tank,99,269,117,299
315_jpg.rf.41198f49245f1e09c76e68bce9658790.jpg,400,400,storage tank,84,268,102,298
315_jpg.rf.41198f49245f1e09c76e68bce9658790.jpg,400,400,storage tank,69,270,86,298
315_jpg.rf.41198f49245f1e09c76e68bce9658790.jpg,400,400,storage tank,54,269,72,299
315_jpg.rf.41198f49245f1e09c76e68bce9658790.jpg,400,400,storage tank,80,300,102,337
315_jpg.rf.41198f49245f1e09c76e68bce9658790.jpg,400,400,storage tank,54,302,78,338
315_jpg.rf.41198f49245f1e09c76e68bce9658790.jpg,400,400,ship,336,61,349,108
315_jpg.rf.41198f49245f1e09c76e68bce9658790.jpg,400,400,ship,336,218,362,256
315_jpg.rf.41198f49245f1e09c76e68bce9658790.jpg,400,400,ship,271,209,291,250
315_jpg.rf.41198f49245f1e09c76e68bce9658790.jpg,400,400,ship,214,21,230,61
315_jpg.rf.41198f49245f1e09c76e68bce9658790.jpg,400,400,ship,156,23,174,55
022_jpg.rf.db4b013f50bbf590ff626a66001b3e85.jpg,400,400,airplane,10,236,30,294
022_jpg.rf.db4b013f50bbf590ff626a66001b3e85.jpg,400,400,airplane,57,241,75,292
022_jpg.rf.db4b013f50bbf590ff626a66001b3e85.jpg,400,400,airplane,77,235,105,299
022_jpg.rf.db4b013f50bbf590ff626a66001b3e85.jpg,400,400,airplane,111,243,131,291
022_jpg.rf.db4b013f50bbf590ff626a66001b3e85.jpg,400,400,airplane,176,255,199,310
022_jpg.rf.db4b013f50bbf590ff626a66001b3e85.jpg,400,400,airplane,258,258,282,312
022_jpg.rf.db4b013f50bbf590ff626a66001b3e85.jpg,400,400,airplane,348,274,367,324
022_jpg.rf.db4b013f50bbf590ff626a66001b3e85.jpg,400,400,airplane,343,351,369,392
022_jpg.rf.db4b013f50bbf590ff626a66001b3e85.jpg,400,400,airplane,12,104,34,164
022_jpg.rf.db4b013f50bbf590ff626a66001b3e85.jpg,400,400,airplane,86,119,110,177
022_jpg.rf.db4b013f50bbf590ff626a66001b3e85.jpg,400,400,airplane,117,122,136,178
022_jpg.rf.db4b013f50bbf590ff626a66001b3e85.jpg,400,400,airplane,184,131,207,191
022_jpg.rf.db4b013f50bbf590ff626a66001b3e85.jpg,400,400,airplane,215,137,239,196
022_jpg.rf.db4b013f50bbf590ff626a66001b3e85.jpg,400,400,airplane,249,87,271,139
022_jpg.rf.db4b013f50bbf590ff626a66001b3e85.jpg,400,400,airplane,300,67,327,111
022_jpg.rf.db4b013f50bbf590ff626a66001b3e85.jpg,400,400,airplane,336,147,359,205
022_jpg.rf.db4b013f50bbf590ff626a66001b3e85.jpg,400,400,airplane,364,148,387,212
433_jpg.rf.30cf0a714cc00dad9c11e66dd9ba6566.jpg,400,400,vehicle,19,60,39,76
433_jpg.rf.30cf0a714cc00dad9c11e66dd9ba6566.jpg,400,400,vehicle,152,206,162,241
433_jpg.rf.30cf0a714cc00dad9c11e66dd9ba6566.jpg,400,400,vehicle,97,332,119,346
433_jpg.rf.30cf0a714cc00dad9c11e66dd9ba6566.jpg,400,400,vehicle,128,330,147,344
433_jpg.rf.30cf0a714cc00dad9c11e66dd9ba6566.jpg,400,400,vehicle,229,329,247,343
433_jpg.rf.30cf0a714cc00dad9c11e66dd9ba6566.jpg,400,400,vehicle,251,327,272,343
433_jpg.rf.30cf0a714cc00dad9c11e66dd9ba6566.jpg,400,400,vehicle,271,281,289,295
433_jpg.rf.30cf0a714cc00dad9c11e66dd9ba6566.jpg,400,400,vehicle,330,275,348,289
433_jpg.rf.30cf0a714cc00dad9c11e66dd9ba6566.jpg,400,400,vehicle,350,274,370,287
433_jpg.rf.30cf0a714cc00dad9c11e66dd9ba6566.jpg,400,400,vehicle,246,285,266,298
433_jpg.rf.30cf0a714cc00dad9c11e66dd9ba6566.jpg,400,400,vehicle,71,333,91,347
603_jpg.rf.90c3ee0defc1e25884a83f9439ce0ec5.jpg,400,400,baseball diamond,307,96,346,124
603_jpg.rf.90c3ee0defc1e25884a83f9439ce0ec5.jpg,400,400,baseball diamond,231,198,275,231
603_jpg.rf.90c3ee0defc1e25884a83f9439ce0ec5.jpg,400,400,baseball diamond,239,243,303,289
603_jpg.rf.90c3ee0defc1e25884a83f9439ce0ec5.jpg,400,400,baseball diamond,175,253,221,286
603_jpg.rf.90c3ee0defc1e25884a83f9439ce0ec5.jpg,400,400,baseball diamond,161,207,209,239
603_jpg.rf.90c3ee0defc1e25884a83f9439ce0ec5.jpg,400,400,baseball diamond,203,101,251,137
603_jpg.rf.90c3ee0defc1e25884a83f9439ce0ec5.jpg,400,400,baseball diamond,97,104,175,158
603_jpg.rf.90c3ee0defc1e25884a83f9439ce0ec5.jpg,400,400,baseball diamond,90,273,130,297
387_jpg.rf.166acf82e2eb700a56ea8e4891d96733.jpg,400,400,vehicle,263,331,291,356
387_jpg.rf.166acf82e2eb700a56ea8e4891d96733.jpg,400,400,vehicle,210,328,254,346
387_jpg.rf.166acf82e2eb700a56ea8e4891d96733.jpg,400,400,vehicle,260,227,290,255
387_jpg.rf.166acf82e2eb700a56ea8e4891d96733.jpg,400,400,vehicle,346,74,374,100
387_jpg.rf.166acf82e2eb700a56ea8e4891d96733.jpg,400,400,vehicle,339,26,371,56
228_jpg.rf.4954d34f76a986f1b0b9ae538e3b4fe1.jpg,400,400,ground track field,87,114,341,322
228_jpg.rf.4954d34f76a986f1b0b9ae538e3b4fe1.jpg,400,400,tennis court,174,70,224,88
228_jpg.rf.4954d34f76a986f1b0b9ae538e3b4fe1.jpg,400,400,tennis court,174,92,226,112
614_jpg.rf.d3fb3b59c79fe326e20c137d2d2336d6.jpg,400,400,baseball diamond,283,59,324,113
614_jpg.rf.d3fb3b59c79fe326e20c137d2d2336d6.jpg,400,400,baseball diamond,364,84,392,119
614_jpg.rf.d3fb3b59c79fe326e20c137d2d2336d6.jpg,400,400,baseball diamond,145,56,173,94
614_jpg.rf.d3fb3b59c79fe326e20c137d2d2336d6.jpg,400,400,ground track field,100,102,178,312
419_jpg.rf.9cc0b7ee472e4a437cd8983684809340.jpg,400,400,vehicle,112,7,136,35
419_jpg.rf.9cc0b7ee472e4a437cd8983684809340.jpg,400,400,vehicle,210,37,234,61
419_jpg.rf.9cc0b7ee472e4a437cd8983684809340.jpg,400,400,vehicle,232,39,255,69
419_jpg.rf.9cc0b7ee472e4a437cd8983684809340.jpg,400,400,vehicle,252,45,278,75
419_jpg.rf.9cc0b7ee472e4a437cd8983684809340.jpg,400,400,vehicle,319,4,350,34
558_jpg.rf.dc69420b1b8707c2e1e7fe3d10ec8779.jpg,400,400,bridge,129,11,242,69
558_jpg.rf.dc69420b1b8707c2e1e7fe3d10ec8779.jpg,400,400,bridge,128,180,245,233
558_jpg.rf.dc69420b1b8707c2e1e7fe3d10ec8779.jpg,400,400,bridge,142,269,240,322
646_jpg.rf.b514f60f9ad853da05c3f1081f3b8211.jpg,400,400,baseball diamond,321,18,378,89
646_jpg.rf.b514f60f9ad853da05c3f1081f3b8211.jpg,400,400,basketball court,179,91,201,147
646_jpg.rf.b514f60f9ad853da05c3f1081f3b8211.jpg,400,400,basketball court,156,91,180,150
646_jpg.rf.b514f60f9ad853da05c3f1081f3b8211.jpg,400,400,baseball diamond,129,286,178,363
067_jpg.rf.fdf7b75331e06ff1855c631ab7a1929b.jpg,400,400,airplane,5,84,47,119
067_jpg.rf.fdf7b75331e06ff1855c631ab7a1929b.jpg,400,400,storage tank,325,198,349,217
067_jpg.rf.fdf7b75331e06ff1855c631ab7a1929b.jpg,400,400,storage tank,295,207,321,226
067_jpg.rf.fdf7b75331e06ff1855c631ab7a1929b.jpg,400,400,storage tank,337,220,362,240
067_jpg.rf.fdf7b75331e06ff1855c631ab7a1929b.jpg,400,400,storage tank,308,231,334,250
067_jpg.rf.fdf7b75331e06ff1855c631ab7a1929b.jpg,400,400,storage tank,350,245,373,263
067_jpg.rf.fdf7b75331e06ff1855c631ab7a1929b.jpg,400,400,storage tank,320,255,344,274
067_jpg.rf.fdf7b75331e06ff1855c631ab7a1929b.jpg,400,400,storage tank,362,268,385,287
067_jpg.rf.fdf7b75331e06ff1855c631ab7a1929b.jpg,400,400,storage tank,332,277,357,296
523_jpg.rf.09f3398784cc7941d8b91af815467c36.jpg,400,400,harbor,260,288,276,362
523_jpg.rf.09f3398784cc7941d8b91af815467c36.jpg,400,400,harbor,260,286,324,310
523_jpg.rf.09f3398784cc7941d8b91af815467c36.jpg,400,400,harbor,263,221,328,260
523_jpg.rf.09f3398784cc7941d8b91af815467c36.jpg,400,400,harbor,281,168,333,197
523_jpg.rf.09f3398784cc7941d8b91af815467c36.jpg,400,400,harbor,194,180,274,203
523_jpg.rf.09f3398784cc7941d8b91af815467c36.jpg,400,400,harbor,198,355,243,381
523_jpg.rf.09f3398784cc7941d8b91af815467c36.jpg,400,400,harbor,192,295,245,333
523_jpg.rf.09f3398784cc7941d8b91af815467c36.jpg,400,400,harbor,192,228,248,269
523_jpg.rf.09f3398784cc7941d8b91af815467c36.jpg,400,400,harbor,122,338,174,381
523_jpg.rf.09f3398784cc7941d8b91af815467c36.jpg,400,400,harbor,115,268,168,310
523_jpg.rf.09f3398784cc7941d8b91af815467c36.jpg,400,400,harbor,109,202,165,242
523_jpg.rf.09f3398784cc7941d8b91af815467c36.jpg,400,400,harbor,105,132,162,174
523_jpg.rf.09f3398784cc7941d8b91af815467c36.jpg,400,400,harbor,79,79,161,106
472_jpg.rf.cab02e4af3cb7ea027c6c48a9f598e82.jpg,400,400,baseball diamond,184,68,236,126
472_jpg.rf.cab02e4af3cb7ea027c6c48a9f598e82.jpg,400,400,ground track field,227,103,309,287
303_jpg.rf.d036e05984ca9634b01f450985302134.jpg,400,400,ship,60,70,81,106
303_jpg.rf.d036e05984ca9634b01f450985302134.jpg,400,400,ship,109,165,120,199
303_jpg.rf.d036e05984ca9634b01f450985302134.jpg,400,400,ship,127,305,146,330
303_jpg.rf.d036e05984ca9634b01f450985302134.jpg,400,400,ship,174,39,189,71
303_jpg.rf.d036e05984ca9634b01f450985302134.jpg,400,400,ship,244,44,260,75
472_jpg.rf.b4f44778c8b461ef9b01562c80ff8604.jpg,400,400,baseball diamond,68,164,125,216
472_jpg.rf.b4f44778c8b461ef9b01562c80ff8604.jpg,400,400,ground track field,102,91,287,173
070_jpg.rf.ed8e58a8f2c9f37e5cca7262bb04dcf9.jpg,400,400,airplane,154,21,167,38
070_jpg.rf.ed8e58a8f2c9f37e5cca7262bb04dcf9.jpg,400,400,airplane,24,74,39,93
070_jpg.rf.ed8e58a8f2c9f37e5cca7262bb04dcf9.jpg,400,400,airplane,40,92,70,124
070_jpg.rf.ed8e58a8f2c9f37e5cca7262bb04dcf9.jpg,400,400,airplane,58,128,81,154
070_jpg.rf.ed8e58a8f2c9f37e5cca7262bb04dcf9.jpg,400,400,airplane,95,190,118,215
070_jpg.rf.ed8e58a8f2c9f37e5cca7262bb04dcf9.jpg,400,400,airplane,156,286,189,327
070_jpg.rf.ed8e58a8f2c9f37e5cca7262bb04dcf9.jpg,400,400,airplane,181,341,198,365
397_jpg.rf.399f0c91bb1f2fe63bf8404fcb9c6260.jpg,400,400,vehicle,6,43,21,85
397_jpg.rf.399f0c91bb1f2fe63bf8404fcb9c6260.jpg,400,400,vehicle,13,93,31,136
397_jpg.rf.399f0c91bb1f2fe63bf8404fcb9c6260.jpg,400,400,vehicle,46,99,64,141
397_jpg.rf.399f0c91bb1f2fe63bf8404fcb9c6260.jpg,400,400,vehicle,83,80,105,117
397_jpg.rf.399f0c91bb1f2fe63bf8404fcb9c6260.jpg,400,400,vehicle,70,159,95,186
397_jpg.rf.399f0c91bb1f2fe63bf8404fcb9c6260.jpg,400,400,vehicle,215,315,232,360
297_jpg.rf.31efbf2796e58ab00ba57942a62273be.jpg,400,400,ship,40,65,68,93
297_jpg.rf.31efbf2796e58ab00ba57942a62273be.jpg,400,400,ship,146,99,176,114
297_jpg.rf.31efbf2796e58ab00ba57942a62273be.jpg,400,400,ship,191,203,218,233
297_jpg.rf.31efbf2796e58ab00ba57942a62273be.jpg,400,400,ship,48,267,76,285
297_jpg.rf.31efbf2796e58ab00ba57942a62273be.jpg,400,400,ship,238,319,265,335
555_jpg.rf.bbd24bcfb047679a74507019f86d5095.jpg,400,400,bridge,237,334,311,383
555_jpg.rf.bbd24bcfb047679a74507019f86d5095.jpg,400,400,bridge,200,21,312,61
570_jpg.rf.1dc7d3266999cb29ccae0c0b28284061.jpg,400,400,baseball diamond,206,70,274,116
570_jpg.rf.1dc7d3266999cb29ccae0c0b28284061.jpg,400,400,baseball diamond,30,185,126,251
570_jpg.rf.1dc7d3266999cb29ccae0c0b28284061.jpg,400,400,baseball diamond,184,267,284,328
570_jpg.rf.1dc7d3266999cb29ccae0c0b28284061.jpg,400,400,basketball court,163,180,223,201
570_jpg.rf.1dc7d3266999cb29ccae0c0b28284061.jpg,400,400,basketball court,164,206,222,227
570_jpg.rf.1dc7d3266999cb29ccae0c0b28284061.jpg,400,400,tennis court,242,180,298,196
570_jpg.rf.1dc7d3266999cb29ccae0c0b28284061.jpg,400,400,tennis court,241,199,296,215
570_jpg.rf.1dc7d3266999cb29ccae0c0b28284061.jpg,400,400,tennis court,241,217,297,233
345_jpg.rf.58736cee71f261f190986903c79b6b0e.jpg,400,400,tennis court,64,91,111,114
345_jpg.rf.58736cee71f261f190986903c79b6b0e.jpg,400,400,tennis court,59,110,104,134
345_jpg.rf.58736cee71f261f190986903c79b6b0e.jpg,400,400,tennis court,51,129,97,153
345_jpg.rf.58736cee71f261f190986903c79b6b0e.jpg,400,400,tennis court,73,161,121,187
345_jpg.rf.58736cee71f261f190986903c79b6b0e.jpg,400,400,tennis court,67,181,113,205
345_jpg.rf.58736cee71f261f190986903c79b6b0e.jpg,400,400,tennis court,89,214,138,240
345_jpg.rf.58736cee71f261f190986903c79b6b0e.jpg,400,400,tennis court,83,232,131,259
345_jpg.rf.58736cee71f261f190986903c79b6b0e.jpg,400,400,tennis court,150,74,202,98
345_jpg.rf.58736cee71f261f190986903c79b6b0e.jpg,400,400,tennis court,142,94,192,118
345_jpg.rf.58736cee71f261f190986903c79b6b0e.jpg,400,400,tennis court,136,115,186,139
345_jpg.rf.58736cee71f261f190986903c79b6b0e.jpg,400,400,tennis court,160,149,213,173
345_jpg.rf.58736cee71f261f190986903c79b6b0e.jpg,400,400,tennis court,153,168,204,194
345_jpg.rf.58736cee71f261f190986903c79b6b0e.jpg,400,400,tennis court,178,203,231,231
345_jpg.rf.58736cee71f261f190986903c79b6b0e.jpg,400,400,tennis court,169,223,223,251
345_jpg.rf.58736cee71f261f190986903c79b6b0e.jpg,400,400,tennis court,161,243,214,272
345_jpg.rf.58736cee71f261f190986903c79b6b0e.jpg,400,400,tennis court,274,223,334,252
345_jpg.rf.58736cee71f261f190986903c79b6b0e.jpg,400,400,tennis court,265,244,325,273
345_jpg.rf.58736cee71f261f190986903c79b6b0e.jpg,400,400,tennis court,256,265,316,295
599_jpg.rf.6219bd16544062648e625a7ed524ea99.jpg,400,400,ground track field,108,57,200,333
599_jpg.rf.6219bd16544062648e625a7ed524ea99.jpg,400,400,baseball diamond,229,66,281,138
292_jpg.rf.21cd23988f6c4130f9a3e794f5280a84.jpg,400,400,ship,221,110,232,145
292_jpg.rf.21cd23988f6c4130f9a3e794f5280a84.jpg,400,400,ship,196,96,206,135
292_jpg.rf.21cd23988f6c4130f9a3e794f5280a84.jpg,400,400,ship,167,98,179,132
292_jpg.rf.21cd23988f6c4130f9a3e794f5280a84.jpg,400,400,ship,109,63,121,99
292_jpg.rf.21cd23988f6c4130f9a3e794f5280a84.jpg,400,400,ship,85,87,97,127
292_jpg.rf.21cd23988f6c4130f9a3e794f5280a84.jpg,400,400,ship,85,137,95,173
292_jpg.rf.21cd23988f6c4130f9a3e794f5280a84.jpg,400,400,ship,65,127,75,161
292_jpg.rf.21cd23988f6c4130f9a3e794f5280a84.jpg,400,400,ship,59,84,73,118
596_jpg.rf.afc81fbd42aa8c95131663f93833bb49.jpg,400,400,basketball court,254,124,284,187
596_jpg.rf.afc81fbd42aa8c95131663f93833bb49.jpg,400,400,tennis court,164,118,186,180
596_jpg.rf.afc81fbd42aa8c95131663f93833bb49.jpg,400,400,tennis court,137,119,162,179
596_jpg.rf.afc81fbd42aa8c95131663f93833bb49.jpg,400,400,tennis court,110,118,137,179
596_jpg.rf.afc81fbd42aa8c95131663f93833bb49.jpg,400,400,tennis court,84,118,112,180
007_jpg.rf.1174de7da5c804439f433b5f4fbe125f.jpg,400,400,airplane,254,284,288,328
007_jpg.rf.1174de7da5c804439f433b5f4fbe125f.jpg,400,400,airplane,225,247,254,283
007_jpg.rf.1174de7da5c804439f433b5f4fbe125f.jpg,400,400,airplane,215,164,254,214
007_jpg.rf.1174de7da5c804439f433b5f4fbe125f.jpg,400,400,airplane,130,103,168,152
144_jpg.rf.353f52a0b2b25fb44f0bcb154c172417.jpg,400,400,basketball court,181,180,243,222
128_jpg.rf.bfb1949a41ab490b4050733c2504ebb8.jpg,400,400,baseball diamond,163,256,218,290
143_jpg.rf.8149e189b0f2bf118be0a3cd7f530808.jpg,400,400,basketball court,221,303,269,347
599_jpg.rf.050bc59e75a70c75c4c27efcda9dbac3.jpg,400,400,ground track field,57,200,333,293
599_jpg.rf.050bc59e75a70c75c4c27efcda9dbac3.jpg,400,400,baseball diamond,66,119,138,171
519_jpg.rf.4c40be001c83b36e0325cf225424e1a0.jpg,400,400,ship,263,364,293,390
519_jpg.rf.4c40be001c83b36e0325cf225424e1a0.jpg,400,400,ship,347,285,375,309
519_jpg.rf.4c40be001c83b36e0325cf225424e1a0.jpg,400,400,ship,206,293,246,329
519_jpg.rf.4c40be001c83b36e0325cf225424e1a0.jpg,400,400,ship,114,246,157,280
519_jpg.rf.4c40be001c83b36e0325cf225424e1a0.jpg,400,400,ship,261,186,295,212
519_jpg.rf.4c40be001c83b36e0325cf225424e1a0.jpg,400,400,ship,363,143,387,167
519_jpg.rf.4c40be001c83b36e0325cf225424e1a0.jpg,400,400,ship,350,36,372,56
519_jpg.rf.4c40be001c83b36e0325cf225424e1a0.jpg,400,400,ship,219,50,242,70
393_jpg.rf.35f92eeb67ece8e41a978ed9b2301539.jpg,400,400,vehicle,153,371,182,398
393_jpg.rf.35f92eeb67ece8e41a978ed9b2301539.jpg,400,400,vehicle,148,205,177,231
393_jpg.rf.35f92eeb67ece8e41a978ed9b2301539.jpg,400,400,vehicle,214,125,260,145
393_jpg.rf.35f92eeb67ece8e41a978ed9b2301539.jpg,400,400,vehicle,326,39,354,64
393_jpg.rf.35f92eeb67ece8e41a978ed9b2301539.jpg,400,400,vehicle,82,73,118,94
375_jpg.rf.2f1ef751471f2bef63f4c9996599cea2.jpg,400,400,vehicle,293,46,313,93
375_jpg.rf.2f1ef751471f2bef63f4c9996599cea2.jpg,400,400,vehicle,312,321,352,357
426_jpg.rf.934753306aa91ab2173175c313055188.jpg,400,400,vehicle,36,61,56,85
426_jpg.rf.934753306aa91ab2173175c313055188.jpg,400,400,vehicle,218,221,238,241
426_jpg.rf.934753306aa91ab2173175c313055188.jpg,400,400,vehicle,236,236,256,258
426_jpg.rf.934753306aa91ab2173175c313055188.jpg,400,400,vehicle,273,268,293,290
426_jpg.rf.934753306aa91ab2173175c313055188.jpg,400,400,vehicle,315,323,337,342
426_jpg.rf.934753306aa91ab2173175c313055188.jpg,400,400,vehicle,269,184,283,210
426_jpg.rf.934753306aa91ab2173175c313055188.jpg,400,400,vehicle,295,212,316,234
426_jpg.rf.934753306aa91ab2173175c313055188.jpg,400,400,vehicle,317,230,335,250
426_jpg.rf.934753306aa91ab2173175c313055188.jpg,400,400,vehicle,292,280,311,308
426_jpg.rf.934753306aa91ab2173175c313055188.jpg,400,400,vehicle,195,197,213,221
426_jpg.rf.934753306aa91ab2173175c313055188.jpg,400,400,vehicle,172,178,189,203
426_jpg.rf.934753306aa91ab2173175c313055188.jpg,400,400,vehicle,326,213,342,237
426_jpg.rf.934753306aa91ab2173175c313055188.jpg,400,400,vehicle,302,195,322,221
440_jpg.rf.37d37345888bf9b13de1f720b27a5a22.jpg,400,400,vehicle,317,150,344,168
440_jpg.rf.37d37345888bf9b13de1f720b27a5a22.jpg,400,400,vehicle,297,131,317,147
440_jpg.rf.37d37345888bf9b13de1f720b27a5a22.jpg,400,400,vehicle,204,236,238,260
440_jpg.rf.37d37345888bf9b13de1f720b27a5a22.jpg,400,400,vehicle,275,113,297,133
440_jpg.rf.37d37345888bf9b13de1f720b27a5a22.jpg,400,400,vehicle,258,97,275,115
440_jpg.rf.37d37345888bf9b13de1f720b27a5a22.jpg,400,400,vehicle,211,28,238,40
593_jpg.rf.398cfb210374426909ebbba1183b860a.jpg,400,400,baseball diamond,112,22,198,72
593_jpg.rf.398cfb210374426909ebbba1183b860a.jpg,400,400,tennis court,203,192,268,224
593_jpg.rf.398cfb210374426909ebbba1183b860a.jpg,400,400,tennis court,182,211,248,243
593_jpg.rf.398cfb210374426909ebbba1183b860a.jpg,400,400,basketball court,109,149,189,194
593_jpg.rf.398cfb210374426909ebbba1183b860a.jpg,400,400,basketball court,79,175,165,219
248_jpg.rf.375cf6992d703a60ac803661571baca6.jpg,400,400,ground track field,168,105,351,319
520_jpg.rf.8c4d1a676210cf368ff0e601e277049c.jpg,400,400,ship,47,97,81,131
520_jpg.rf.8c4d1a676210cf368ff0e601e277049c.jpg,400,400,ship,87,43,125,77
520_jpg.rf.8c4d1a676210cf368ff0e601e277049c.jpg,400,400,ship,238,41,267,62
321_jpg.rf.6fd1d552ae1de0b89b2a5313539c6262.jpg,400,400,ship,228,140,280,154
321_jpg.rf.6fd1d552ae1de0b89b2a5313539c6262.jpg,400,400,storage tank,206,93,228,109
321_jpg.rf.6fd1d552ae1de0b89b2a5313539c6262.jpg,400,400,storage tank,209,71,231,89
321_jpg.rf.6fd1d552ae1de0b89b2a5313539c6262.jpg,400,400,storage tank,260,103,278,117
321_jpg.rf.6fd1d552ae1de0b89b2a5313539c6262.jpg,400,400,storage tank,261,88,281,102
321_jpg.rf.6fd1d552ae1de0b89b2a5313539c6262.jpg,400,400,storage tank,263,73,283,87
321_jpg.rf.6fd1d552ae1de0b89b2a5313539c6262.jpg,400,400,storage tank,266,53,287,68
321_jpg.rf.6fd1d552ae1de0b89b2a5313539c6262.jpg,400,400,storage tank,271,37,290,52
321_jpg.rf.6fd1d552ae1de0b89b2a5313539c6262.jpg,400,400,storage tank,275,12,295,26
321_jpg.rf.6fd1d552ae1de0b89b2a5313539c6262.jpg,400,400,storage tank,278,105,298,119
321_jpg.rf.6fd1d552ae1de0b89b2a5313539c6262.jpg,400,400,storage tank,282,89,301,103
321_jpg.rf.6fd1d552ae1de0b89b2a5313539c6262.jpg,400,400,storage tank,285,73,303,87
321_jpg.rf.6fd1d552ae1de0b89b2a5313539c6262.jpg,400,400,storage tank,289,53,307,68
321_jpg.rf.6fd1d552ae1de0b89b2a5313539c6262.jpg,400,400,storage tank,289,39,310,53
321_jpg.rf.6fd1d552ae1de0b89b2a5313539c6262.jpg,400,400,storage tank,297,13,317,28
321_jpg.rf.6fd1d552ae1de0b89b2a5313539c6262.jpg,400,400,storage tank,298,106,318,120
321_jpg.rf.6fd1d552ae1de0b89b2a5313539c6262.jpg,400,400,storage tank,301,90,321,106
321_jpg.rf.6fd1d552ae1de0b89b2a5313539c6262.jpg,400,400,storage tank,305,75,323,89
321_jpg.rf.6fd1d552ae1de0b89b2a5313539c6262.jpg,400,400,storage tank,307,55,327,69
321_jpg.rf.6fd1d552ae1de0b89b2a5313539c6262.jpg,400,400,storage tank,309,40,331,54
321_jpg.rf.6fd1d552ae1de0b89b2a5313539c6262.jpg,400,400,storage tank,322,9,344,25
321_jpg.rf.6fd1d552ae1de0b89b2a5313539c6262.jpg,400,400,storage tank,324,98,352,118
321_jpg.rf.6fd1d552ae1de0b89b2a5313539c6262.jpg,400,400,storage tank,326,77,356,97
321_jpg.rf.6fd1d552ae1de0b89b2a5313539c6262.jpg,400,400,storage tank,333,54,360,74
321_jpg.rf.6fd1d552ae1de0b89b2a5313539c6262.jpg,400,400,storage tank,336,34,362,53
321_jpg.rf.6fd1d552ae1de0b89b2a5313539c6262.jpg,400,400,storage tank,348,10,370,26
321_jpg.rf.6fd1d552ae1de0b89b2a5313539c6262.jpg,400,400,storage tank,351,102,379,120
321_jpg.rf.6fd1d552ae1de0b89b2a5313539c6262.jpg,400,400,storage tank,357,79,383,99
321_jpg.rf.6fd1d552ae1de0b89b2a5313539c6262.jpg,400,400,storage tank,361,55,387,75
321_jpg.rf.6fd1d552ae1de0b89b2a5313539c6262.jpg,400,400,storage tank,365,34,392,54
321_jpg.rf.6fd1d552ae1de0b89b2a5313539c6262.jpg,400,400,storage tank,378,11,399,28
282_jpg.rf.d523d5fefa1772ca763bb70315897c6b.jpg,400,400,harbor,129,13,199,74
282_jpg.rf.d523d5fefa1772ca763bb70315897c6b.jpg,400,400,harbor,132,47,200,97
282_jpg.rf.d523d5fefa1772ca763bb70315897c6b.jpg,400,400,harbor,209,17,262,68
282_jpg.rf.d523d5fefa1772ca763bb70315897c6b.jpg,400,400,harbor,142,85,217,149
282_jpg.rf.d523d5fefa1772ca763bb70315897c6b.jpg,400,400,harbor,313,16,376,60
282_jpg.rf.d523d5fefa1772ca763bb70315897c6b.jpg,400,400,harbor,307,70,378,119
282_jpg.rf.d523d5fefa1772ca763bb70315897c6b.jpg,400,400,harbor,300,129,370,180
282_jpg.rf.d523d5fefa1772ca763bb70315897c6b.jpg,400,400,harbor,306,190,353,237
282_jpg.rf.d523d5fefa1772ca763bb70315897c6b.jpg,400,400,ship,231,118,250,178
282_jpg.rf.d523d5fefa1772ca763bb70315897c6b.jpg,400,400,tennis court,34,260,53,295
282_jpg.rf.d523d5fefa1772ca763bb70315897c6b.jpg,400,400,tennis court,49,254,67,286
282_jpg.rf.d523d5fefa1772ca763bb70315897c6b.jpg,400,400,tennis court,39,305,59,343
282_jpg.rf.d523d5fefa1772ca763bb70315897c6b.jpg,400,400,tennis court,53,296,71,335
282_jpg.rf.d523d5fefa1772ca763bb70315897c6b.jpg,400,400,tennis court,69,288,87,327
282_jpg.rf.d523d5fefa1772ca763bb70315897c6b.jpg,400,400,tennis court,82,283,100,320
522_jpg.rf.1bcfb73ab8ab476c8c6ca4788dd2fed0.jpg,400,400,harbor,304,190,356,264
522_jpg.rf.1bcfb73ab8ab476c8c6ca4788dd2fed0.jpg,400,400,harbor,320,243,375,315
522_jpg.rf.1bcfb73ab8ab476c8c6ca4788dd2fed0.jpg,400,400,harbor,204,40,234,94
522_jpg.rf.1bcfb73ab8ab476c8c6ca4788dd2fed0.jpg,400,400,harbor,167,37,191,99
522_jpg.rf.1bcfb73ab8ab476c8c6ca4788dd2fed0.jpg,400,400,harbor,130,32,154,96
522_jpg.rf.1bcfb73ab8ab476c8c6ca4788dd2fed0.jpg,400,400,harbor,98,25,124,89
522_jpg.rf.1bcfb73ab8ab476c8c6ca4788dd2fed0.jpg,400,400,harbor,70,22,95,83
522_jpg.rf.1bcfb73ab8ab476c8c6ca4788dd2fed0.jpg,400,400,harbor,51,10,70,78
522_jpg.rf.1bcfb73ab8ab476c8c6ca4788dd2fed0.jpg,400,400,harbor,82,190,105,272
522_jpg.rf.1bcfb73ab8ab476c8c6ca4788dd2fed0.jpg,400,400,harbor,30,171,68,207
522_jpg.rf.1bcfb73ab8ab476c8c6ca4788dd2fed0.jpg,400,400,harbor,20,229,74,265
141_jpg.rf.e5c3265895e82f448c7743f03d8d00ca.jpg,400,400,basketball court,174,223,237,259
484_jpg.rf.218a4215cc60a96a8e5175bfa855a6cd.jpg,400,400,baseball diamond,219,44,258,90
484_jpg.rf.218a4215cc60a96a8e5175bfa855a6cd.jpg,400,400,baseball diamond,285,31,314,67
484_jpg.rf.218a4215cc60a96a8e5175bfa855a6cd.jpg,400,400,ground track field,275,88,380,279
141_jpg.rf.e852e816658847a98d75583f7a5ae19a.jpg,400,400,basketball court,222,174,259,237
131_jpg.rf.a20fb2f984d73c1623019b708f2b0fd3.jpg,400,400,baseball diamond,35,140,93,177
447_jpg.rf.e51699b207055942aa80951e4f5d054e.jpg,400,400,vehicle,98,146,122,163
447_jpg.rf.e51699b207055942aa80951e4f5d054e.jpg,400,400,vehicle,197,113,221,129
447_jpg.rf.e51699b207055942aa80951e4f5d054e.jpg,400,400,vehicle,348,124,370,141
447_jpg.rf.e51699b207055942aa80951e4f5d054e.jpg,400,400,vehicle,269,107,293,118
487_jpg.rf.82f6ba9ee50b15960f03e241f82c71cc.jpg,400,400,ground track field,130,185,262,378
557_jpg.rf.d5e746cad90a9ecdc48edf082e9e3074.jpg,400,400,bridge,42,195,139,287
557_jpg.rf.d5e746cad90a9ecdc48edf082e9e3074.jpg,400,400,bridge,324,39,370,157
473_jpg.rf.016aa3de1868903283acd18db82e74ad.jpg,400,400,basketball court,29,118,51,170
473_jpg.rf.016aa3de1868903283acd18db82e74ad.jpg,400,400,basketball court,55,116,76,166
473_jpg.rf.016aa3de1868903283acd18db82e74ad.jpg,400,400,basketball court,26,176,48,225
473_jpg.rf.016aa3de1868903283acd18db82e74ad.jpg,400,400,basketball court,52,170,74,221
473_jpg.rf.016aa3de1868903283acd18db82e74ad.jpg,400,400,basketball court,23,232,45,288
473_jpg.rf.016aa3de1868903283acd18db82e74ad.jpg,400,400,basketball court,49,226,71,281
456_jpg.rf.3b90198adad0aea22ecdc1cc43ae857b.jpg,400,400,ground track field,71,163,263,253
496_jpg.rf.2ba29a206be270d1055f657ee77f69b9.jpg,400,400,tennis court,62,244,83,272
496_jpg.rf.2ba29a206be270d1055f657ee77f69b9.jpg,400,400,tennis court,87,244,106,272
496_jpg.rf.2ba29a206be270d1055f657ee77f69b9.jpg,400,400,tennis court,110,245,130,273
496_jpg.rf.2ba29a206be270d1055f657ee77f69b9.jpg,400,400,tennis court,62,207,82,235
496_jpg.rf.2ba29a206be270d1055f657ee77f69b9.jpg,400,400,tennis court,59,170,78,198
496_jpg.rf.2ba29a206be270d1055f657ee77f69b9.jpg,400,400,basketball court,143,251,167,281
496_jpg.rf.2ba29a206be270d1055f657ee77f69b9.jpg,400,400,basketball court,167,252,190,280
496_jpg.rf.2ba29a206be270d1055f657ee77f69b9.jpg,400,400,basketball court,193,252,216,280
496_jpg.rf.2ba29a206be270d1055f657ee77f69b9.jpg,400,400,basketball court,216,252,242,280
496_jpg.rf.2ba29a206be270d1055f657ee77f69b9.jpg,400,400,ground track field,63,291,263,368
110_jpg.rf.31a1eef6531abb9f66c7189d975c6d25.jpg,400,400,baseball diamond,167,154,216,220
008_jpg.rf.57554818f49fd40dae6f70a958986f43.jpg,400,400,airplane,85,188,111,218
008_jpg.rf.57554818f49fd40dae6f70a958986f43.jpg,400,400,airplane,95,224,118,251
008_jpg.rf.57554818f49fd40dae6f70a958986f43.jpg,400,400,airplane,131,247,153,282
008_jpg.rf.57554818f49fd40dae6f70a958986f43.jpg,400,400,airplane,128,329,157,364
144_jpg.rf.0d95645b240d8ec24926dd0d2d9d2c1e.jpg,400,400,basketball court,181,180,243,222
068_jpg.rf.025adac77aaa2e94547c93c3a0a3bdf8.jpg,400,400,airplane,290,188,311,218
068_jpg.rf.025adac77aaa2e94547c93c3a0a3bdf8.jpg,400,400,airplane,234,140,254,162
068_jpg.rf.025adac77aaa2e94547c93c3a0a3bdf8.jpg,400,400,airplane,174,87,198,119
068_jpg.rf.025adac77aaa2e94547c93c3a0a3bdf8.jpg,400,400,airplane,200,248,212,264
068_jpg.rf.025adac77aaa2e94547c93c3a0a3bdf8.jpg,400,400,airplane,160,348,182,380
068_jpg.rf.025adac77aaa2e94547c93c3a0a3bdf8.jpg,400,400,airplane,73,122,89,146
068_jpg.rf.025adac77aaa2e94547c93c3a0a3bdf8.jpg,400,400,airplane,63,153,81,176
519_jpg.rf.9a3947b5a52bdc1ee45dc7efd872c80e.jpg,400,400,ship,11,107,36,137
519_jpg.rf.9a3947b5a52bdc1ee45dc7efd872c80e.jpg,400,400,ship,91,25,115,53
519_jpg.rf.9a3947b5a52bdc1ee45dc7efd872c80e.jpg,400,400,ship,71,154,107,194
519_jpg.rf.9a3947b5a52bdc1ee45dc7efd872c80e.jpg,400,400,ship,120,243,154,286
519_jpg.rf.9a3947b5a52bdc1ee45dc7efd872c80e.jpg,400,400,ship,188,105,214,139
519_jpg.rf.9a3947b5a52bdc1ee45dc7efd872c80e.jpg,400,400,ship,233,13,258,37
519_jpg.rf.9a3947b5a52bdc1ee45dc7efd872c80e.jpg,400,400,ship,344,28,364,50
519_jpg.rf.9a3947b5a52bdc1ee45dc7efd872c80e.jpg,400,400,ship,330,158,350,181
363_jpg.rf.6b78b106fc375ebec0469919ebbd6e19.jpg,400,400,tennis court,181,122,196,168
363_jpg.rf.6b78b106fc375ebec0469919ebbd6e19.jpg,400,400,tennis court,200,127,217,170
363_jpg.rf.6b78b106fc375ebec0469919ebbd6e19.jpg,400,400,tennis court,218,130,235,174
363_jpg.rf.6b78b106fc375ebec0469919ebbd6e19.jpg,400,400,tennis court,238,131,255,176
575_jpg.rf.0c2544f8a78a18044e2991d702cc14c6.jpg,400,400,baseball diamond,117,125,153,168
575_jpg.rf.0c2544f8a78a18044e2991d702cc14c6.jpg,400,400,baseball diamond,130,274,192,347
575_jpg.rf.0c2544f8a78a18044e2991d702cc14c6.jpg,400,400,ground track field,168,30,280,213
487_jpg.rf.93af0f2c2cc2bbf9448e58a559c467cd.jpg,400,400,ground track field,22,130,215,262
016_jpg.rf.364ac35d57e73558cbdf9b8e32b94fb2.jpg,400,400,airplane,47,74,88,137
016_jpg.rf.364ac35d57e73558cbdf9b8e32b94fb2.jpg,400,400,airplane,45,145,86,207
016_jpg.rf.364ac35d57e73558cbdf9b8e32b94fb2.jpg,400,400,airplane,45,213,92,280
016_jpg.rf.364ac35d57e73558cbdf9b8e32b94fb2.jpg,400,400,airplane,188,130,236,197
016_jpg.rf.364ac35d57e73558cbdf9b8e32b94fb2.jpg,400,400,airplane,286,31,328,96
016_jpg.rf.364ac35d57e73558cbdf9b8e32b94fb2.jpg,400,400,airplane,291,102,341,169
016_jpg.rf.364ac35d57e73558cbdf9b8e32b94fb2.jpg,400,400,airplane,297,167,345,242
016_jpg.rf.364ac35d57e73558cbdf9b8e32b94fb2.jpg,400,400,airplane,305,245,349,316
170_jpg.rf.01668af6ce4e78d62364ca49d87a0f4f.jpg,400,400,bridge,163,150,289,252
070_jpg.rf.ecd4c3703fd32ecfc53ea07aa9f04694.jpg,400,400,airplane,21,154,38,167
070_jpg.rf.ecd4c3703fd32ecfc53ea07aa9f04694.jpg,400,400,airplane,74,25,93,39
070_jpg.rf.ecd4c3703fd32ecfc53ea07aa9f04694.jpg,400,400,airplane,92,40,124,70
070_jpg.rf.ecd4c3703fd32ecfc53ea07aa9f04694.jpg,400,400,airplane,128,58,154,82
070_jpg.rf.ecd4c3703fd32ecfc53ea07aa9f04694.jpg,400,400,airplane,190,95,216,118
070_jpg.rf.ecd4c3703fd32ecfc53ea07aa9f04694.jpg,400,400,airplane,286,156,328,189
070_jpg.rf.ecd4c3703fd32ecfc53ea07aa9f04694.jpg,400,400,airplane,341,182,365,198
347_jpg.rf.6bb230371034505a2572407acf26e926.jpg,400,400,tennis court,317,325,347,343
347_jpg.rf.6bb230371034505a2572407acf26e926.jpg,400,400,tennis court,334,292,364,310
347_jpg.rf.6bb230371034505a2572407acf26e926.jpg,400,400,tennis court,232,368,270,388
347_jpg.rf.6bb230371034505a2572407acf26e926.jpg,400,400,tennis court,243,336,279,355
347_jpg.rf.6bb230371034505a2572407acf26e926.jpg,400,400,tennis court,260,306,295,326
347_jpg.rf.6bb230371034505a2572407acf26e926.jpg,400,400,tennis court,273,278,310,300
347_jpg.rf.6bb230371034505a2572407acf26e926.jpg,400,400,tennis court,291,250,325,271
347_jpg.rf.6bb230371034505a2572407acf26e926.jpg,400,400,tennis court,312,225,344,246
635_jpg.rf.08f142865208481e3922b464261f8b3b.jpg,400,400,baseball diamond,91,41,157,132
635_jpg.rf.08f142865208481e3922b464261f8b3b.jpg,400,400,basketball court,263,198,295,264
635_jpg.rf.08f142865208481e3922b464261f8b3b.jpg,400,400,basketball court,291,207,316,267
397_jpg.rf.e0bb4abb17df6c3a91e864e201f1011b.jpg,400,400,vehicle,379,315,394,357
397_jpg.rf.e0bb4abb17df6c3a91e864e201f1011b.jpg,400,400,vehicle,369,265,387,307
397_jpg.rf.e0bb4abb17df6c3a91e864e201f1011b.jpg,400,400,vehicle,336,259,354,301
397_jpg.rf.e0bb4abb17df6c3a91e864e201f1011b.jpg,400,400,vehicle,295,284,317,321
397_jpg.rf.e0bb4abb17df6c3a91e864e201f1011b.jpg,400,400,vehicle,305,214,331,241
397_jpg.rf.e0bb4abb17df6c3a91e864e201f1011b.jpg,400,400,vehicle,168,41,185,85
419_jpg.rf.a8e037e5888732a6116c8b38ec7c531b.jpg,400,400,vehicle,7,112,35,136
419_jpg.rf.a8e037e5888732a6116c8b38ec7c531b.jpg,400,400,vehicle,37,209,61,234
419_jpg.rf.a8e037e5888732a6116c8b38ec7c531b.jpg,400,400,vehicle,39,232,69,255
419_jpg.rf.a8e037e5888732a6116c8b38ec7c531b.jpg,400,400,vehicle,44,252,75,278
419_jpg.rf.a8e037e5888732a6116c8b38ec7c531b.jpg,400,400,vehicle,4,319,34,350
602_jpg.rf.75b52eb64e04670d85b8734e82170a85.jpg,400,400,ground track field,184,43,256,243
461_jpg.rf.55c949007029f80495068d41bab21799.jpg,400,400,ground track field,140,68,223,309
538_jpg.rf.f1e8a2a2413c79afb1b5fa40f75e0c67.jpg,400,400,bridge,32,187,76,295
538_jpg.rf.f1e8a2a2413c79afb1b5fa40f75e0c67.jpg,400,400,bridge,257,135,316,253
608_jpg.rf.8565ab553a69f6a238df80859a21ea6f.jpg,400,400,baseball diamond,181,52,258,156
608_jpg.rf.8565ab553a69f6a238df80859a21ea6f.jpg,400,400,basketball court,294,244,326,316
608_jpg.rf.8565ab553a69f6a238df80859a21ea6f.jpg,400,400,basketball court,271,244,299,314
608_jpg.rf.8565ab553a69f6a238df80859a21ea6f.jpg,400,400,basketball court,245,244,275,316
608_jpg.rf.8565ab553a69f6a238df80859a21ea6f.jpg,400,400,tennis court,213,243,236,313
608_jpg.rf.8565ab553a69f6a238df80859a21ea6f.jpg,400,400,tennis court,188,242,212,312
608_jpg.rf.8565ab553a69f6a238df80859a21ea6f.jpg,400,400,tennis court,164,242,188,312
608_jpg.rf.8565ab553a69f6a238df80859a21ea6f.jpg,400,400,tennis court,138,242,162,312
582_jpg.rf.65cd8362cbf7680ff12713e009bca79e.jpg,400,400,baseball diamond,97,49,128,95
582_jpg.rf.65cd8362cbf7680ff12713e009bca79e.jpg,400,400,bridge,205,52,275,192
582_jpg.rf.65cd8362cbf7680ff12713e009bca79e.jpg,400,400,baseball diamond,333,225,369,283
582_jpg.rf.65cd8362cbf7680ff12713e009bca79e.jpg,400,400,ground track field,35,144,118,319
317_jpg.rf.309f8ec20d517f80ef3131c56b38a0e6.jpg,400,400,storage tank,79,128,107,150
317_jpg.rf.309f8ec20d517f80ef3131c56b38a0e6.jpg,400,400,storage tank,64,101,90,122
317_jpg.rf.309f8ec20d517f80ef3131c56b38a0e6.jpg,400,400,storage tank,120,131,146,151
317_jpg.rf.309f8ec20d517f80ef3131c56b38a0e6.jpg,400,400,storage tank,106,105,129,127
317_jpg.rf.309f8ec20d517f80ef3131c56b38a0e6.jpg,400,400,storage tank,95,75,115,93
317_jpg.rf.309f8ec20d517f80ef3131c56b38a0e6.jpg,400,400,storage tank,307,159,331,177
019_jpg.rf.f573c5c660c23398265291c4362a025a.jpg,400,400,airplane,16,242,39,290
019_jpg.rf.f573c5c660c23398265291c4362a025a.jpg,400,400,airplane,137,231,158,286
019_jpg.rf.f573c5c660c23398265291c4362a025a.jpg,400,400,airplane,211,221,242,276
019_jpg.rf.f573c5c660c23398265291c4362a025a.jpg,400,400,airplane,255,219,278,268
019_jpg.rf.f573c5c660c23398265291c4362a025a.jpg,400,400,airplane,296,217,317,272
019_jpg.rf.f573c5c660c23398265291c4362a025a.jpg,400,400,airplane,334,214,357,272
388_jpg.rf.e803abeaab0143718598b18bafb58fd8.jpg,400,400,vehicle,216,237,245,263
388_jpg.rf.e803abeaab0143718598b18bafb58fd8.jpg,400,400,vehicle,182,250,207,274
388_jpg.rf.e803abeaab0143718598b18bafb58fd8.jpg,400,400,vehicle,150,266,177,290
388_jpg.rf.e803abeaab0143718598b18bafb58fd8.jpg,400,400,vehicle,109,287,137,312
433_jpg.rf.710e15ec63bdd55661d1ed6fe7bd8969.jpg,400,400,vehicle,19,60,38,76
433_jpg.rf.710e15ec63bdd55661d1ed6fe7bd8969.jpg,400,400,vehicle,152,206,162,241
433_jpg.rf.710e15ec63bdd55661d1ed6fe7bd8969.jpg,400,400,vehicle,97,332,119,346
433_jpg.rf.710e15ec63bdd55661d1ed6fe7bd8969.jpg,400,400,vehicle,128,330,147,344
433_jpg.rf.710e15ec63bdd55661d1ed6fe7bd8969.jpg,400,400,vehicle,229,328,246,343
433_jpg.rf.710e15ec63bdd55661d1ed6fe7bd8969.jpg,400,400,vehicle,251,327,272,342
433_jpg.rf.710e15ec63bdd55661d1ed6fe7bd8969.jpg,400,400,vehicle,271,281,288,295
433_jpg.rf.710e15ec63bdd55661d1ed6fe7bd8969.jpg,400,400,vehicle,329,275,348,289
433_jpg.rf.710e15ec63bdd55661d1ed6fe7bd8969.jpg,400,400,vehicle,350,274,370,287
433_jpg.rf.710e15ec63bdd55661d1ed6fe7bd8969.jpg,400,400,vehicle,246,285,266,298
433_jpg.rf.710e15ec63bdd55661d1ed6fe7bd8969.jpg,400,400,vehicle,71,333,91,346
650_jpg.rf.ff6bb8cb4efdb78a52bfbae10544c10a.jpg,400,400,basketball court,208,104,237,174
650_jpg.rf.ff6bb8cb4efdb78a52bfbae10544c10a.jpg,400,400,basketball court,234,102,264,172
297_jpg.rf.faf76230ad5e181efa8266df05bd3a74.jpg,400,400,ship,332,307,360,335
297_jpg.rf.faf76230ad5e181efa8266df05bd3a74.jpg,400,400,ship,224,286,254,302
297_jpg.rf.faf76230ad5e181efa8266df05bd3a74.jpg,400,400,ship,182,168,210,198
297_jpg.rf.faf76230ad5e181efa8266df05bd3a74.jpg,400,400,ship,325,115,353,133
297_jpg.rf.faf76230ad5e181efa8266df05bd3a74.jpg,400,400,ship,135,65,163,81
646_jpg.rf.966ab401bc67a8d0a938a2f90c59a10b.jpg,400,400,baseball diamond,312,22,383,80
646_jpg.rf.966ab401bc67a8d0a938a2f90c59a10b.jpg,400,400,basketball court,253,200,309,222
646_jpg.rf.966ab401bc67a8d0a938a2f90c59a10b.jpg,400,400,basketball court,251,221,310,245
646_jpg.rf.966ab401bc67a8d0a938a2f90c59a10b.jpg,400,400,baseball diamond,38,223,114,271
292_jpg.rf.29c6346ac580e4b0c2f0a40fe4b8cece.jpg,400,400,ship,169,110,180,145
292_jpg.rf.29c6346ac580e4b0c2f0a40fe4b8cece.jpg,400,400,ship,194,96,204,135
292_jpg.rf.29c6346ac580e4b0c2f0a40fe4b8cece.jpg,400,400,ship,222,97,234,132
292_jpg.rf.29c6346ac580e4b0c2f0a40fe4b8cece.jpg,400,400,ship,279,63,291,99
292_jpg.rf.29c6346ac580e4b0c2f0a40fe4b8cece.jpg,400,400,ship,303,87,315,127
292_jpg.rf.29c6346ac580e4b0c2f0a40fe4b8cece.jpg,400,400,ship,305,137,316,173
292_jpg.rf.29c6346ac580e4b0c2f0a40fe4b8cece.jpg,400,400,ship,325,126,335,161
292_jpg.rf.29c6346ac580e4b0c2f0a40fe4b8cece.jpg,400,400,ship,328,84,341,118
393_jpg.rf.3b1e3a333ba416372532181fe4753d3a.jpg,400,400,vehicle,371,153,397,182
393_jpg.rf.3b1e3a333ba416372532181fe4753d3a.jpg,400,400,vehicle,204,148,231,177
393_jpg.rf.3b1e3a333ba416372532181fe4753d3a.jpg,400,400,vehicle,125,214,145,259
393_jpg.rf.3b1e3a333ba416372532181fe4753d3a.jpg,400,400,vehicle,39,326,64,354
393_jpg.rf.3b1e3a333ba416372532181fe4753d3a.jpg,400,400,vehicle,73,82,94,117
440_jpg.rf.bddf701b5aefc7e32ea8e365a39875a6.jpg,400,400,vehicle,150,57,168,84
440_jpg.rf.bddf701b5aefc7e32ea8e365a39875a6.jpg,400,400,vehicle,131,83,147,103
440_jpg.rf.bddf701b5aefc7e32ea8e365a39875a6.jpg,400,400,vehicle,236,162,259,197
440_jpg.rf.bddf701b5aefc7e32ea8e365a39875a6.jpg,400,400,vehicle,113,103,133,125
440_jpg.rf.bddf701b5aefc7e32ea8e365a39875a6.jpg,400,400,vehicle,97,125,115,142
440_jpg.rf.bddf701b5aefc7e32ea8e365a39875a6.jpg,400,400,vehicle,28,163,40,190
180_jpg.rf.7ba0ed984f13757b9c698837be9deb43.jpg,400,400,bridge,94,146,146,277
180_jpg.rf.7ba0ed984f13757b9c698837be9deb43.jpg,400,400,bridge,153,120,241,297
103_jpg.rf.998e71a9b9cdc7e034c866fefd25832f.jpg,400,400,baseball diamond,63,44,130,96
103_jpg.rf.998e71a9b9cdc7e034c866fefd25832f.jpg,400,400,baseball diamond,146,159,211,213
103_jpg.rf.998e71a9b9cdc7e034c866fefd25832f.jpg,400,400,baseball diamond,74,270,116,304
522_jpg.rf.5cc7037991be5b1ee0f004ddde48ada2.jpg,400,400,harbor,44,189,96,264
522_jpg.rf.5cc7037991be5b1ee0f004ddde48ada2.jpg,400,400,harbor,25,242,80,315
522_jpg.rf.5cc7037991be5b1ee0f004ddde48ada2.jpg,400,400,harbor,166,40,196,94
522_jpg.rf.5cc7037991be5b1ee0f004ddde48ada2.jpg,400,400,harbor,209,36,233,99
522_jpg.rf.5cc7037991be5b1ee0f004ddde48ada2.jpg,400,400,harbor,247,32,270,96
522_jpg.rf.5cc7037991be5b1ee0f004ddde48ada2.jpg,400,400,harbor,276,25,303,89
522_jpg.rf.5cc7037991be5b1ee0f004ddde48ada2.jpg,400,400,harbor,306,22,331,83
522_jpg.rf.5cc7037991be5b1ee0f004ddde48ada2.jpg,400,400,harbor,330,10,349,77
522_jpg.rf.5cc7037991be5b1ee0f004ddde48ada2.jpg,400,400,harbor,295,189,318,272
522_jpg.rf.5cc7037991be5b1ee0f004ddde48ada2.jpg,400,400,harbor,333,171,371,206
522_jpg.rf.5cc7037991be5b1ee0f004ddde48ada2.jpg,400,400,harbor,326,229,380,265
615_jpg.rf.229baf3b744071bb11de2fb45bbcd32e.jpg,400,400,baseball diamond,58,105,109,183
615_jpg.rf.229baf3b744071bb11de2fb45bbcd32e.jpg,400,400,tennis court,248,197,268,254
615_jpg.rf.229baf3b744071bb11de2fb45bbcd32e.jpg,400,400,tennis court,267,194,288,251
615_jpg.rf.229baf3b744071bb11de2fb45bbcd32e.jpg,400,400,tennis court,288,193,307,251
615_jpg.rf.229baf3b744071bb11de2fb45bbcd32e.jpg,400,400,basketball court,306,189,332,253
601_jpg.rf.df32b3dbbcb016059eaad70acaad4620.jpg,400,400,ground track field,95,76,192,283
191_jpg.rf.87c1d6b02e003b93acfbeb4c4b779a3f.jpg,400,400,bridge,224,232,340,300
191_jpg.rf.87c1d6b02e003b93acfbeb4c4b779a3f.jpg,400,400,bridge,114,61,218,111
317_jpg.rf.320cf97390574c4f413df2d78564f074.jpg,400,400,storage tank,250,79,272,107
317_jpg.rf.320cf97390574c4f413df2d78564f074.jpg,400,400,storage tank,279,64,300,89
317_jpg.rf.320cf97390574c4f413df2d78564f074.jpg,400,400,storage tank,249,120,269,146
317_jpg.rf.320cf97390574c4f413df2d78564f074.jpg,400,400,storage tank,273,106,295,129
317_jpg.rf.320cf97390574c4f413df2d78564f074.jpg,400,400,storage tank,307,95,325,115
317_jpg.rf.320cf97390574c4f413df2d78564f074.jpg,400,400,storage tank,223,307,241,330
015_jpg.rf.9c72d61272e1e7b4b4f53ce5cf66762e.jpg,400,400,airplane,19,183,63,242
015_jpg.rf.9c72d61272e1e7b4b4f53ce5cf66762e.jpg,400,400,airplane,64,180,106,242
015_jpg.rf.9c72d61272e1e7b4b4f53ce5cf66762e.jpg,400,400,airplane,166,298,218,366
015_jpg.rf.9c72d61272e1e7b4b4f53ce5cf66762e.jpg,400,400,airplane,230,18,273,86
015_jpg.rf.9c72d61272e1e7b4b4f53ce5cf66762e.jpg,400,400,airplane,272,14,314,77
015_jpg.rf.9c72d61272e1e7b4b4f53ce5cf66762e.jpg,400,400,airplane,333,212,376,275
015_jpg.rf.9c72d61272e1e7b4b4f53ce5cf66762e.jpg,400,400,airplane,315,17,355,73
453_jpg.rf.60f8f28e5d841615e0d972e9a24695e3.jpg,400,400,vehicle,49,95,62,122
453_jpg.rf.60f8f28e5d841615e0d972e9a24695e3.jpg,400,400,vehicle,195,126,216,149
453_jpg.rf.60f8f28e5d841615e0d972e9a24695e3.jpg,400,400,vehicle,287,196,308,217
453_jpg.rf.60f8f28e5d841615e0d972e9a24695e3.jpg,400,400,vehicle,178,112,192,133
453_jpg.rf.60f8f28e5d841615e0d972e9a24695e3.jpg,400,400,vehicle,162,99,181,125
453_jpg.rf.60f8f28e5d841615e0d972e9a24695e3.jpg,400,400,vehicle,57,217,73,240
453_jpg.rf.60f8f28e5d841615e0d972e9a24695e3.jpg,400,400,vehicle,40,285,57,308
168_jpg.rf.35ad6da74e28e75114bbda64f4245a67.jpg,400,400,bridge,127,104,243,186
364_jpg.rf.f9b27cf2c5e3ba31ebcb0fb8d0b52464.jpg,400,400,tennis court,171,344,202,385
364_jpg.rf.f9b27cf2c5e3ba31ebcb0fb8d0b52464.jpg,400,400,tennis court,160,283,189,319
364_jpg.rf.f9b27cf2c5e3ba31ebcb0fb8d0b52464.jpg,400,400,tennis court,228,309,250,338
364_jpg.rf.f9b27cf2c5e3ba31ebcb0fb8d0b52464.jpg,400,400,tennis court,225,112,243,136
364_jpg.rf.f9b27cf2c5e3ba31ebcb0fb8d0b52464.jpg,400,400,tennis court,237,131,254,157
364_jpg.rf.f9b27cf2c5e3ba31ebcb0fb8d0b52464.jpg,400,400,tennis court,219,155,236,181
364_jpg.rf.f9b27cf2c5e3ba31ebcb0fb8d0b52464.jpg,400,400,tennis court,231,172,250,200
364_jpg.rf.f9b27cf2c5e3ba31ebcb0fb8d0b52464.jpg,400,400,tennis court,239,197,258,224
364_jpg.rf.f9b27cf2c5e3ba31ebcb0fb8d0b52464.jpg,400,400,tennis court,200,180,216,205
364_jpg.rf.f9b27cf2c5e3ba31ebcb0fb8d0b52464.jpg,400,400,tennis court,212,199,232,225
364_jpg.rf.f9b27cf2c5e3ba31ebcb0fb8d0b52464.jpg,400,400,tennis court,221,224,240,252
364_jpg.rf.f9b27cf2c5e3ba31ebcb0fb8d0b52464.jpg,400,400,tennis court,230,253,249,281
364_jpg.rf.f9b27cf2c5e3ba31ebcb0fb8d0b52464.jpg,400,400,tennis court,192,223,214,252
364_jpg.rf.f9b27cf2c5e3ba31ebcb0fb8d0b52464.jpg,400,400,tennis court,200,255,220,283
364_jpg.rf.f9b27cf2c5e3ba31ebcb0fb8d0b52464.jpg,400,400,tennis court,209,286,228,312
007_jpg.rf.21c8c5fa80fb537bc94cad9bfb6ae09c.jpg,400,400,airplane,113,284,146,327
007_jpg.rf.21c8c5fa80fb537bc94cad9bfb6ae09c.jpg,400,400,airplane,147,247,176,283
007_jpg.rf.21c8c5fa80fb537bc94cad9bfb6ae09c.jpg,400,400,airplane,146,164,185,214
007_jpg.rf.21c8c5fa80fb537bc94cad9bfb6ae09c.jpg,400,400,airplane,233,103,270,152
313_jpg.rf.b8a643c07aae87c92de93b35579f84bc.jpg,400,400,storage tank,64,32,85,63
313_jpg.rf.b8a643c07aae87c92de93b35579f84bc.jpg,400,400,storage tank,64,65,85,98
313_jpg.rf.b8a643c07aae87c92de93b35579f84bc.jpg,400,400,storage tank,64,117,85,147
313_jpg.rf.b8a643c07aae87c92de93b35579f84bc.jpg,400,400,storage tank,64,150,85,184
313_jpg.rf.b8a643c07aae87c92de93b35579f84bc.jpg,400,400,storage tank,83,30,103,62
313_jpg.rf.b8a643c07aae87c92de93b35579f84bc.jpg,400,400,storage tank,83,66,103,97
313_jpg.rf.b8a643c07aae87c92de93b35579f84bc.jpg,400,400,storage tank,83,117,103,147
313_jpg.rf.b8a643c07aae87c92de93b35579f84bc.jpg,400,400,storage tank,83,150,103,184
313_jpg.rf.b8a643c07aae87c92de93b35579f84bc.jpg,400,400,storage tank,65,220,84,253
313_jpg.rf.b8a643c07aae87c92de93b35579f84bc.jpg,400,400,storage tank,65,262,84,296
313_jpg.rf.b8a643c07aae87c92de93b35579f84bc.jpg,400,400,storage tank,65,314,84,346
313_jpg.rf.b8a643c07aae87c92de93b35579f84bc.jpg,400,400,storage tank,65,352,84,381
313_jpg.rf.b8a643c07aae87c92de93b35579f84bc.jpg,400,400,storage tank,84,220,105,253
313_jpg.rf.b8a643c07aae87c92de93b35579f84bc.jpg,400,400,storage tank,84,262,105,296
313_jpg.rf.b8a643c07aae87c92de93b35579f84bc.jpg,400,400,storage tank,84,314,105,346
313_jpg.rf.b8a643c07aae87c92de93b35579f84bc.jpg,400,400,storage tank,84,352,105,381
313_jpg.rf.b8a643c07aae87c92de93b35579f84bc.jpg,400,400,storage tank,105,220,125,253
313_jpg.rf.b8a643c07aae87c92de93b35579f84bc.jpg,400,400,storage tank,105,262,125,296
313_jpg.rf.b8a643c07aae87c92de93b35579f84bc.jpg,400,400,storage tank,105,314,125,346
313_jpg.rf.b8a643c07aae87c92de93b35579f84bc.jpg,400,400,storage tank,105,352,125,381
313_jpg.rf.b8a643c07aae87c92de93b35579f84bc.jpg,400,400,storage tank,125,220,146,253
313_jpg.rf.b8a643c07aae87c92de93b35579f84bc.jpg,400,400,storage tank,125,262,146,296
313_jpg.rf.b8a643c07aae87c92de93b35579f84bc.jpg,400,400,storage tank,125,314,146,346
313_jpg.rf.b8a643c07aae87c92de93b35579f84bc.jpg,400,400,storage tank,125,352,146,381
313_jpg.rf.b8a643c07aae87c92de93b35579f84bc.jpg,400,400,storage tank,169,65,190,95
313_jpg.rf.b8a643c07aae87c92de93b35579f84bc.jpg,400,400,storage tank,169,100,190,130
313_jpg.rf.b8a643c07aae87c92de93b35579f84bc.jpg,400,400,storage tank,212,31,232,61
313_jpg.rf.b8a643c07aae87c92de93b35579f84bc.jpg,400,400,storage tank,212,67,232,96
313_jpg.rf.b8a643c07aae87c92de93b35579f84bc.jpg,400,400,storage tank,212,94,232,124
313_jpg.rf.b8a643c07aae87c92de93b35579f84bc.jpg,400,400,storage tank,212,122,232,153
313_jpg.rf.b8a643c07aae87c92de93b35579f84bc.jpg,400,400,storage tank,212,151,232,180
313_jpg.rf.b8a643c07aae87c92de93b35579f84bc.jpg,400,400,storage tank,231,31,254,61
313_jpg.rf.b8a643c07aae87c92de93b35579f84bc.jpg,400,400,storage tank,231,67,254,96
313_jpg.rf.b8a643c07aae87c92de93b35579f84bc.jpg,400,400,storage tank,231,94,254,124
313_jpg.rf.b8a643c07aae87c92de93b35579f84bc.jpg,400,400,storage tank,231,122,254,153
313_jpg.rf.b8a643c07aae87c92de93b35579f84bc.jpg,400,400,storage tank,231,151,254,180
313_jpg.rf.b8a643c07aae87c92de93b35579f84bc.jpg,400,400,storage tank,169,221,190,251
313_jpg.rf.b8a643c07aae87c92de93b35579f84bc.jpg,400,400,storage tank,169,262,190,294
313_jpg.rf.b8a643c07aae87c92de93b35579f84bc.jpg,400,400,storage tank,169,314,190,347
313_jpg.rf.b8a643c07aae87c92de93b35579f84bc.jpg,400,400,storage tank,190,221,210,251
313_jpg.rf.b8a643c07aae87c92de93b35579f84bc.jpg,400,400,storage tank,190,262,210,294
313_jpg.rf.b8a643c07aae87c92de93b35579f84bc.jpg,400,400,storage tank,190,314,210,347
313_jpg.rf.b8a643c07aae87c92de93b35579f84bc.jpg,400,400,storage tank,211,221,231,251
313_jpg.rf.b8a643c07aae87c92de93b35579f84bc.jpg,400,400,storage tank,211,262,231,294
313_jpg.rf.b8a643c07aae87c92de93b35579f84bc.jpg,400,400,storage tank,211,314,231,347
313_jpg.rf.b8a643c07aae87c92de93b35579f84bc.jpg,400,400,storage tank,232,221,252,251
313_jpg.rf.b8a643c07aae87c92de93b35579f84bc.jpg,400,400,storage tank,232,262,252,294
313_jpg.rf.b8a643c07aae87c92de93b35579f84bc.jpg,400,400,storage tank,232,314,252,347
313_jpg.rf.b8a643c07aae87c92de93b35579f84bc.jpg,400,400,storage tank,344,92,363,123
313_jpg.rf.b8a643c07aae87c92de93b35579f84bc.jpg,400,400,storage tank,364,92,383,123
313_jpg.rf.b8a643c07aae87c92de93b35579f84bc.jpg,400,400,storage tank,337,221,356,252
313_jpg.rf.b8a643c07aae87c92de93b35579f84bc.jpg,400,400,storage tank,358,221,378,252
313_jpg.rf.b8a643c07aae87c92de93b35579f84bc.jpg,400,400,storage tank,336,261,355,291
313_jpg.rf.b8a643c07aae87c92de93b35579f84bc.jpg,400,400,storage tank,358,261,378,291
313_jpg.rf.b8a643c07aae87c92de93b35579f84bc.jpg,400,400,storage tank,333,312,354,343
313_jpg.rf.b8a643c07aae87c92de93b35579f84bc.jpg,400,400,storage tank,358,312,380,343
627_jpg.rf.02c2a1c2a017054809a50023308580bf.jpg,400,400,ground track field,165,64,325,234
602_jpg.rf.53b3b90a89cb8d9f1c29e880fdf492df.jpg,400,400,ground track field,144,43,216,243
208_jpg.rf.645f290b45a87c926a772b20b6646acb.jpg,400,400,ground track field,51,122,143,278
208_jpg.rf.645f290b45a87c926a772b20b6646acb.jpg,400,400,tennis court,243,194,281,222
207_jpg.rf.2dbd7a3a33528a320b7377dd1cfa2bf3.jpg,400,400,ground track field,57,164,237,312
207_jpg.rf.2dbd7a3a33528a320b7377dd1cfa2bf3.jpg,400,400,tennis court,229,325,270,346
526_jpg.rf.7d97019df8175b8fbe8548f2752b668e.jpg,400,400,ship,95,85,125,147
526_jpg.rf.7d97019df8175b8fbe8548f2752b668e.jpg,400,400,ship,158,227,200,282
526_jpg.rf.7d97019df8175b8fbe8548f2752b668e.jpg,400,400,ship,190,208,262,259
526_jpg.rf.7d97019df8175b8fbe8548f2752b668e.jpg,400,400,ship,326,232,389,256
526_jpg.rf.7d97019df8175b8fbe8548f2752b668e.jpg,400,400,ship,319,302,384,328
526_jpg.rf.7d97019df8175b8fbe8548f2752b668e.jpg,400,400,bridge,267,207,311,364
627_jpg.rf.7cc507e4d7eb7008f177378fcd5f133d.jpg,400,400,ground track field,76,63,235,234
500_jpg.rf.88f2a43490c9a16136ab5afec31b4afb.jpg,400,400,ship,26,289,42,328
500_jpg.rf.88f2a43490c9a16136ab5afec31b4afb.jpg,400,400,ship,73,258,101,285
500_jpg.rf.88f2a43490c9a16136ab5afec31b4afb.jpg,400,400,ship,166,335,196,365
500_jpg.rf.88f2a43490c9a16136ab5afec31b4afb.jpg,400,400,ship,136,164,179,202
500_jpg.rf.88f2a43490c9a16136ab5afec31b4afb.jpg,400,400,ship,191,24,230,65
500_jpg.rf.88f2a43490c9a16136ab5afec31b4afb.jpg,400,400,ship,279,192,309,234
500_jpg.rf.88f2a43490c9a16136ab5afec31b4afb.jpg,400,400,ship,335,309,363,342
570_jpg.rf.cc462bafb95eab42a3617fa96bf2f6e0.jpg,400,400,baseball diamond,70,205,116,274
570_jpg.rf.cc462bafb95eab42a3617fa96bf2f6e0.jpg,400,400,baseball diamond,185,29,251,126
570_jpg.rf.cc462bafb95eab42a3617fa96bf2f6e0.jpg,400,400,baseball diamond,267,183,328,284
570_jpg.rf.cc462bafb95eab42a3617fa96bf2f6e0.jpg,400,400,basketball court,180,163,201,222
570_jpg.rf.cc462bafb95eab42a3617fa96bf2f6e0.jpg,400,400,basketball court,206,164,227,222
570_jpg.rf.cc462bafb95eab42a3617fa96bf2f6e0.jpg,400,400,tennis court,179,242,196,298
570_jpg.rf.cc462bafb95eab42a3617fa96bf2f6e0.jpg,400,400,tennis court,199,241,215,296
570_jpg.rf.cc462bafb95eab42a3617fa96bf2f6e0.jpg,400,400,tennis court,217,241,233,296
583_jpg.rf.f94d14d9f027c3f113c85fc571667498.jpg,400,400,bridge,176,69,258,131
583_jpg.rf.f94d14d9f027c3f113c85fc571667498.jpg,400,400,bridge,203,236,257,288
477_jpg.rf.5649a28226fef8fc1747f59bbd51e496.jpg,400,400,baseball diamond,229,31,269,75
477_jpg.rf.5649a28226fef8fc1747f59bbd51e496.jpg,400,400,ground track field,191,95,275,284
526_jpg.rf.6953d0c9d7cbde154748626bbd4f4cfd.jpg,400,400,ship,275,85,305,147
526_jpg.rf.6953d0c9d7cbde154748626bbd4f4cfd.jpg,400,400,ship,200,227,242,282
526_jpg.rf.6953d0c9d7cbde154748626bbd4f4cfd.jpg,400,400,ship,139,209,211,259
526_jpg.rf.6953d0c9d7cbde154748626bbd4f4cfd.jpg,400,400,ship,12,232,75,256
526_jpg.rf.6953d0c9d7cbde154748626bbd4f4cfd.jpg,400,400,ship,16,302,81,328
526_jpg.rf.6953d0c9d7cbde154748626bbd4f4cfd.jpg,400,400,bridge,89,207,133,364
390_jpg.rf.9c86e0974b9c65bf0708013f907fe3b9.jpg,400,400,vehicle,169,296,205,315
390_jpg.rf.9c86e0974b9c65bf0708013f907fe3b9.jpg,400,400,vehicle,144,230,182,247
390_jpg.rf.9c86e0974b9c65bf0708013f907fe3b9.jpg,400,400,vehicle,91,240,129,258
390_jpg.rf.9c86e0974b9c65bf0708013f907fe3b9.jpg,400,400,vehicle,87,260,123,277
390_jpg.rf.9c86e0974b9c65bf0708013f907fe3b9.jpg,400,400,vehicle,51,244,89,260
586_jpg.rf.9014aa39ca42baa5ada6d66093c10f6c.jpg,400,400,baseball diamond,52,106,110,186
586_jpg.rf.9014aa39ca42baa5ada6d66093c10f6c.jpg,400,400,baseball diamond,150,115,196,173
586_jpg.rf.9014aa39ca42baa5ada6d66093c10f6c.jpg,400,400,baseball diamond,286,143,329,201
586_jpg.rf.9014aa39ca42baa5ada6d66093c10f6c.jpg,400,400,tennis court,222,129,259,157
586_jpg.rf.9014aa39ca42baa5ada6d66093c10f6c.jpg,400,400,tennis court,222,154,259,181
586_jpg.rf.9014aa39ca42baa5ada6d66093c10f6c.jpg,400,400,tennis court,223,181,259,208
586_jpg.rf.9014aa39ca42baa5ada6d66093c10f6c.jpg,400,400,tennis court,223,208,260,236
586_jpg.rf.9014aa39ca42baa5ada6d66093c10f6c.jpg,400,400,tennis court,222,235,260,262
465_jpg.rf.0a14ec212c449c9cd0c4e374c352887d.jpg,400,400,ground track field,109,114,229,266
279_jpg.rf.0b2dfd7966110a4deb87c79b8a3ad996.jpg,400,400,harbor,157,253,211,280
279_jpg.rf.0b2dfd7966110a4deb87c79b8a3ad996.jpg,400,400,harbor,142,220,212,248
279_jpg.rf.0b2dfd7966110a4deb87c79b8a3ad996.jpg,400,400,harbor,138,180,206,212
279_jpg.rf.0b2dfd7966110a4deb87c79b8a3ad996.jpg,400,400,harbor,127,145,202,174
211_jpg.rf.86b73d34f745677cc828b3c514e2845d.jpg,400,400,ground track field,198,95,296,250
179_jpg.rf.9396d32d9baa01a2d1b9b42f058bb51f.jpg,400,400,bridge,113,154,231,292
574_jpg.rf.acefb25dde8f53376d516fcae906d732.jpg,400,400,airplane,26,197,51,236
574_jpg.rf.acefb25dde8f53376d516fcae906d732.jpg,400,400,airplane,105,138,123,174
574_jpg.rf.acefb25dde8f53376d516fcae906d732.jpg,400,400,airplane,117,12,135,47
574_jpg.rf.acefb25dde8f53376d516fcae906d732.jpg,400,400,airplane,147,10,166,43
574_jpg.rf.acefb25dde8f53376d516fcae906d732.jpg,400,400,airplane,273,66,296,101
574_jpg.rf.acefb25dde8f53376d516fcae906d732.jpg,400,400,airplane,229,239,253,274
574_jpg.rf.acefb25dde8f53376d516fcae906d732.jpg,400,400,airplane,321,210,348,249
574_jpg.rf.acefb25dde8f53376d516fcae906d732.jpg,400,400,airplane,334,267,366,310
574_jpg.rf.acefb25dde8f53376d516fcae906d732.jpg,400,400,airplane,314,310,342,365
412_jpg.rf.bcfd35f41f3db8ed9d8c0e8878d422bb.jpg,400,400,vehicle,292,122,334,144
412_jpg.rf.bcfd35f41f3db8ed9d8c0e8878d422bb.jpg,400,400,vehicle,163,163,197,181
412_jpg.rf.bcfd35f41f3db8ed9d8c0e8878d422bb.jpg,400,400,vehicle,55,155,97,177
573_jpg.rf.80dca45262a046b13c60a9286f037e93.jpg,400,400,baseball diamond,59,94,87,140
573_jpg.rf.80dca45262a046b13c60a9286f037e93.jpg,400,400,ground track field,205,196,321,291
573_jpg.rf.80dca45262a046b13c60a9286f037e93.jpg,400,400,baseball diamond,326,205,350,244
536_jpg.rf.1ff7ede30b4ced7207ba4215298e3070.jpg,400,400,harbor,21,54,41,151
536_jpg.rf.1ff7ede30b4ced7207ba4215298e3070.jpg,400,400,harbor,51,50,78,140
536_jpg.rf.1ff7ede30b4ced7207ba4215298e3070.jpg,400,400,harbor,95,44,155,131
536_jpg.rf.1ff7ede30b4ced7207ba4215298e3070.jpg,400,400,harbor,137,20,212,114
536_jpg.rf.1ff7ede30b4ced7207ba4215298e3070.jpg,400,400,harbor,28,224,136,264
536_jpg.rf.1ff7ede30b4ced7207ba4215298e3070.jpg,400,400,harbor,37,290,62,348
536_jpg.rf.1ff7ede30b4ced7207ba4215298e3070.jpg,400,400,harbor,74,285,101,361
536_jpg.rf.1ff7ede30b4ced7207ba4215298e3070.jpg,400,400,harbor,111,281,140,375
536_jpg.rf.1ff7ede30b4ced7207ba4215298e3070.jpg,400,400,harbor,144,174,168,257
536_jpg.rf.1ff7ede30b4ced7207ba4215298e3070.jpg,400,400,harbor,187,113,214,163
536_jpg.rf.1ff7ede30b4ced7207ba4215298e3070.jpg,400,400,harbor,222,104,251,167
536_jpg.rf.1ff7ede30b4ced7207ba4215298e3070.jpg,400,400,harbor,258,103,285,183
536_jpg.rf.1ff7ede30b4ced7207ba4215298e3070.jpg,400,400,harbor,290,111,313,198
536_jpg.rf.1ff7ede30b4ced7207ba4215298e3070.jpg,400,400,harbor,319,119,343,208
536_jpg.rf.1ff7ede30b4ced7207ba4215298e3070.jpg,400,400,harbor,344,146,379,232
536_jpg.rf.1ff7ede30b4ced7207ba4215298e3070.jpg,400,400,harbor,336,244,382,277
536_jpg.rf.1ff7ede30b4ced7207ba4215298e3070.jpg,400,400,harbor,335,294,385,330
536_jpg.rf.1ff7ede30b4ced7207ba4215298e3070.jpg,400,400,harbor,314,329,386,374
004_jpg.rf.638cb0e61cb00fb4be73f9f6469915d3.jpg,400,400,airplane,95,58,113,85
004_jpg.rf.638cb0e61cb00fb4be73f9f6469915d3.jpg,400,400,airplane,134,69,156,101
004_jpg.rf.638cb0e61cb00fb4be73f9f6469915d3.jpg,400,400,airplane,188,48,218,91
004_jpg.rf.638cb0e61cb00fb4be73f9f6469915d3.jpg,400,400,airplane,153,183,185,229
004_jpg.rf.638cb0e61cb00fb4be73f9f6469915d3.jpg,400,400,airplane,192,181,223,227
004_jpg.rf.638cb0e61cb00fb4be73f9f6469915d3.jpg,400,400,airplane,29,172,72,224
004_jpg.rf.638cb0e61cb00fb4be73f9f6469915d3.jpg,400,400,airplane,29,231,76,286
536_jpg.rf.9e0c3ebaf723a4ee7df08e8ccc98dd5b.jpg,400,400,harbor,360,54,380,151
536_jpg.rf.9e0c3ebaf723a4ee7df08e8ccc98dd5b.jpg,400,400,harbor,322,50,349,140
536_jpg.rf.9e0c3ebaf723a4ee7df08e8ccc98dd5b.jpg,400,400,harbor,245,44,306,131
536_jpg.rf.9e0c3ebaf723a4ee7df08e8ccc98dd5b.jpg,400,400,harbor,188,20,264,114
536_jpg.rf.9e0c3ebaf723a4ee7df08e8ccc98dd5b.jpg,400,400,harbor,264,224,372,264
536_jpg.rf.9e0c3ebaf723a4ee7df08e8ccc98dd5b.jpg,400,400,harbor,339,290,363,348
536_jpg.rf.9e0c3ebaf723a4ee7df08e8ccc98dd5b.jpg,400,400,harbor,299,285,327,361
536_jpg.rf.9e0c3ebaf723a4ee7df08e8ccc98dd5b.jpg,400,400,harbor,261,281,289,375
536_jpg.rf.9e0c3ebaf723a4ee7df08e8ccc98dd5b.jpg,400,400,harbor,232,174,256,257
536_jpg.rf.9e0c3ebaf723a4ee7df08e8ccc98dd5b.jpg,400,400,harbor,186,113,213,163
536_jpg.rf.9e0c3ebaf723a4ee7df08e8ccc98dd5b.jpg,400,400,harbor,149,104,178,167
536_jpg.rf.9e0c3ebaf723a4ee7df08e8ccc98dd5b.jpg,400,400,harbor,115,103,142,183
536_jpg.rf.9e0c3ebaf723a4ee7df08e8ccc98dd5b.jpg,400,400,harbor,87,111,110,199
536_jpg.rf.9e0c3ebaf723a4ee7df08e8ccc98dd5b.jpg,400,400,harbor,57,120,81,208
536_jpg.rf.9e0c3ebaf723a4ee7df08e8ccc98dd5b.jpg,400,400,harbor,21,146,56,232
536_jpg.rf.9e0c3ebaf723a4ee7df08e8ccc98dd5b.jpg,400,400,harbor,18,245,64,277
536_jpg.rf.9e0c3ebaf723a4ee7df08e8ccc98dd5b.jpg,400,400,harbor,15,294,65,330
536_jpg.rf.9e0c3ebaf723a4ee7df08e8ccc98dd5b.jpg,400,400,harbor,14,329,86,375
430_jpg.rf.19b8321750f1b02633d8d2782611a3bb.jpg,400,400,vehicle,124,186,144,207
430_jpg.rf.19b8321750f1b02633d8d2782611a3bb.jpg,400,400,vehicle,125,286,138,315
430_jpg.rf.19b8321750f1b02633d8d2782611a3bb.jpg,400,400,vehicle,186,102,199,131
430_jpg.rf.19b8321750f1b02633d8d2782611a3bb.jpg,400,400,vehicle,233,76,252,97
430_jpg.rf.19b8321750f1b02633d8d2782611a3bb.jpg,400,400,vehicle,248,41,264,63
430_jpg.rf.19b8321750f1b02633d8d2782611a3bb.jpg,400,400,vehicle,238,57,259,82
430_jpg.rf.19b8321750f1b02633d8d2782611a3bb.jpg,400,400,vehicle,253,24,268,42
430_jpg.rf.19b8321750f1b02633d8d2782611a3bb.jpg,400,400,vehicle,230,93,244,109
430_jpg.rf.19b8321750f1b02633d8d2782611a3bb.jpg,400,400,vehicle,169,149,181,176
430_jpg.rf.19b8321750f1b02633d8d2782611a3bb.jpg,400,400,vehicle,160,182,171,207
430_jpg.rf.19b8321750f1b02633d8d2782611a3bb.jpg,400,400,vehicle,104,355,115,375
430_jpg.rf.19b8321750f1b02633d8d2782611a3bb.jpg,400,400,vehicle,103,232,122,253
500_jpg.rf.72abac1b1d524880dbb23c0e7bf9e7a7.jpg,400,400,ship,26,73,42,112
500_jpg.rf.72abac1b1d524880dbb23c0e7bf9e7a7.jpg,400,400,ship,73,115,100,142
500_jpg.rf.72abac1b1d524880dbb23c0e7bf9e7a7.jpg,400,400,ship,166,35,196,66
500_jpg.rf.72abac1b1d524880dbb23c0e7bf9e7a7.jpg,400,400,ship,136,199,179,236
500_jpg.rf.72abac1b1d524880dbb23c0e7bf9e7a7.jpg,400,400,ship,191,336,230,377
500_jpg.rf.72abac1b1d524880dbb23c0e7bf9e7a7.jpg,400,400,ship,279,166,309,208
500_jpg.rf.72abac1b1d524880dbb23c0e7bf9e7a7.jpg,400,400,ship,335,59,363,92
204_jpg.rf.01dd5aa53e3cf091bd398f722c16c70c.jpg,400,400,baseball diamond,293,28,327,66
204_jpg.rf.01dd5aa53e3cf091bd398f722c16c70c.jpg,400,400,tennis court,275,303,297,350
204_jpg.rf.01dd5aa53e3cf091bd398f722c16c70c.jpg,400,400,tennis court,257,308,277,351
204_jpg.rf.01dd5aa53e3cf091bd398f722c16c70c.jpg,400,400,ground track field,148,60,283,290
351_jpg.rf.d9aec528b088e385aa5791f6141daf1b.jpg,400,400,tennis court,171,163,199,216
351_jpg.rf.d9aec528b088e385aa5791f6141daf1b.jpg,400,400,tennis court,193,157,222,208
201_jpg.rf.0583b21a37a826c7e847d05322d9dce6.jpg,400,400,baseball diamond,109,13,133,43
201_jpg.rf.0583b21a37a826c7e847d05322d9dce6.jpg,400,400,baseball diamond,211,312,243,359
201_jpg.rf.0583b21a37a826c7e847d05322d9dce6.jpg,400,400,tennis court,47,337,67,369
201_jpg.rf.0583b21a37a826c7e847d05322d9dce6.jpg,400,400,tennis court,57,325,76,359
201_jpg.rf.0583b21a37a826c7e847d05322d9dce6.jpg,400,400,tennis court,69,317,86,346
201_jpg.rf.0583b21a37a826c7e847d05322d9dce6.jpg,400,400,ground track field,134,42,222,190
238_jpg.rf.5cee88f46e47ec92b75cdb9399edb8d3.jpg,400,400,ground track field,107,239,283,349
238_jpg.rf.5cee88f46e47ec92b75cdb9399edb8d3.jpg,400,400,tennis court,256,166,286,184
238_jpg.rf.5cee88f46e47ec92b75cdb9399edb8d3.jpg,400,400,tennis court,268,155,301,173
238_jpg.rf.5cee88f46e47ec92b75cdb9399edb8d3.jpg,400,400,tennis court,277,146,317,162
238_jpg.rf.5cee88f46e47ec92b75cdb9399edb8d3.jpg,400,400,tennis court,291,133,331,151
238_jpg.rf.5cee88f46e47ec92b75cdb9399edb8d3.jpg,400,400,tennis court,304,122,344,140
238_jpg.rf.5cee88f46e47ec92b75cdb9399edb8d3.jpg,400,400,tennis court,317,113,355,129
238_jpg.rf.5cee88f46e47ec92b75cdb9399edb8d3.jpg,400,400,tennis court,214,148,248,164
238_jpg.rf.5cee88f46e47ec92b75cdb9399edb8d3.jpg,400,400,tennis court,224,139,259,153
238_jpg.rf.5cee88f46e47ec92b75cdb9399edb8d3.jpg,400,400,tennis court,234,127,273,144
238_jpg.rf.5cee88f46e47ec92b75cdb9399edb8d3.jpg,400,400,tennis court,245,116,285,134
238_jpg.rf.5cee88f46e47ec92b75cdb9399edb8d3.jpg,400,400,tennis court,261,105,298,122
238_jpg.rf.5cee88f46e47ec92b75cdb9399edb8d3.jpg,400,400,tennis court,273,95,309,111
238_jpg.rf.5cee88f46e47ec92b75cdb9399edb8d3.jpg,400,400,baseball diamond,188,29,262,97
171_jpg.rf.e8605950da980ffafa6c1e4067b0cb41.jpg,400,400,bridge,158,155,300,280
468_jpg.rf.411164d92102b9a77ba0b55f1f6ef468.jpg,400,400,ground track field,88,152,208,338
006_jpg.rf.19f938aec1ea9068181a12b7b264a83c.jpg,400,400,airplane,55,210,74,240
006_jpg.rf.19f938aec1ea9068181a12b7b264a83c.jpg,400,400,airplane,120,214,141,239
006_jpg.rf.19f938aec1ea9068181a12b7b264a83c.jpg,400,400,airplane,150,185,169,213
006_jpg.rf.19f938aec1ea9068181a12b7b264a83c.jpg,400,400,airplane,181,163,217,220
006_jpg.rf.19f938aec1ea9068181a12b7b264a83c.jpg,400,400,airplane,248,87,287,130
006_jpg.rf.19f938aec1ea9068181a12b7b264a83c.jpg,400,400,airplane,267,31,307,80
006_jpg.rf.19f938aec1ea9068181a12b7b264a83c.jpg,400,400,airplane,129,283,157,319
006_jpg.rf.19f938aec1ea9068181a12b7b264a83c.jpg,400,400,airplane,195,354,220,392
205_jpg.rf.40c861bc769709a3ce3489e3b3639682.jpg,400,400,ground track field,131,55,279,263
205_jpg.rf.40c861bc769709a3ce3489e3b3639682.jpg,400,400,tennis court,215,303,245,347
205_jpg.rf.40c861bc769709a3ce3489e3b3639682.jpg,400,400,tennis court,229,293,259,334
205_jpg.rf.40c861bc769709a3ce3489e3b3639682.jpg,400,400,tennis court,243,280,273,320
205_jpg.rf.40c861bc769709a3ce3489e3b3639682.jpg,400,400,tennis court,256,267,286,309
205_jpg.rf.40c861bc769709a3ce3489e3b3639682.jpg,400,400,tennis court,268,254,298,296
205_jpg.rf.40c861bc769709a3ce3489e3b3639682.jpg,400,400,tennis court,280,243,312,284
205_jpg.rf.40c861bc769709a3ce3489e3b3639682.jpg,400,400,tennis court,293,232,325,272
126_jpg.rf.a2444f57976e33497c2a96603446c573.jpg,400,400,baseball diamond,165,97,204,161
331_jpg.rf.1a22ab3b3b15cc0015f522ed48d9ab49.jpg,400,400,tennis court,186,194,232,229
331_jpg.rf.1a22ab3b3b15cc0015f522ed48d9ab49.jpg,400,400,tennis court,168,169,216,203
331_jpg.rf.1a22ab3b3b15cc0015f522ed48d9ab49.jpg,400,400,basketball court,167,135,198,173
207_jpg.rf.29f8c5e31adf215ee25119da050f4387.jpg,400,400,ground track field,89,57,237,237
207_jpg.rf.29f8c5e31adf215ee25119da050f4387.jpg,400,400,tennis court,54,229,75,270
032_jpg.rf.1f1d4500135f2fd413829eb0aaf683e7.jpg,400,400,airplane,7,169,34,221
032_jpg.rf.1f1d4500135f2fd413829eb0aaf683e7.jpg,400,400,airplane,37,201,62,251
032_jpg.rf.1f1d4500135f2fd413829eb0aaf683e7.jpg,400,400,airplane,72,160,97,219
032_jpg.rf.1f1d4500135f2fd413829eb0aaf683e7.jpg,400,400,airplane,103,201,127,249
032_jpg.rf.1f1d4500135f2fd413829eb0aaf683e7.jpg,400,400,airplane,151,160,175,222
032_jpg.rf.1f1d4500135f2fd413829eb0aaf683e7.jpg,400,400,airplane,175,197,201,242
032_jpg.rf.1f1d4500135f2fd413829eb0aaf683e7.jpg,400,400,airplane,212,153,239,207
032_jpg.rf.1f1d4500135f2fd413829eb0aaf683e7.jpg,400,400,airplane,236,192,262,240
032_jpg.rf.1f1d4500135f2fd413829eb0aaf683e7.jpg,400,400,airplane,275,156,302,204
032_jpg.rf.1f1d4500135f2fd413829eb0aaf683e7.jpg,400,400,airplane,298,191,323,238
032_jpg.rf.1f1d4500135f2fd413829eb0aaf683e7.jpg,400,400,airplane,337,148,365,203
032_jpg.rf.1f1d4500135f2fd413829eb0aaf683e7.jpg,400,400,airplane,359,184,383,232
204_jpg.rf.9021f2734e64531fcc13df4cdd40b592.jpg,400,400,baseball diamond,73,28,107,66
204_jpg.rf.9021f2734e64531fcc13df4cdd40b592.jpg,400,400,tennis court,104,303,125,350
204_jpg.rf.9021f2734e64531fcc13df4cdd40b592.jpg,400,400,tennis court,124,308,143,351
204_jpg.rf.9021f2734e64531fcc13df4cdd40b592.jpg,400,400,ground track field,117,59,252,290
389_jpg.rf.d4b80fca33a219472eaf362d12dd4cbc.jpg,400,400,vehicle,182,139,214,164
389_jpg.rf.d4b80fca33a219472eaf362d12dd4cbc.jpg,400,400,vehicle,120,116,150,141
389_jpg.rf.d4b80fca33a219472eaf362d12dd4cbc.jpg,400,400,vehicle,61,94,89,119
389_jpg.rf.d4b80fca33a219472eaf362d12dd4cbc.jpg,400,400,vehicle,357,254,389,279
422_jpg.rf.d562a7d06fee9f8fecf7501fcbae06f6.jpg,400,400,vehicle,61,74,71,107
422_jpg.rf.d562a7d06fee9f8fecf7501fcbae06f6.jpg,400,400,vehicle,238,275,261,295
422_jpg.rf.d562a7d06fee9f8fecf7501fcbae06f6.jpg,400,400,vehicle,345,258,366,274
422_jpg.rf.d562a7d06fee9f8fecf7501fcbae06f6.jpg,400,400,vehicle,69,206,78,238
422_jpg.rf.d562a7d06fee9f8fecf7501fcbae06f6.jpg,400,400,vehicle,42,372,52,399
422_jpg.rf.d562a7d06fee9f8fecf7501fcbae06f6.jpg,400,400,vehicle,284,197,292,225
574_jpg.rf.fa47fee6f2d25a70b0e011c38bac6e92.jpg,400,400,airplane,197,26,237,51
574_jpg.rf.fa47fee6f2d25a70b0e011c38bac6e92.jpg,400,400,airplane,138,105,174,123
574_jpg.rf.fa47fee6f2d25a70b0e011c38bac6e92.jpg,400,400,airplane,12,117,47,135
574_jpg.rf.fa47fee6f2d25a70b0e011c38bac6e92.jpg,400,400,airplane,10,148,44,166
574_jpg.rf.fa47fee6f2d25a70b0e011c38bac6e92.jpg,400,400,airplane,66,273,101,296
574_jpg.rf.fa47fee6f2d25a70b0e011c38bac6e92.jpg,400,400,airplane,239,229,274,253
574_jpg.rf.fa47fee6f2d25a70b0e011c38bac6e92.jpg,400,400,airplane,210,322,249,348
574_jpg.rf.fa47fee6f2d25a70b0e011c38bac6e92.jpg,400,400,airplane,268,334,310,366
574_jpg.rf.fa47fee6f2d25a70b0e011c38bac6e92.jpg,400,400,airplane,310,314,366,342
415_jpg.rf.73d3fb413e292efd130c386dba3b36bd.jpg,400,400,vehicle,65,40,93,64
415_jpg.rf.73d3fb413e292efd130c386dba3b36bd.jpg,400,400,vehicle,168,142,196,170
415_jpg.rf.73d3fb413e292efd130c386dba3b36bd.jpg,400,400,vehicle,234,139,262,165
415_jpg.rf.73d3fb413e292efd130c386dba3b36bd.jpg,400,400,vehicle,198,99,226,123
415_jpg.rf.73d3fb413e292efd130c386dba3b36bd.jpg,400,400,vehicle,288,164,315,189
415_jpg.rf.73d3fb413e292efd130c386dba3b36bd.jpg,400,400,vehicle,289,217,317,241
415_jpg.rf.73d3fb413e292efd130c386dba3b36bd.jpg,400,400,vehicle,270,184,299,211
548_jpg.rf.c8c9102f2434acf692968b5005538f61.jpg,400,400,bridge,155,30,241,56
548_jpg.rf.c8c9102f2434acf692968b5005538f61.jpg,400,400,bridge,78,160,186,218
548_jpg.rf.c8c9102f2434acf692968b5005538f61.jpg,400,400,bridge,56,330,116,370
415_jpg.rf.cec08f9298b99fa7ecf9a55683f54175.jpg,400,400,vehicle,307,40,335,63
415_jpg.rf.cec08f9298b99fa7ecf9a55683f54175.jpg,400,400,vehicle,205,142,232,170
415_jpg.rf.cec08f9298b99fa7ecf9a55683f54175.jpg,400,400,vehicle,139,139,166,165
415_jpg.rf.cec08f9298b99fa7ecf9a55683f54175.jpg,400,400,vehicle,175,99,203,123
415_jpg.rf.cec08f9298b99fa7ecf9a55683f54175.jpg,400,400,vehicle,85,164,112,189
415_jpg.rf.cec08f9298b99fa7ecf9a55683f54175.jpg,400,400,vehicle,84,216,112,241
415_jpg.rf.cec08f9298b99fa7ecf9a55683f54175.jpg,400,400,vehicle,101,184,130,211
253_jpg.rf.87c4947a86d23c13b00b3c1f5b96a2ad.jpg,400,400,ground track field,54,270,230,353
253_jpg.rf.87c4947a86d23c13b00b3c1f5b96a2ad.jpg,400,400,tennis court,93,158,121,186
253_jpg.rf.87c4947a86d23c13b00b3c1f5b96a2ad.jpg,400,400,tennis court,112,128,140,158
253_jpg.rf.87c4947a86d23c13b00b3c1f5b96a2ad.jpg,400,400,tennis court,80,151,106,179
253_jpg.rf.87c4947a86d23c13b00b3c1f5b96a2ad.jpg,400,400,tennis court,95,123,123,151
253_jpg.rf.87c4947a86d23c13b00b3c1f5b96a2ad.jpg,400,400,baseball diamond,243,182,297,232
524_jpg.rf.38f0ed875574b741180f451c5cea1cb0.jpg,400,400,ground track field,147,103,254,283
463_jpg.rf.d6d48d2a8e5fd65b04a58e5488b407ad.jpg,400,400,baseball diamond,267,15,317,53
463_jpg.rf.d6d48d2a8e5fd65b04a58e5488b407ad.jpg,400,400,baseball diamond,170,109,232,152
463_jpg.rf.d6d48d2a8e5fd65b04a58e5488b407ad.jpg,400,400,baseball diamond,104,6,136,30
463_jpg.rf.d6d48d2a8e5fd65b04a58e5488b407ad.jpg,400,400,ground track field,71,177,322,247
215_jpg.rf.c7d6f626125cda55184a7a2e2f53ad77.jpg,400,400,ground track field,92,77,190,289
171_jpg.rf.3d4223efeaf6dc6d7ccb9de2e86e5bee.jpg,400,400,bridge,121,158,246,300
062_jpg.rf.ae329221350f622595196c7822e5c404.jpg,400,400,airplane,108,152,142,184
062_jpg.rf.ae329221350f622595196c7822e5c404.jpg,400,400,airplane,151,360,205,399
569_jpg.rf.e32ec44cc12a1b0f93603a8233d807a1.jpg,400,400,baseball diamond,195,130,256,176
569_jpg.rf.e32ec44cc12a1b0f93603a8233d807a1.jpg,400,400,basketball court,240,45,291,74
569_jpg.rf.e32ec44cc12a1b0f93603a8233d807a1.jpg,400,400,basketball court,203,20,238,65
193_jpg.rf.c1e599409f93b4b0aea8a2cec87bd12a.jpg,400,400,bridge,196,259,288,363
193_jpg.rf.c1e599409f93b4b0aea8a2cec87bd12a.jpg,400,400,bridge,147,41,220,103
407_jpg.rf.d73128ab63b4a318631496cafc074c87.jpg,400,400,vehicle,165,32,181,76
407_jpg.rf.d73128ab63b4a318631496cafc074c87.jpg,400,400,vehicle,158,240,179,294
418_jpg.rf.4144076a041af83d1b3fa592e9fa7422.jpg,400,400,vehicle,57,216,75,254
418_jpg.rf.4144076a041af83d1b3fa592e9fa7422.jpg,400,400,vehicle,142,276,161,316
418_jpg.rf.4144076a041af83d1b3fa592e9fa7422.jpg,400,400,vehicle,266,230,283,264
418_jpg.rf.4144076a041af83d1b3fa592e9fa7422.jpg,400,400,vehicle,279,224,297,260
418_jpg.rf.4144076a041af83d1b3fa592e9fa7422.jpg,400,400,vehicle,308,211,325,247
418_jpg.rf.4144076a041af83d1b3fa592e9fa7422.jpg,400,400,vehicle,324,205,341,241
418_jpg.rf.4144076a041af83d1b3fa592e9fa7422.jpg,400,400,vehicle,248,236,265,265
486_jpg.rf.eb890f213001a5e2c840f30376539784.jpg,400,400,baseball diamond,82,116,140,163
486_jpg.rf.eb890f213001a5e2c840f30376539784.jpg,400,400,ground track field,217,56,361,153
072_jpg.rf.aeba9b27bde92b0555716def8f7eaf7a.jpg,400,400,airplane,208,284,226,310
072_jpg.rf.aeba9b27bde92b0555716def8f7eaf7a.jpg,400,400,airplane,215,166,235,195
072_jpg.rf.aeba9b27bde92b0555716def8f7eaf7a.jpg,400,400,airplane,152,124,171,157
451_jpg.rf.b8a0c306b59fd1588b37e4d39ec31f29.jpg,400,400,vehicle,173,87,185,121
451_jpg.rf.b8a0c306b59fd1588b37e4d39ec31f29.jpg,400,400,vehicle,169,268,182,304
451_jpg.rf.b8a0c306b59fd1588b37e4d39ec31f29.jpg,400,400,vehicle,125,361,147,381
451_jpg.rf.b8a0c306b59fd1588b37e4d39ec31f29.jpg,400,400,vehicle,196,70,208,99
451_jpg.rf.b8a0c306b59fd1588b37e4d39ec31f29.jpg,400,400,vehicle,198,195,211,227
418_jpg.rf.f391063478180fc6b4f0d4d1a04ca4b8.jpg,400,400,vehicle,216,325,254,343
418_jpg.rf.f391063478180fc6b4f0d4d1a04ca4b8.jpg,400,400,vehicle,276,240,316,259
418_jpg.rf.f391063478180fc6b4f0d4d1a04ca4b8.jpg,400,400,vehicle,230,117,264,135
418_jpg.rf.f391063478180fc6b4f0d4d1a04ca4b8.jpg,400,400,vehicle,224,104,260,122
418_jpg.rf.f391063478180fc6b4f0d4d1a04ca4b8.jpg,400,400,vehicle,211,76,247,93
418_jpg.rf.f391063478180fc6b4f0d4d1a04ca4b8.jpg,400,400,vehicle,205,59,241,77
418_jpg.rf.f391063478180fc6b4f0d4d1a04ca4b8.jpg,400,400,vehicle,236,135,265,153
466_jpg.rf.4f7407ca3a596649e0434d91e89d9780.jpg,400,400,ground track field,162,156,288,260
466_jpg.rf.4f7407ca3a596649e0434d91e89d9780.jpg,400,400,baseball diamond,141,59,177,103
466_jpg.rf.4f7407ca3a596649e0434d91e89d9780.jpg,400,400,baseball diamond,83,194,113,234
466_jpg.rf.4f7407ca3a596649e0434d91e89d9780.jpg,400,400,baseball diamond,136,285,168,336
466_jpg.rf.4f7407ca3a596649e0434d91e89d9780.jpg,400,400,baseball diamond,37,201,60,232
178_jpg.rf.d6b2b2cad8e07d82cb5a26052c56cb0d.jpg,400,400,bridge,142,173,240,243
043_jpg.rf.37ef41c0a2f60609331c0a944322aba0.jpg,400,400,airplane,315,16,356,61
043_jpg.rf.37ef41c0a2f60609331c0a944322aba0.jpg,400,400,airplane,316,70,358,115
043_jpg.rf.37ef41c0a2f60609331c0a944322aba0.jpg,400,400,airplane,318,125,358,170
043_jpg.rf.37ef41c0a2f60609331c0a944322aba0.jpg,400,400,airplane,318,184,352,216
043_jpg.rf.37ef41c0a2f60609331c0a944322aba0.jpg,400,400,airplane,317,235,355,275
043_jpg.rf.37ef41c0a2f60609331c0a944322aba0.jpg,400,400,airplane,317,283,357,331
043_jpg.rf.37ef41c0a2f60609331c0a944322aba0.jpg,400,400,airplane,316,337,358,385
043_jpg.rf.37ef41c0a2f60609331c0a944322aba0.jpg,400,400,airplane,231,3,270,55
043_jpg.rf.37ef41c0a2f60609331c0a944322aba0.jpg,400,400,airplane,235,77,271,121
043_jpg.rf.37ef41c0a2f60609331c0a944322aba0.jpg,400,400,airplane,235,154,272,197
043_jpg.rf.37ef41c0a2f60609331c0a944322aba0.jpg,400,400,airplane,233,213,274,263
043_jpg.rf.37ef41c0a2f60609331c0a944322aba0.jpg,400,400,airplane,233,277,273,325
043_jpg.rf.37ef41c0a2f60609331c0a944322aba0.jpg,400,400,airplane,232,338,269,385
043_jpg.rf.37ef41c0a2f60609331c0a944322aba0.jpg,400,400,airplane,129,6,169,50
043_jpg.rf.37ef41c0a2f60609331c0a944322aba0.jpg,400,400,airplane,131,72,169,116
043_jpg.rf.37ef41c0a2f60609331c0a944322aba0.jpg,400,400,airplane,131,146,169,194
043_jpg.rf.37ef41c0a2f60609331c0a944322aba0.jpg,400,400,airplane,160,221,200,273
043_jpg.rf.37ef41c0a2f60609331c0a944322aba0.jpg,400,400,airplane,130,284,171,329
043_jpg.rf.37ef41c0a2f60609331c0a944322aba0.jpg,400,400,airplane,129,336,170,380
043_jpg.rf.37ef41c0a2f60609331c0a944322aba0.jpg,400,400,airplane,49,76,81,109
428_jpg.rf.c30bcf82c7b9e28eebe75be4e5f77d3c.jpg,400,400,vehicle,266,342,288,362
428_jpg.rf.c30bcf82c7b9e28eebe75be4e5f77d3c.jpg,400,400,vehicle,336,151,364,163
428_jpg.rf.c30bcf82c7b9e28eebe75be4e5f77d3c.jpg,400,400,vehicle,285,169,313,181
428_jpg.rf.c30bcf82c7b9e28eebe75be4e5f77d3c.jpg,400,400,vehicle,171,210,193,232
428_jpg.rf.c30bcf82c7b9e28eebe75be4e5f77d3c.jpg,400,400,vehicle,154,248,186,260
428_jpg.rf.c30bcf82c7b9e28eebe75be4e5f77d3c.jpg,400,400,vehicle,94,164,124,178
428_jpg.rf.c30bcf82c7b9e28eebe75be4e5f77d3c.jpg,400,400,vehicle,75,105,97,123
428_jpg.rf.c30bcf82c7b9e28eebe75be4e5f77d3c.jpg,400,400,vehicle,16,263,38,276
428_jpg.rf.c30bcf82c7b9e28eebe75be4e5f77d3c.jpg,400,400,vehicle,20,272,42,285
428_jpg.rf.c30bcf82c7b9e28eebe75be4e5f77d3c.jpg,400,400,vehicle,28,287,54,299
428_jpg.rf.c30bcf82c7b9e28eebe75be4e5f77d3c.jpg,400,400,vehicle,41,305,73,319
428_jpg.rf.c30bcf82c7b9e28eebe75be4e5f77d3c.jpg,400,400,vehicle,74,347,102,359
428_jpg.rf.c30bcf82c7b9e28eebe75be4e5f77d3c.jpg,400,400,vehicle,76,357,108,370
428_jpg.rf.c30bcf82c7b9e28eebe75be4e5f77d3c.jpg,400,400,vehicle,88,367,118,379
428_jpg.rf.c30bcf82c7b9e28eebe75be4e5f77d3c.jpg,400,400,vehicle,98,376,124,388
428_jpg.rf.c30bcf82c7b9e28eebe75be4e5f77d3c.jpg,400,400,vehicle,4,40,32,58
428_jpg.rf.c30bcf82c7b9e28eebe75be4e5f77d3c.jpg,400,400,vehicle,119,52,145,68
428_jpg.rf.c30bcf82c7b9e28eebe75be4e5f77d3c.jpg,400,400,vehicle,154,192,174,207
428_jpg.rf.c30bcf82c7b9e28eebe75be4e5f77d3c.jpg,400,400,vehicle,286,267,316,281
428_jpg.rf.c30bcf82c7b9e28eebe75be4e5f77d3c.jpg,400,400,vehicle,296,276,328,291
428_jpg.rf.c30bcf82c7b9e28eebe75be4e5f77d3c.jpg,400,400,vehicle,247,321,267,338
428_jpg.rf.c30bcf82c7b9e28eebe75be4e5f77d3c.jpg,400,400,vehicle,28,295,62,311
428_jpg.rf.c30bcf82c7b9e28eebe75be4e5f77d3c.jpg,400,400,vehicle,253,179,285,195
268_jpg.rf.707361273e76cb0d1d3efcb055fc41fb.jpg,400,400,harbor,129,59,170,193
268_jpg.rf.707361273e76cb0d1d3efcb055fc41fb.jpg,400,400,harbor,169,81,212,209
268_jpg.rf.707361273e76cb0d1d3efcb055fc41fb.jpg,400,400,harbor,214,110,251,222
298_jpg.rf.43c6b2facc95013988041104e55b09b3.jpg,400,400,ship,44,26,74,54
298_jpg.rf.43c6b2facc95013988041104e55b09b3.jpg,400,400,ship,73,145,93,185
298_jpg.rf.43c6b2facc95013988041104e55b09b3.jpg,400,400,ship,311,148,346,174
564_jpg.rf.c63ed8dc2f5b825a68b6794eebc4fae8.jpg,400,400,ground track field,202,118,288,366
564_jpg.rf.c63ed8dc2f5b825a68b6794eebc4fae8.jpg,400,400,baseball diamond,184,26,227,81
564_jpg.rf.c63ed8dc2f5b825a68b6794eebc4fae8.jpg,400,400,tennis court,103,121,116,157
564_jpg.rf.c63ed8dc2f5b825a68b6794eebc4fae8.jpg,400,400,tennis court,117,122,131,158
634_jpg.rf.85facab61d21ad32f99a34f40d8b7722.jpg,400,400,baseball diamond,269,50,316,128
634_jpg.rf.85facab61d21ad32f99a34f40d8b7722.jpg,400,400,ground track field,73,11,202,286
059_jpg.rf.885e8960c21125e1a764a7f723b69de1.jpg,400,400,airplane,29,155,68,197
059_jpg.rf.885e8960c21125e1a764a7f723b69de1.jpg,400,400,airplane,193,156,210,179
059_jpg.rf.885e8960c21125e1a764a7f723b69de1.jpg,400,400,airplane,243,73,260,102
059_jpg.rf.885e8960c21125e1a764a7f723b69de1.jpg,400,400,airplane,234,118,251,141
059_jpg.rf.885e8960c21125e1a764a7f723b69de1.jpg,400,400,airplane,252,123,269,145
059_jpg.rf.885e8960c21125e1a764a7f723b69de1.jpg,400,400,airplane,346,231,382,273
059_jpg.rf.885e8960c21125e1a764a7f723b69de1.jpg,400,400,airplane,336,289,374,327
059_jpg.rf.885e8960c21125e1a764a7f723b69de1.jpg,400,400,airplane,335,324,367,360
564_jpg.rf.dd4ac08fdaa7db66db4119ca8af28c47.jpg,400,400,ground track field,202,35,288,283
564_jpg.rf.dd4ac08fdaa7db66db4119ca8af28c47.jpg,400,400,baseball diamond,184,320,228,374
564_jpg.rf.dd4ac08fdaa7db66db4119ca8af28c47.jpg,400,400,tennis court,103,243,117,279
564_jpg.rf.dd4ac08fdaa7db66db4119ca8af28c47.jpg,400,400,tennis court,117,242,131,278
074_jpg.rf.a68876c43852a3d34810e3a7a97dd552.jpg,400,400,airplane,215,240,240,258
074_jpg.rf.a68876c43852a3d34810e3a7a97dd552.jpg,400,400,airplane,159,122,187,140
074_jpg.rf.a68876c43852a3d34810e3a7a97dd552.jpg,400,400,airplane,50,130,72,148
298_jpg.rf.c040e1cd707f063a55546aaaf750c092.jpg,400,400,ship,44,26,73,53
298_jpg.rf.c040e1cd707f063a55546aaaf750c092.jpg,400,400,ship,73,145,93,185
298_jpg.rf.c040e1cd707f063a55546aaaf750c092.jpg,400,400,ship,311,148,346,174
221_jpg.rf.698c537937dff371024a245ff473dbe3.jpg,400,400,ground track field,45,22,178,237
221_jpg.rf.947220a7e9933e2cfc6a2cfd5b5b04be.jpg,400,400,ground track field,164,45,379,178
622_jpg.rf.6833069a3b8c3468c95f680b9df3f4a8.jpg,400,400,ground track field,118,83,248,307
166_jpg.rf.fd7d7ab76088a363ff351f9bacba337b.jpg,400,400,bridge,58,213,124,272
166_jpg.rf.fd7d7ab76088a363ff351f9bacba337b.jpg,400,400,bridge,93,142,139,204
166_jpg.rf.fd7d7ab76088a363ff351f9bacba337b.jpg,400,400,bridge,121,34,182,116
465_jpg.rf.0b5d91cef748e5b83a44b9dd1ae3238e.jpg,400,400,ground track field,134,109,287,229
587_jpg.rf.f245de050c3ad37df54d881bc0f60218.jpg,400,400,baseball diamond,78,105,131,152
587_jpg.rf.f245de050c3ad37df54d881bc0f60218.jpg,400,400,baseball diamond,30,337,69,363
587_jpg.rf.f245de050c3ad37df54d881bc0f60218.jpg,400,400,ground track field,145,124,383,273
400_jpg.rf.7f1f579158deec054fa5fe00dacc4958.jpg,400,400,vehicle,346,28,380,52
400_jpg.rf.7f1f579158deec054fa5fe00dacc4958.jpg,400,400,vehicle,69,20,103,39
400_jpg.rf.7f1f579158deec054fa5fe00dacc4958.jpg,400,400,vehicle,51,54,91,74
548_jpg.rf.05f12c047ff068bea4b7c4d0ab8b81ee.jpg,400,400,bridge,29,155,56,241
548_jpg.rf.05f12c047ff068bea4b7c4d0ab8b81ee.jpg,400,400,bridge,160,77,218,186
548_jpg.rf.05f12c047ff068bea4b7c4d0ab8b81ee.jpg,400,400,bridge,330,56,370,116
238_jpg.rf.bb4d646c4305ec0331b66af3c7289963.jpg,400,400,ground track field,51,107,162,283
238_jpg.rf.bb4d646c4305ec0331b66af3c7289963.jpg,400,400,tennis court,216,256,235,286
238_jpg.rf.bb4d646c4305ec0331b66af3c7289963.jpg,400,400,tennis court,227,268,245,301
238_jpg.rf.bb4d646c4305ec0331b66af3c7289963.jpg,400,400,tennis court,238,277,254,317
238_jpg.rf.bb4d646c4305ec0331b66af3c7289963.jpg,400,400,tennis court,249,291,267,331
238_jpg.rf.bb4d646c4305ec0331b66af3c7289963.jpg,400,400,tennis court,261,304,278,344
238_jpg.rf.bb4d646c4305ec0331b66af3c7289963.jpg,400,400,tennis court,271,317,287,355
238_jpg.rf.bb4d646c4305ec0331b66af3c7289963.jpg,400,400,tennis court,237,214,253,248
238_jpg.rf.bb4d646c4305ec0331b66af3c7289963.jpg,400,400,tennis court,248,224,261,259
238_jpg.rf.bb4d646c4305ec0331b66af3c7289963.jpg,400,400,tennis court,256,234,273,273
238_jpg.rf.bb4d646c4305ec0331b66af3c7289963.jpg,400,400,tennis court,267,245,284,285
238_jpg.rf.bb4d646c4305ec0331b66af3c7289963.jpg,400,400,tennis court,279,261,296,298
238_jpg.rf.bb4d646c4305ec0331b66af3c7289963.jpg,400,400,tennis court,289,273,305,309
238_jpg.rf.bb4d646c4305ec0331b66af3c7289963.jpg,400,400,baseball diamond,304,188,371,261
586_jpg.rf.eb387beaeddd7738f5036627f319f8e8.jpg,400,400,baseball diamond,52,214,110,294
586_jpg.rf.eb387beaeddd7738f5036627f319f8e8.jpg,400,400,baseball diamond,150,228,196,286
586_jpg.rf.eb387beaeddd7738f5036627f319f8e8.jpg,400,400,baseball diamond,287,199,329,257
586_jpg.rf.eb387beaeddd7738f5036627f319f8e8.jpg,400,400,tennis court,222,244,259,272
586_jpg.rf.eb387beaeddd7738f5036627f319f8e8.jpg,400,400,tennis court,223,219,259,246
586_jpg.rf.eb387beaeddd7738f5036627f319f8e8.jpg,400,400,tennis court,223,192,259,219
586_jpg.rf.eb387beaeddd7738f5036627f319f8e8.jpg,400,400,tennis court,223,165,260,193
586_jpg.rf.eb387beaeddd7738f5036627f319f8e8.jpg,400,400,tennis court,222,138,260,165
059_jpg.rf.a50bb33eb423e89efe5fe67ab1418e05.jpg,400,400,airplane,29,203,68,245
059_jpg.rf.a50bb33eb423e89efe5fe67ab1418e05.jpg,400,400,airplane,193,222,210,244
059_jpg.rf.a50bb33eb423e89efe5fe67ab1418e05.jpg,400,400,airplane,243,298,261,327
059_jpg.rf.a50bb33eb423e89efe5fe67ab1418e05.jpg,400,400,airplane,234,259,251,282
059_jpg.rf.a50bb33eb423e89efe5fe67ab1418e05.jpg,400,400,airplane,252,255,269,277
059_jpg.rf.a50bb33eb423e89efe5fe67ab1418e05.jpg,400,400,airplane,346,128,382,170
059_jpg.rf.a50bb33eb423e89efe5fe67ab1418e05.jpg,400,400,airplane,336,73,374,111
059_jpg.rf.a50bb33eb423e89efe5fe67ab1418e05.jpg,400,400,airplane,335,40,367,76
622_jpg.rf.086762fc2c156d633ce6c28524b623ca.jpg,400,400,ground track field,152,83,282,307
463_jpg.rf.c620b1a5903e7584a03cd747c5a4dba0.jpg,400,400,baseball diamond,347,83,385,133
463_jpg.rf.c620b1a5903e7584a03cd747c5a4dba0.jpg,400,400,baseball diamond,248,168,291,230
463_jpg.rf.c620b1a5903e7584a03cd747c5a4dba0.jpg,400,400,baseball diamond,371,264,394,296
463_jpg.rf.c620b1a5903e7584a03cd747c5a4dba0.jpg,400,400,ground track field,153,78,223,329
193_jpg.rf.12f2dd7f4853be3db72304ad4c42d415.jpg,400,400,bridge,112,259,204,363
193_jpg.rf.12f2dd7f4853be3db72304ad4c42d415.jpg,400,400,bridge,180,41,253,103
236_jpg.rf.55ff61e2b1298d136c3f20248f37d34a.jpg,400,400,ground track field,123,18,294,138
236_jpg.rf.55ff61e2b1298d136c3f20248f37d34a.jpg,400,400,baseball diamond,192,154,243,197
236_jpg.rf.55ff61e2b1298d136c3f20248f37d34a.jpg,400,400,baseball diamond,108,312,156,358
451_jpg.rf.cc19f1a7c7258275f2e4ef2f266349e8.jpg,400,400,vehicle,215,87,227,121
451_jpg.rf.cc19f1a7c7258275f2e4ef2f266349e8.jpg,400,400,vehicle,219,268,232,304
451_jpg.rf.cc19f1a7c7258275f2e4ef2f266349e8.jpg,400,400,vehicle,254,361,275,381
451_jpg.rf.cc19f1a7c7258275f2e4ef2f266349e8.jpg,400,400,vehicle,192,70,204,99
451_jpg.rf.cc19f1a7c7258275f2e4ef2f266349e8.jpg,400,400,vehicle,190,195,203,227
052_jpg.rf.e062658b3bd8e05f6366248710300bcd.jpg,400,400,airplane,71,22,123,79
052_jpg.rf.e062658b3bd8e05f6366248710300bcd.jpg,400,400,airplane,158,25,216,83
052_jpg.rf.e062658b3bd8e05f6366248710300bcd.jpg,400,400,airplane,254,37,302,85
052_jpg.rf.e062658b3bd8e05f6366248710300bcd.jpg,400,400,airplane,146,180,199,228
052_jpg.rf.e062658b3bd8e05f6366248710300bcd.jpg,400,400,airplane,329,189,377,237
052_jpg.rf.e062658b3bd8e05f6366248710300bcd.jpg,400,400,airplane,43,315,85,361
052_jpg.rf.e062658b3bd8e05f6366248710300bcd.jpg,400,400,airplane,133,321,173,363
052_jpg.rf.e062658b3bd8e05f6366248710300bcd.jpg,400,400,airplane,228,332,266,367
052_jpg.rf.e062658b3bd8e05f6366248710300bcd.jpg,400,400,airplane,295,331,335,370
253_jpg.rf.6984dc453497bb2a8517611d4ed5e950.jpg,400,400,ground track field,47,54,130,229
253_jpg.rf.6984dc453497bb2a8517611d4ed5e950.jpg,400,400,tennis court,215,93,243,120
253_jpg.rf.6984dc453497bb2a8517611d4ed5e950.jpg,400,400,tennis court,243,112,273,140
253_jpg.rf.6984dc453497bb2a8517611d4ed5e950.jpg,400,400,tennis court,222,79,250,106
253_jpg.rf.6984dc453497bb2a8517611d4ed5e950.jpg,400,400,tennis court,249,95,278,123
253_jpg.rf.6984dc453497bb2a8517611d4ed5e950.jpg,400,400,baseball diamond,169,243,219,297
407_jpg.rf.70343730f1a74287c2f6089dab98c7a0.jpg,400,400,vehicle,165,32,181,76
407_jpg.rf.70343730f1a74287c2f6089dab98c7a0.jpg,400,400,vehicle,159,240,179,294
505_jpg.rf.74b3d0bb7ad692de9cad3ea29f10a185.jpg,400,400,ship,28,49,46,77
505_jpg.rf.74b3d0bb7ad692de9cad3ea29f10a185.jpg,400,400,ship,73,16,88,38
505_jpg.rf.74b3d0bb7ad692de9cad3ea29f10a185.jpg,400,400,ship,36,217,50,240
505_jpg.rf.74b3d0bb7ad692de9cad3ea29f10a185.jpg,400,400,ship,129,67,143,89
505_jpg.rf.74b3d0bb7ad692de9cad3ea29f10a185.jpg,400,400,ship,102,129,123,160
505_jpg.rf.74b3d0bb7ad692de9cad3ea29f10a185.jpg,400,400,ship,125,209,147,235
505_jpg.rf.74b3d0bb7ad692de9cad3ea29f10a185.jpg,400,400,ship,225,57,242,78
505_jpg.rf.74b3d0bb7ad692de9cad3ea29f10a185.jpg,400,400,ship,185,213,203,235
505_jpg.rf.74b3d0bb7ad692de9cad3ea29f10a185.jpg,400,400,ship,240,269,264,294
505_jpg.rf.74b3d0bb7ad692de9cad3ea29f10a185.jpg,400,400,ship,268,33,286,52
505_jpg.rf.74b3d0bb7ad692de9cad3ea29f10a185.jpg,400,400,ship,307,94,329,115
505_jpg.rf.74b3d0bb7ad692de9cad3ea29f10a185.jpg,400,400,ship,363,62,393,81
505_jpg.rf.74b3d0bb7ad692de9cad3ea29f10a185.jpg,400,400,ship,150,366,174,394
236_jpg.rf.9bda28a67526770c249691e000360bf7.jpg,400,400,ground track field,262,107,382,278
236_jpg.rf.9bda28a67526770c249691e000360bf7.jpg,400,400,baseball diamond,203,158,247,209
236_jpg.rf.9bda28a67526770c249691e000360bf7.jpg,400,400,baseball diamond,42,244,88,292
268_jpg.rf.0fd6ef96dc7ae7604b2234fa6c238f80.jpg,400,400,harbor,129,207,170,341
268_jpg.rf.0fd6ef96dc7ae7604b2234fa6c238f80.jpg,400,400,harbor,169,191,213,319
268_jpg.rf.0fd6ef96dc7ae7604b2234fa6c238f80.jpg,400,400,harbor,214,178,251,290
412_jpg.rf.e15493e8e22d467d649ac7604421096d.jpg,400,400,vehicle,122,67,144,109
412_jpg.rf.e15493e8e22d467d649ac7604421096d.jpg,400,400,vehicle,163,204,181,238
412_jpg.rf.e15493e8e22d467d649ac7604421096d.jpg,400,400,vehicle,155,304,177,346
424_jpg.rf.2ea19f721557b63589f19c4469361cae.jpg,400,400,vehicle,241,320,253,354
424_jpg.rf.2ea19f721557b63589f19c4469361cae.jpg,400,400,vehicle,239,286,249,315
424_jpg.rf.2ea19f721557b63589f19c4469361cae.jpg,400,400,vehicle,201,215,212,246
424_jpg.rf.2ea19f721557b63589f19c4469361cae.jpg,400,400,vehicle,212,175,222,203
424_jpg.rf.2ea19f721557b63589f19c4469361cae.jpg,400,400,vehicle,275,131,291,160
126_jpg.rf.0c6c968f489294aa69637b0ef0d5484d.jpg,400,400,baseball diamond,240,166,304,204
505_jpg.rf.0e7ad98c7ab9575ee3515bc940abf816.jpg,400,400,ship,28,323,46,351
505_jpg.rf.0e7ad98c7ab9575ee3515bc940abf816.jpg,400,400,ship,73,362,88,384
505_jpg.rf.0e7ad98c7ab9575ee3515bc940abf816.jpg,400,400,ship,36,160,50,184
505_jpg.rf.0e7ad98c7ab9575ee3515bc940abf816.jpg,400,400,ship,129,312,143,334
505_jpg.rf.0e7ad98c7ab9575ee3515bc940abf816.jpg,400,400,ship,102,240,123,271
505_jpg.rf.0e7ad98c7ab9575ee3515bc940abf816.jpg,400,400,ship,125,166,147,192
505_jpg.rf.0e7ad98c7ab9575ee3515bc940abf816.jpg,400,400,ship,225,322,242,344
505_jpg.rf.0e7ad98c7ab9575ee3515bc940abf816.jpg,400,400,ship,185,165,203,187
505_jpg.rf.0e7ad98c7ab9575ee3515bc940abf816.jpg,400,400,ship,240,107,264,132
505_jpg.rf.0e7ad98c7ab9575ee3515bc940abf816.jpg,400,400,ship,268,349,286,367
505_jpg.rf.0e7ad98c7ab9575ee3515bc940abf816.jpg,400,400,ship,307,286,329,306
505_jpg.rf.0e7ad98c7ab9575ee3515bc940abf816.jpg,400,400,ship,363,319,393,338
505_jpg.rf.0e7ad98c7ab9575ee3515bc940abf816.jpg,400,400,ship,150,6,174,34
004_jpg.rf.e0ebbe4148ae1e8df5359b90b42b834f.jpg,400,400,airplane,58,287,85,305
004_jpg.rf.e0ebbe4148ae1e8df5359b90b42b834f.jpg,400,400,airplane,69,244,101,266
004_jpg.rf.e0ebbe4148ae1e8df5359b90b42b834f.jpg,400,400,airplane,48,183,92,213
004_jpg.rf.e0ebbe4148ae1e8df5359b90b42b834f.jpg,400,400,airplane,183,215,229,247
004_jpg.rf.e0ebbe4148ae1e8df5359b90b42b834f.jpg,400,400,airplane,181,177,227,209
004_jpg.rf.e0ebbe4148ae1e8df5359b90b42b834f.jpg,400,400,airplane,172,329,224,372
004_jpg.rf.e0ebbe4148ae1e8df5359b90b42b834f.jpg,400,400,airplane,231,325,287,372
454_jpg.rf.9a3014991d48eecbc48fed637c9ed1e7.jpg,400,400,airplane,339,32,379,50
454_jpg.rf.9a3014991d48eecbc48fed637c9ed1e7.jpg,400,400,airplane,207,60,235,81
454_jpg.rf.9a3014991d48eecbc48fed637c9ed1e7.jpg,400,400,airplane,166,135,198,156
454_jpg.rf.9a3014991d48eecbc48fed637c9ed1e7.jpg,400,400,airplane,45,230,76,246
454_jpg.rf.9a3014991d48eecbc48fed637c9ed1e7.jpg,400,400,airplane,31,250,58,262
454_jpg.rf.9a3014991d48eecbc48fed637c9ed1e7.jpg,400,400,airplane,32,269,65,288
454_jpg.rf.9a3014991d48eecbc48fed637c9ed1e7.jpg,400,400,airplane,90,293,110,309
454_jpg.rf.9a3014991d48eecbc48fed637c9ed1e7.jpg,400,400,airplane,126,279,154,301
454_jpg.rf.9a3014991d48eecbc48fed637c9ed1e7.jpg,400,400,airplane,167,261,200,293
454_jpg.rf.9a3014991d48eecbc48fed637c9ed1e7.jpg,400,400,airplane,260,263,298,287
454_jpg.rf.9a3014991d48eecbc48fed637c9ed1e7.jpg,400,400,airplane,309,292,341,317
454_jpg.rf.9a3014991d48eecbc48fed637c9ed1e7.jpg,400,400,airplane,10,331,40,358
346_jpg.rf.2180d9fc960320648a72aab80310ff9c.jpg,400,400,tennis court,145,163,217,193
346_jpg.rf.2180d9fc960320648a72aab80310ff9c.jpg,400,400,tennis court,143,194,213,226
215_jpg.rf.bd74ffbda31aa880a1a6282f9d03bd67.jpg,400,400,ground track field,92,77,190,289
389_jpg.rf.eafe90e6ad91f08d8cbca29e15cc6b1e.jpg,400,400,vehicle,182,237,214,262
389_jpg.rf.eafe90e6ad91f08d8cbca29e15cc6b1e.jpg,400,400,vehicle,120,260,150,285
389_jpg.rf.eafe90e6ad91f08d8cbca29e15cc6b1e.jpg,400,400,vehicle,61,282,88,306
389_jpg.rf.eafe90e6ad91f08d8cbca29e15cc6b1e.jpg,400,400,vehicle,357,122,389,147
516_jpg.rf.afde8d7e38f08d0716b0d0f3a11c4b44.jpg,400,400,airplane,33,356,57,387
516_jpg.rf.afde8d7e38f08d0716b0d0f3a11c4b44.jpg,400,400,airplane,36,318,60,351
516_jpg.rf.afde8d7e38f08d0716b0d0f3a11c4b44.jpg,400,400,airplane,31,277,58,311
516_jpg.rf.afde8d7e38f08d0716b0d0f3a11c4b44.jpg,400,400,airplane,30,234,56,270
516_jpg.rf.afde8d7e38f08d0716b0d0f3a11c4b44.jpg,400,400,airplane,28,187,54,227
516_jpg.rf.afde8d7e38f08d0716b0d0f3a11c4b44.jpg,400,400,airplane,12,117,44,169
516_jpg.rf.afde8d7e38f08d0716b0d0f3a11c4b44.jpg,400,400,airplane,223,329,243,357
516_jpg.rf.afde8d7e38f08d0716b0d0f3a11c4b44.jpg,400,400,airplane,279,72,307,125
516_jpg.rf.afde8d7e38f08d0716b0d0f3a11c4b44.jpg,400,400,airplane,354,71,382,125
179_jpg.rf.51e4dd68a0d46b35529b6ce36ea8be7d.jpg,400,400,bridge,113,108,232,246
095_jpg.rf.2e833775b8647c4f77a95823eabb28a7.jpg,400,400,baseball diamond,328,54,360,104
095_jpg.rf.2e833775b8647c4f77a95823eabb28a7.jpg,400,400,baseball diamond,253,81,275,115
095_jpg.rf.2e833775b8647c4f77a95823eabb28a7.jpg,400,400,baseball diamond,207,63,239,112
621_jpg.rf.877eb0f3a0f1faa7c45c3250b470eb59.jpg,400,400,ground track field,125,61,243,275
430_jpg.rf.8dc79dfec3a538d0f8de58041f8b812b.jpg,400,400,vehicle,124,186,144,208
430_jpg.rf.8dc79dfec3a538d0f8de58041f8b812b.jpg,400,400,vehicle,125,286,138,316
430_jpg.rf.8dc79dfec3a538d0f8de58041f8b812b.jpg,400,400,vehicle,186,102,200,131
430_jpg.rf.8dc79dfec3a538d0f8de58041f8b812b.jpg,400,400,vehicle,233,76,252,98
430_jpg.rf.8dc79dfec3a538d0f8de58041f8b812b.jpg,400,400,vehicle,248,41,264,63
430_jpg.rf.8dc79dfec3a538d0f8de58041f8b812b.jpg,400,400,vehicle,238,57,260,83
430_jpg.rf.8dc79dfec3a538d0f8de58041f8b812b.jpg,400,400,vehicle,253,24,268,42
430_jpg.rf.8dc79dfec3a538d0f8de58041f8b812b.jpg,400,400,vehicle,230,93,244,109
430_jpg.rf.8dc79dfec3a538d0f8de58041f8b812b.jpg,400,400,vehicle,169,150,181,176
430_jpg.rf.8dc79dfec3a538d0f8de58041f8b812b.jpg,400,400,vehicle,160,182,171,208
430_jpg.rf.8dc79dfec3a538d0f8de58041f8b812b.jpg,400,400,vehicle,104,355,116,375
430_jpg.rf.8dc79dfec3a538d0f8de58041f8b812b.jpg,400,400,vehicle,104,232,122,253
063_jpg.rf.985e19d39e366ef1e4d28bc7c8b523cf.jpg,400,400,airplane,90,193,133,241
063_jpg.rf.985e19d39e366ef1e4d28bc7c8b523cf.jpg,400,400,airplane,37,297,81,345
063_jpg.rf.985e19d39e366ef1e4d28bc7c8b523cf.jpg,400,400,airplane,215,243,242,289
063_jpg.rf.985e19d39e366ef1e4d28bc7c8b523cf.jpg,400,400,airplane,296,64,313,91
063_jpg.rf.985e19d39e366ef1e4d28bc7c8b523cf.jpg,400,400,airplane,330,285,365,344
639_jpg.rf.1f784e615309cd60ded441847d940ffc.jpg,400,400,ground track field,129,27,242,226
639_jpg.rf.1f784e615309cd60ded441847d940ffc.jpg,400,400,baseball diamond,200,246,244,321
095_jpg.rf.d5949da84bb043d961de1507ad178942.jpg,400,400,baseball diamond,40,54,73,104
095_jpg.rf.d5949da84bb043d961de1507ad178942.jpg,400,400,baseball diamond,125,81,147,114
095_jpg.rf.d5949da84bb043d961de1507ad178942.jpg,400,400,baseball diamond,161,63,193,112
573_jpg.rf.a2033691e62f225a930e17f307a744ac.jpg,400,400,baseball diamond,94,314,140,342
573_jpg.rf.a2033691e62f225a930e17f307a744ac.jpg,400,400,ground track field,197,80,291,196
573_jpg.rf.a2033691e62f225a930e17f307a744ac.jpg,400,400,baseball diamond,206,50,244,74
250_jpg.rf.34da28d1c4203d4aa4c11b70f38c2ffe.jpg,400,400,ground track field,37,221,336,334
250_jpg.rf.34da28d1c4203d4aa4c11b70f38c2ffe.jpg,400,400,tennis court,293,111,354,130
250_jpg.rf.34da28d1c4203d4aa4c11b70f38c2ffe.jpg,400,400,tennis court,297,94,356,112
250_jpg.rf.34da28d1c4203d4aa4c11b70f38c2ffe.jpg,400,400,tennis court,299,75,357,93
250_jpg.rf.34da28d1c4203d4aa4c11b70f38c2ffe.jpg,400,400,tennis court,301,57,360,77
250_jpg.rf.34da28d1c4203d4aa4c11b70f38c2ffe.jpg,400,400,baseball diamond,82,163,146,209
250_jpg.rf.34da28d1c4203d4aa4c11b70f38c2ffe.jpg,400,400,baseball diamond,286,198,345,237
250_jpg.rf.34da28d1c4203d4aa4c11b70f38c2ffe.jpg,400,400,baseball diamond,190,37,248,79
639_jpg.rf.cc49cdeb71b4127261fef8ace15c2113.jpg,400,400,ground track field,175,130,374,242
639_jpg.rf.cc49cdeb71b4127261fef8ace15c2113.jpg,400,400,baseball diamond,80,200,155,244
592_jpg.rf.d6bd72d8b34e37bc86e1104a15d766fa.jpg,400,400,baseball diamond,217,26,265,85
592_jpg.rf.d6bd72d8b34e37bc86e1104a15d766fa.jpg,400,400,baseball diamond,321,306,356,355
592_jpg.rf.d6bd72d8b34e37bc86e1104a15d766fa.jpg,400,400,ground track field,115,67,225,281
274_jpg.rf.7e13d99881cd781abad3ca93a629f733.jpg,400,400,harbor,78,18,150,62
274_jpg.rf.7e13d99881cd781abad3ca93a629f733.jpg,400,400,harbor,71,219,156,265
274_jpg.rf.7e13d99881cd781abad3ca93a629f733.jpg,400,400,harbor,78,285,155,318
274_jpg.rf.7e13d99881cd781abad3ca93a629f733.jpg,400,400,harbor,97,324,158,361
346_jpg.rf.c44e353187ffc1a5e7eed209ac2ab4ce.jpg,400,400,tennis court,163,145,193,217
346_jpg.rf.c44e353187ffc1a5e7eed209ac2ab4ce.jpg,400,400,tennis court,194,143,225,213
080_jpg.rf.d7e3bb9574ecbd0babac4f7935c16f3f.jpg,400,400,airplane,94,275,124,323
080_jpg.rf.d7e3bb9574ecbd0babac4f7935c16f3f.jpg,400,400,airplane,180,155,216,206
080_jpg.rf.d7e3bb9574ecbd0babac4f7935c16f3f.jpg,400,400,airplane,206,107,234,152
211_jpg.rf.7c31b4f6aa0a9f3552aab09d3e95835c.jpg,400,400,ground track field,95,104,250,203
300_jpg.rf.52a9d0d0f4c4fc23b2728ff3500093ac.jpg,400,400,ship,28,61,66,74
300_jpg.rf.52a9d0d0f4c4fc23b2728ff3500093ac.jpg,400,400,ship,155,189,186,217
300_jpg.rf.52a9d0d0f4c4fc23b2728ff3500093ac.jpg,400,400,ship,220,138,242,177
634_jpg.rf.e8a22f620d30aabff75bc954de955463.jpg,400,400,baseball diamond,269,272,316,350
634_jpg.rf.e8a22f620d30aabff75bc954de955463.jpg,400,400,ground track field,74,114,202,390
524_jpg.rf.ccaaf383fd1bf2fc8fda75e6ecaf62d9.jpg,400,400,ground track field,103,147,283,254
245_jpg.rf.4e67655131d71d4ea618c8fd233154a8.jpg,400,400,ground track field,117,135,215,359
245_jpg.rf.4e67655131d71d4ea618c8fd233154a8.jpg,400,400,tennis court,103,283,123,335
245_jpg.rf.4e67655131d71d4ea618c8fd233154a8.jpg,400,400,tennis court,113,316,135,363
245_jpg.rf.4e67655131d71d4ea618c8fd233154a8.jpg,400,400,tennis court,125,341,144,394
245_jpg.rf.4e67655131d71d4ea618c8fd233154a8.jpg,400,400,baseball diamond,74,28,99,61
245_jpg.rf.4e67655131d71d4ea618c8fd233154a8.jpg,400,400,baseball diamond,112,74,139,108
638_jpg.rf.05cfc9a76f9ee2b6af3edfcc9d756b09.jpg,400,400,bridge,73,61,217,128
638_jpg.rf.05cfc9a76f9ee2b6af3edfcc9d756b09.jpg,400,400,bridge,95,171,195,238
592_jpg.rf.cd37035cc87bcb01528d7886521951d6.jpg,400,400,baseball diamond,135,26,184,86
592_jpg.rf.cd37035cc87bcb01528d7886521951d6.jpg,400,400,baseball diamond,45,306,79,355
592_jpg.rf.cd37035cc87bcb01528d7886521951d6.jpg,400,400,ground track field,176,67,286,281
166_jpg.rf.03fa8e7cf6b320eb15f6b4ddfda4026d.jpg,400,400,bridge,276,128,342,188
166_jpg.rf.03fa8e7cf6b320eb15f6b4ddfda4026d.jpg,400,400,bridge,261,197,307,259
166_jpg.rf.03fa8e7cf6b320eb15f6b4ddfda4026d.jpg,400,400,bridge,219,285,280,367
098_jpg.rf.48e6088acd678ce63254f735091448dc.jpg,400,400,baseball diamond,87,117,119,168
098_jpg.rf.48e6088acd678ce63254f735091448dc.jpg,400,400,baseball diamond,222,52,253,102
098_jpg.rf.48e6088acd678ce63254f735091448dc.jpg,400,400,baseball diamond,190,170,219,217
098_jpg.rf.48e6088acd678ce63254f735091448dc.jpg,400,400,baseball diamond,146,254,172,295
098_jpg.rf.48e6088acd678ce63254f735091448dc.jpg,400,400,baseball diamond,217,314,243,354
098_jpg.rf.48e6088acd678ce63254f735091448dc.jpg,400,400,baseball diamond,290,200,319,247
098_jpg.rf.7072eb05ec8aec3030f5ccaff5d2ab34.jpg,400,400,baseball diamond,87,118,119,168
098_jpg.rf.7072eb05ec8aec3030f5ccaff5d2ab34.jpg,400,400,baseball diamond,222,52,254,102
098_jpg.rf.7072eb05ec8aec3030f5ccaff5d2ab34.jpg,400,400,baseball diamond,191,170,219,217
098_jpg.rf.7072eb05ec8aec3030f5ccaff5d2ab34.jpg,400,400,baseball diamond,146,255,172,295
098_jpg.rf.7072eb05ec8aec3030f5ccaff5d2ab34.jpg,400,400,baseball diamond,217,314,243,354
098_jpg.rf.7072eb05ec8aec3030f5ccaff5d2ab34.jpg,400,400,baseball diamond,290,201,319,247
080_jpg.rf.9f9413ac7e41110576783583696fd3be.jpg,400,400,airplane,94,77,124,126
080_jpg.rf.9f9413ac7e41110576783583696fd3be.jpg,400,400,airplane,180,195,216,246
080_jpg.rf.9f9413ac7e41110576783583696fd3be.jpg,400,400,airplane,206,249,234,294
616_jpg.rf.4a870457c771c3d04e7157ab7f0524c4.jpg,400,400,baseball diamond,234,108,276,160
616_jpg.rf.4a870457c771c3d04e7157ab7f0524c4.jpg,400,400,ground track field,79,134,215,257
454_jpg.rf.a51e53ea5a24ccaa263663e5879af316.jpg,400,400,airplane,32,339,50,379
454_jpg.rf.a51e53ea5a24ccaa263663e5879af316.jpg,400,400,airplane,60,207,81,235
454_jpg.rf.a51e53ea5a24ccaa263663e5879af316.jpg,400,400,airplane,135,166,156,198
454_jpg.rf.a51e53ea5a24ccaa263663e5879af316.jpg,400,400,airplane,230,45,246,76
454_jpg.rf.a51e53ea5a24ccaa263663e5879af316.jpg,400,400,airplane,250,31,262,58
454_jpg.rf.a51e53ea5a24ccaa263663e5879af316.jpg,400,400,airplane,269,32,288,65
454_jpg.rf.a51e53ea5a24ccaa263663e5879af316.jpg,400,400,airplane,293,90,309,110
454_jpg.rf.a51e53ea5a24ccaa263663e5879af316.jpg,400,400,airplane,279,126,301,154
454_jpg.rf.a51e53ea5a24ccaa263663e5879af316.jpg,400,400,airplane,261,167,293,200
454_jpg.rf.a51e53ea5a24ccaa263663e5879af316.jpg,400,400,airplane,263,260,287,298
454_jpg.rf.a51e53ea5a24ccaa263663e5879af316.jpg,400,400,airplane,292,309,316,341
454_jpg.rf.a51e53ea5a24ccaa263663e5879af316.jpg,400,400,airplane,331,10,358,39
052_jpg.rf.2f46792cf374ea8c064fec1306646c3a.jpg,400,400,airplane,22,71,79,123
052_jpg.rf.2f46792cf374ea8c064fec1306646c3a.jpg,400,400,airplane,25,158,82,216
052_jpg.rf.2f46792cf374ea8c064fec1306646c3a.jpg,400,400,airplane,37,253,85,302
052_jpg.rf.2f46792cf374ea8c064fec1306646c3a.jpg,400,400,airplane,180,146,228,199
052_jpg.rf.2f46792cf374ea8c064fec1306646c3a.jpg,400,400,airplane,189,329,237,377
052_jpg.rf.2f46792cf374ea8c064fec1306646c3a.jpg,400,400,airplane,315,43,361,85
052_jpg.rf.2f46792cf374ea8c064fec1306646c3a.jpg,400,400,airplane,321,133,362,173
052_jpg.rf.2f46792cf374ea8c064fec1306646c3a.jpg,400,400,airplane,332,228,367,266
052_jpg.rf.2f46792cf374ea8c064fec1306646c3a.jpg,400,400,airplane,331,295,370,335
571_jpg.rf.62cbccb4bc9a7b48b7879ae6f969762f.jpg,400,400,basketball court,265,134,283,166
571_jpg.rf.62cbccb4bc9a7b48b7879ae6f969762f.jpg,400,400,basketball court,246,133,264,167
366_jpg.rf.475f0c6ad3735d9ee3384f7fb879481f.jpg,400,400,tennis court,87,159,109,203
366_jpg.rf.475f0c6ad3735d9ee3384f7fb879481f.jpg,400,400,tennis court,109,152,131,196
366_jpg.rf.475f0c6ad3735d9ee3384f7fb879481f.jpg,400,400,tennis court,126,145,149,189
366_jpg.rf.475f0c6ad3735d9ee3384f7fb879481f.jpg,400,400,tennis court,152,147,177,189
366_jpg.rf.475f0c6ad3735d9ee3384f7fb879481f.jpg,400,400,tennis court,171,139,194,181
366_jpg.rf.475f0c6ad3735d9ee3384f7fb879481f.jpg,400,400,tennis court,192,131,216,175
366_jpg.rf.475f0c6ad3735d9ee3384f7fb879481f.jpg,400,400,tennis court,209,125,233,167
366_jpg.rf.475f0c6ad3735d9ee3384f7fb879481f.jpg,400,400,tennis court,230,118,254,157
366_jpg.rf.475f0c6ad3735d9ee3384f7fb879481f.jpg,400,400,tennis court,248,111,271,152
624_jpg.rf.a4c9d55c02facf0d67355bd916b96598.jpg,400,400,harbor,30,93,60,179
624_jpg.rf.a4c9d55c02facf0d67355bd916b96598.jpg,400,400,harbor,72,93,98,175
624_jpg.rf.a4c9d55c02facf0d67355bd916b96598.jpg,400,400,harbor,113,88,138,162
624_jpg.rf.a4c9d55c02facf0d67355bd916b96598.jpg,400,400,harbor,147,85,169,167
624_jpg.rf.a4c9d55c02facf0d67355bd916b96598.jpg,400,400,harbor,181,91,203,169
624_jpg.rf.a4c9d55c02facf0d67355bd916b96598.jpg,400,400,harbor,241,88,273,187
624_jpg.rf.a4c9d55c02facf0d67355bd916b96598.jpg,400,400,harbor,296,97,325,189
624_jpg.rf.a4c9d55c02facf0d67355bd916b96598.jpg,400,400,harbor,344,99,374,194
089_jpg.rf.ddd2f575f124e55160e845d1099b339f.jpg,400,400,baseball diamond,183,155,209,201
281_jpg.rf.315f05caa0386d69753d6a19283646be.jpg,400,400,harbor,146,44,202,89
281_jpg.rf.315f05caa0386d69753d6a19283646be.jpg,400,400,harbor,141,104,211,147
281_jpg.rf.315f05caa0386d69753d6a19283646be.jpg,400,400,harbor,144,140,218,185
281_jpg.rf.315f05caa0386d69753d6a19283646be.jpg,400,400,harbor,146,185,227,225
281_jpg.rf.315f05caa0386d69753d6a19283646be.jpg,400,400,harbor,150,225,226,275
281_jpg.rf.315f05caa0386d69753d6a19283646be.jpg,400,400,harbor,163,278,237,332
466_jpg.rf.d83b31df50c9557083ef7ca5305d680c.jpg,400,400,ground track field,113,156,239,260
466_jpg.rf.d83b31df50c9557083ef7ca5305d680c.jpg,400,400,baseball diamond,223,59,259,103
466_jpg.rf.d83b31df50c9557083ef7ca5305d680c.jpg,400,400,baseball diamond,287,194,317,234
466_jpg.rf.d83b31df50c9557083ef7ca5305d680c.jpg,400,400,baseball diamond,232,285,264,337
466_jpg.rf.d83b31df50c9557083ef7ca5305d680c.jpg,400,400,baseball diamond,340,201,363,232
642_jpg.rf.e7ba2d0ff37b579aad4747b7024a2479.jpg,400,400,ground track field,134,22,266,229
291_jpg.rf.960924cbbd0af97126fca93d887cd44d.jpg,400,400,ship,39,149,68,164
291_jpg.rf.960924cbbd0af97126fca93d887cd44d.jpg,400,400,ship,133,111,152,149
291_jpg.rf.960924cbbd0af97126fca93d887cd44d.jpg,400,400,ship,186,96,209,128
527_jpg.rf.bbf9e4041d7eef199e6ec01217055bfc.jpg,400,400,ship,10,9,46,35
527_jpg.rf.bbf9e4041d7eef199e6ec01217055bfc.jpg,400,400,ship,15,40,39,62
527_jpg.rf.bbf9e4041d7eef199e6ec01217055bfc.jpg,400,400,ship,47,28,76,48
527_jpg.rf.bbf9e4041d7eef199e6ec01217055bfc.jpg,400,400,ship,75,40,106,64
527_jpg.rf.bbf9e4041d7eef199e6ec01217055bfc.jpg,400,400,ship,96,89,136,122
527_jpg.rf.bbf9e4041d7eef199e6ec01217055bfc.jpg,400,400,ship,145,129,182,170
527_jpg.rf.bbf9e4041d7eef199e6ec01217055bfc.jpg,400,400,ship,195,129,225,163
527_jpg.rf.bbf9e4041d7eef199e6ec01217055bfc.jpg,400,400,ship,235,168,280,219
527_jpg.rf.bbf9e4041d7eef199e6ec01217055bfc.jpg,400,400,ship,289,226,334,288
527_jpg.rf.bbf9e4041d7eef199e6ec01217055bfc.jpg,400,400,ship,278,274,316,343
569_jpg.rf.fd610a76967d0659704d9883e1abd4c6.jpg,400,400,baseball diamond,224,145,270,206
569_jpg.rf.fd610a76967d0659704d9883e1abd4c6.jpg,400,400,basketball court,326,109,355,160
569_jpg.rf.fd610a76967d0659704d9883e1abd4c6.jpg,400,400,basketball court,336,163,381,198
485_jpg.rf.3a2c5c350270e3ab912c25d326802e30.jpg,400,400,baseball diamond,47,344,76,382
485_jpg.rf.3a2c5c350270e3ab912c25d326802e30.jpg,400,400,baseball diamond,196,224,236,282
485_jpg.rf.3a2c5c350270e3ab912c25d326802e30.jpg,400,400,baseball diamond,99,238,138,294
485_jpg.rf.3a2c5c350270e3ab912c25d326802e30.jpg,400,400,ground track field,252,186,326,396
578_jpg.rf.8526737fb83ed8354d4b7248de63242c.jpg,400,400,baseball diamond,127,132,160,184
578_jpg.rf.8526737fb83ed8354d4b7248de63242c.jpg,400,400,baseball diamond,252,177,315,261
578_jpg.rf.8526737fb83ed8354d4b7248de63242c.jpg,400,400,baseball diamond,56,160,94,214
578_jpg.rf.8526737fb83ed8354d4b7248de63242c.jpg,400,400,baseball diamond,287,34,320,76
578_jpg.rf.8526737fb83ed8354d4b7248de63242c.jpg,400,400,tennis court,220,244,244,292
578_jpg.rf.8526737fb83ed8354d4b7248de63242c.jpg,400,400,tennis court,205,252,229,303
483_jpg.rf.1733c9dbfd5b546d774fd34a3f563f91.jpg,400,400,baseball diamond,332,67,362,112
483_jpg.rf.1733c9dbfd5b546d774fd34a3f563f91.jpg,400,400,baseball diamond,335,128,358,166
483_jpg.rf.1733c9dbfd5b546d774fd34a3f563f91.jpg,400,400,ground track field,271,81,336,268
483_jpg.rf.1733c9dbfd5b546d774fd34a3f563f91.jpg,400,400,bridge,35,274,134,342
270_jpg.rf.5490ebc06622d1332e8fa9ef925e9db7.jpg,400,400,harbor,269,21,322,83
270_jpg.rf.5490ebc06622d1332e8fa9ef925e9db7.jpg,400,400,harbor,229,52,286,112
270_jpg.rf.5490ebc06622d1332e8fa9ef925e9db7.jpg,400,400,harbor,183,75,239,144
270_jpg.rf.5490ebc06622d1332e8fa9ef925e9db7.jpg,400,400,harbor,139,106,192,177
270_jpg.rf.5490ebc06622d1332e8fa9ef925e9db7.jpg,400,400,harbor,116,121,155,189
040_jpg.rf.c9c366d02ac0de125322650ca22abe17.jpg,400,400,airplane,47,76,75,130
040_jpg.rf.c9c366d02ac0de125322650ca22abe17.jpg,400,400,airplane,22,147,51,191
040_jpg.rf.c9c366d02ac0de125322650ca22abe17.jpg,400,400,airplane,11,220,48,269
040_jpg.rf.c9c366d02ac0de125322650ca22abe17.jpg,400,400,airplane,65,312,91,360
040_jpg.rf.c9c366d02ac0de125322650ca22abe17.jpg,400,400,airplane,173,63,202,121
040_jpg.rf.c9c366d02ac0de125322650ca22abe17.jpg,400,400,airplane,214,50,243,106
040_jpg.rf.c9c366d02ac0de125322650ca22abe17.jpg,400,400,airplane,252,25,284,85
040_jpg.rf.c9c366d02ac0de125322650ca22abe17.jpg,400,400,airplane,331,43,363,91
040_jpg.rf.c9c366d02ac0de125322650ca22abe17.jpg,400,400,airplane,348,111,376,160
040_jpg.rf.c9c366d02ac0de125322650ca22abe17.jpg,400,400,airplane,350,184,387,240
320_jpg.rf.9ab4edf235cbbf297687a827caa5719e.jpg,400,400,ship,130,314,148,340
320_jpg.rf.9ab4edf235cbbf297687a827caa5719e.jpg,400,400,storage tank,295,176,312,197
320_jpg.rf.9ab4edf235cbbf297687a827caa5719e.jpg,400,400,storage tank,271,169,292,194
320_jpg.rf.9ab4edf235cbbf297687a827caa5719e.jpg,400,400,storage tank,251,161,273,187
320_jpg.rf.9ab4edf235cbbf297687a827caa5719e.jpg,400,400,storage tank,232,154,252,178
320_jpg.rf.9ab4edf235cbbf297687a827caa5719e.jpg,400,400,storage tank,213,145,232,170
320_jpg.rf.9ab4edf235cbbf297687a827caa5719e.jpg,400,400,storage tank,194,138,214,162
320_jpg.rf.9ab4edf235cbbf297687a827caa5719e.jpg,400,400,storage tank,179,140,191,154
320_jpg.rf.9ab4edf235cbbf297687a827caa5719e.jpg,400,400,storage tank,170,137,182,151
320_jpg.rf.9ab4edf235cbbf297687a827caa5719e.jpg,400,400,storage tank,160,133,170,146
320_jpg.rf.9ab4edf235cbbf297687a827caa5719e.jpg,400,400,storage tank,182,127,194,141
320_jpg.rf.9ab4edf235cbbf297687a827caa5719e.jpg,400,400,storage tank,170,122,182,138
320_jpg.rf.9ab4edf235cbbf297687a827caa5719e.jpg,400,400,storage tank,160,118,170,132
320_jpg.rf.9ab4edf235cbbf297687a827caa5719e.jpg,400,400,storage tank,303,146,324,172
320_jpg.rf.9ab4edf235cbbf297687a827caa5719e.jpg,400,400,storage tank,282,140,303,164
320_jpg.rf.9ab4edf235cbbf297687a827caa5719e.jpg,400,400,storage tank,262,131,283,153
320_jpg.rf.9ab4edf235cbbf297687a827caa5719e.jpg,400,400,storage tank,242,123,262,146
320_jpg.rf.9ab4edf235cbbf297687a827caa5719e.jpg,400,400,storage tank,216,122,229,136
320_jpg.rf.9ab4edf235cbbf297687a827caa5719e.jpg,400,400,storage tank,205,117,217,131
320_jpg.rf.9ab4edf235cbbf297687a827caa5719e.jpg,400,400,storage tank,193,112,205,127
320_jpg.rf.9ab4edf235cbbf297687a827caa5719e.jpg,400,400,storage tank,182,107,194,121
320_jpg.rf.9ab4edf235cbbf297687a827caa5719e.jpg,400,400,storage tank,221,106,233,122
320_jpg.rf.9ab4edf235cbbf297687a827caa5719e.jpg,400,400,storage tank,208,101,220,117
320_jpg.rf.9ab4edf235cbbf297687a827caa5719e.jpg,400,400,storage tank,197,97,209,112
320_jpg.rf.9ab4edf235cbbf297687a827caa5719e.jpg,400,400,storage tank,185,92,197,107
320_jpg.rf.9ab4edf235cbbf297687a827caa5719e.jpg,400,400,storage tank,327,132,339,148
320_jpg.rf.9ab4edf235cbbf297687a827caa5719e.jpg,400,400,storage tank,332,118,344,134
320_jpg.rf.9ab4edf235cbbf297687a827caa5719e.jpg,400,400,storage tank,316,128,328,144
320_jpg.rf.9ab4edf235cbbf297687a827caa5719e.jpg,400,400,storage tank,321,113,334,129
320_jpg.rf.9ab4edf235cbbf297687a827caa5719e.jpg,400,400,storage tank,305,123,317,139
320_jpg.rf.9ab4edf235cbbf297687a827caa5719e.jpg,400,400,storage tank,310,109,322,125
320_jpg.rf.9ab4edf235cbbf297687a827caa5719e.jpg,400,400,storage tank,294,118,306,134
320_jpg.rf.9ab4edf235cbbf297687a827caa5719e.jpg,400,400,storage tank,299,104,311,120
320_jpg.rf.9ab4edf235cbbf297687a827caa5719e.jpg,400,400,storage tank,278,111,290,127
320_jpg.rf.9ab4edf235cbbf297687a827caa5719e.jpg,400,400,storage tank,267,105,279,122
320_jpg.rf.9ab4edf235cbbf297687a827caa5719e.jpg,400,400,storage tank,256,101,268,116
320_jpg.rf.9ab4edf235cbbf297687a827caa5719e.jpg,400,400,storage tank,260,86,272,102
320_jpg.rf.9ab4edf235cbbf297687a827caa5719e.jpg,400,400,storage tank,244,98,257,114
320_jpg.rf.9ab4edf235cbbf297687a827caa5719e.jpg,400,400,storage tank,249,82,261,98
320_jpg.rf.9ab4edf235cbbf297687a827caa5719e.jpg,400,400,storage tank,233,93,245,108
320_jpg.rf.9ab4edf235cbbf297687a827caa5719e.jpg,400,400,storage tank,237,77,249,93
320_jpg.rf.9ab4edf235cbbf297687a827caa5719e.jpg,400,400,storage tank,217,85,229,99
320_jpg.rf.9ab4edf235cbbf297687a827caa5719e.jpg,400,400,storage tank,221,69,233,85
320_jpg.rf.9ab4edf235cbbf297687a827caa5719e.jpg,400,400,storage tank,206,80,218,94
320_jpg.rf.9ab4edf235cbbf297687a827caa5719e.jpg,400,400,storage tank,209,64,221,81
320_jpg.rf.9ab4edf235cbbf297687a827caa5719e.jpg,400,400,storage tank,194,74,206,89
320_jpg.rf.9ab4edf235cbbf297687a827caa5719e.jpg,400,400,storage tank,197,59,209,74
320_jpg.rf.9ab4edf235cbbf297687a827caa5719e.jpg,400,400,storage tank,181,69,193,85
320_jpg.rf.9ab4edf235cbbf297687a827caa5719e.jpg,400,400,storage tank,185,52,197,69
169_jpg.rf.2c4f55e36ba7fdcd2ce261ca83dac19c.jpg,400,400,bridge,177,101,255,266
423_jpg.rf.a85aeae12e71dbfcb35b8c4360b9850e.jpg,400,400,vehicle,100,295,120,311
423_jpg.rf.a85aeae12e71dbfcb35b8c4360b9850e.jpg,400,400,vehicle,150,309,162,340
423_jpg.rf.a85aeae12e71dbfcb35b8c4360b9850e.jpg,400,400,vehicle,133,121,144,151
423_jpg.rf.a85aeae12e71dbfcb35b8c4360b9850e.jpg,400,400,vehicle,198,49,217,68
423_jpg.rf.a85aeae12e71dbfcb35b8c4360b9850e.jpg,400,400,vehicle,262,75,280,93
423_jpg.rf.a85aeae12e71dbfcb35b8c4360b9850e.jpg,400,400,vehicle,36,7,54,21
423_jpg.rf.a85aeae12e71dbfcb35b8c4360b9850e.jpg,400,400,vehicle,173,41,192,58
423_jpg.rf.a85aeae12e71dbfcb35b8c4360b9850e.jpg,400,400,vehicle,354,77,373,94
423_jpg.rf.a85aeae12e71dbfcb35b8c4360b9850e.jpg,400,400,vehicle,376,86,394,102
423_jpg.rf.a85aeae12e71dbfcb35b8c4360b9850e.jpg,400,400,vehicle,100,315,122,326
566_jpg.rf.988effc1648bb2be5d4a9fa18b9c0668.jpg,400,400,ground track field,128,45,226,227
566_jpg.rf.988effc1648bb2be5d4a9fa18b9c0668.jpg,400,400,baseball diamond,297,129,344,184
616_jpg.rf.e7abd7e9e361b58a14e0ae372901faf4.jpg,400,400,baseball diamond,108,234,160,276
616_jpg.rf.e7abd7e9e361b58a14e0ae372901faf4.jpg,400,400,ground track field,134,79,257,215
291_jpg.rf.e804bf5a8521f6cb6c4ad831bd0eb08c.jpg,400,400,ship,333,149,361,164
291_jpg.rf.e804bf5a8521f6cb6c4ad831bd0eb08c.jpg,400,400,ship,249,111,268,149
291_jpg.rf.e804bf5a8521f6cb6c4ad831bd0eb08c.jpg,400,400,ship,191,96,215,128
006_jpg.rf.8c5f8f508bd91b11129b2d2a95327563.jpg,400,400,airplane,210,55,240,74
006_jpg.rf.8c5f8f508bd91b11129b2d2a95327563.jpg,400,400,airplane,214,120,240,141
006_jpg.rf.8c5f8f508bd91b11129b2d2a95327563.jpg,400,400,airplane,185,151,213,169
006_jpg.rf.8c5f8f508bd91b11129b2d2a95327563.jpg,400,400,airplane,163,181,220,217
006_jpg.rf.8c5f8f508bd91b11129b2d2a95327563.jpg,400,400,airplane,87,248,130,287
006_jpg.rf.8c5f8f508bd91b11129b2d2a95327563.jpg,400,400,airplane,32,267,80,307
006_jpg.rf.8c5f8f508bd91b11129b2d2a95327563.jpg,400,400,airplane,283,129,319,157
006_jpg.rf.8c5f8f508bd91b11129b2d2a95327563.jpg,400,400,airplane,354,195,392,221
405_jpg.rf.c0a889ba3551071ba3ff1766f2ee6e44.jpg,400,400,vehicle,274,189,314,219
405_jpg.rf.c0a889ba3551071ba3ff1766f2ee6e44.jpg,400,400,vehicle,296,65,336,93
459_jpg.rf.e98e2eed1c55ec5fe53cc90517b2b0b1.jpg,400,400,ground track field,51,90,300,187
115_jpg.rf.e28cd059fd6d907d3067f5e7d2190b38.jpg,400,400,baseball diamond,197,142,235,208
351_jpg.rf.d3dd69b9091adc06f609cd7cdd70bc7a.jpg,400,400,tennis court,171,164,199,216
351_jpg.rf.d3dd69b9091adc06f609cd7cdd70bc7a.jpg,400,400,tennis court,193,157,222,208
001_jpg.rf.cad7c2945ee89171029efa12724341d0.jpg,400,400,airplane,236,138,283,166
287_jpg.rf.0d1b2306e450b5c860abbf5a5ebcf812.jpg,400,400,ship,37,32,68,45
287_jpg.rf.0d1b2306e450b5c860abbf5a5ebcf812.jpg,400,400,ship,139,31,171,45
287_jpg.rf.0d1b2306e450b5c860abbf5a5ebcf812.jpg,400,400,ship,176,32,207,47
287_jpg.rf.0d1b2306e450b5c860abbf5a5ebcf812.jpg,400,400,ship,12,52,29,98
287_jpg.rf.0d1b2306e450b5c860abbf5a5ebcf812.jpg,400,400,ship,25,255,57,269
287_jpg.rf.0d1b2306e450b5c860abbf5a5ebcf812.jpg,400,400,ship,96,272,122,285
287_jpg.rf.0d1b2306e450b5c860abbf5a5ebcf812.jpg,400,400,ship,194,334,204,388
287_jpg.rf.0d1b2306e450b5c860abbf5a5ebcf812.jpg,400,400,ship,279,259,309,273
287_jpg.rf.0d1b2306e450b5c860abbf5a5ebcf812.jpg,400,400,ship,337,263,359,301
287_jpg.rf.0d1b2306e450b5c860abbf5a5ebcf812.jpg,400,400,storage tank,183,77,201,108
287_jpg.rf.0d1b2306e450b5c860abbf5a5ebcf812.jpg,400,400,storage tank,182,110,201,140
287_jpg.rf.0d1b2306e450b5c860abbf5a5ebcf812.jpg,400,400,storage tank,182,141,200,171
287_jpg.rf.0d1b2306e450b5c860abbf5a5ebcf812.jpg,400,400,storage tank,232,112,249,141
287_jpg.rf.0d1b2306e450b5c860abbf5a5ebcf812.jpg,400,400,storage tank,232,142,249,172
287_jpg.rf.0d1b2306e450b5c860abbf5a5ebcf812.jpg,400,400,storage tank,254,137,273,168
287_jpg.rf.0d1b2306e450b5c860abbf5a5ebcf812.jpg,400,400,storage tank,275,138,293,168
089_jpg.rf.96d9546054473520bf5ee0e327854a51.jpg,400,400,baseball diamond,199,192,245,218
309_jpg.rf.ad98453346f6839a1f73ba8ef38a1ad9.jpg,400,400,ship,317,149,355,171
309_jpg.rf.ad98453346f6839a1f73ba8ef38a1ad9.jpg,400,400,ship,135,190,146,228
309_jpg.rf.ad98453346f6839a1f73ba8ef38a1ad9.jpg,400,400,storage tank,60,96,77,117
309_jpg.rf.ad98453346f6839a1f73ba8ef38a1ad9.jpg,400,400,storage tank,61,116,73,131
309_jpg.rf.ad98453346f6839a1f73ba8ef38a1ad9.jpg,400,400,storage tank,61,133,73,148
309_jpg.rf.ad98453346f6839a1f73ba8ef38a1ad9.jpg,400,400,storage tank,75,108,95,136
309_jpg.rf.ad98453346f6839a1f73ba8ef38a1ad9.jpg,400,400,storage tank,95,108,116,136
309_jpg.rf.ad98453346f6839a1f73ba8ef38a1ad9.jpg,400,400,storage tank,73,135,94,162
309_jpg.rf.ad98453346f6839a1f73ba8ef38a1ad9.jpg,400,400,storage tank,93,135,115,163
309_jpg.rf.ad98453346f6839a1f73ba8ef38a1ad9.jpg,400,400,storage tank,58,166,69,181
309_jpg.rf.ad98453346f6839a1f73ba8ef38a1ad9.jpg,400,400,storage tank,68,165,79,183
309_jpg.rf.ad98453346f6839a1f73ba8ef38a1ad9.jpg,400,400,storage tank,77,167,88,183
309_jpg.rf.ad98453346f6839a1f73ba8ef38a1ad9.jpg,400,400,storage tank,86,167,97,184
309_jpg.rf.ad98453346f6839a1f73ba8ef38a1ad9.jpg,400,400,storage tank,96,168,106,185
309_jpg.rf.ad98453346f6839a1f73ba8ef38a1ad9.jpg,400,400,storage tank,106,168,117,186
481_jpg.rf.7a2eda14fcd75ecaf04d18c1d46795d9.jpg,400,400,baseball diamond,294,160,334,199
481_jpg.rf.7a2eda14fcd75ecaf04d18c1d46795d9.jpg,400,400,baseball diamond,157,183,210,227
481_jpg.rf.7a2eda14fcd75ecaf04d18c1d46795d9.jpg,400,400,ground track field,154,264,346,362
427_jpg.rf.f725202a4e5324ebb810b633ab99fcd1.jpg,400,400,vehicle,288,282,303,306
427_jpg.rf.f725202a4e5324ebb810b633ab99fcd1.jpg,400,400,vehicle,248,346,266,373
427_jpg.rf.f725202a4e5324ebb810b633ab99fcd1.jpg,400,400,vehicle,128,164,146,193
427_jpg.rf.f725202a4e5324ebb810b633ab99fcd1.jpg,400,400,vehicle,98,111,119,143
427_jpg.rf.f725202a4e5324ebb810b633ab99fcd1.jpg,400,400,vehicle,101,42,117,65
427_jpg.rf.f725202a4e5324ebb810b633ab99fcd1.jpg,400,400,vehicle,187,278,202,303
427_jpg.rf.f725202a4e5324ebb810b633ab99fcd1.jpg,400,400,vehicle,186,249,205,273
427_jpg.rf.f725202a4e5324ebb810b633ab99fcd1.jpg,400,400,vehicle,263,312,280,339
427_jpg.rf.f725202a4e5324ebb810b633ab99fcd1.jpg,400,400,vehicle,276,289,293,319
353_jpg.rf.b18896b574b82fed7bcbab6d1432422a.jpg,400,400,tennis court,158,75,191,139
353_jpg.rf.b18896b574b82fed7bcbab6d1432422a.jpg,400,400,tennis court,181,61,209,122
353_jpg.rf.b18896b574b82fed7bcbab6d1432422a.jpg,400,400,tennis court,202,42,237,106
353_jpg.rf.b18896b574b82fed7bcbab6d1432422a.jpg,400,400,tennis court,224,29,258,90
621_jpg.rf.e0d6034dcbbd8703da1978a10f0bf1ab.jpg,400,400,ground track field,125,157,339,275
641_jpg.rf.a88ce79bb397e794cdd5522718c6950b.jpg,400,400,baseball diamond,235,29,266,69
641_jpg.rf.a88ce79bb397e794cdd5522718c6950b.jpg,400,400,baseball diamond,276,201,334,285
641_jpg.rf.a88ce79bb397e794cdd5522718c6950b.jpg,400,400,ground track field,96,52,241,260
377_jpg.rf.f28ebbea7e61b6de0ecd69fcd9129916.jpg,400,400,vehicle,74,125,106,155
377_jpg.rf.f28ebbea7e61b6de0ecd69fcd9129916.jpg,400,400,vehicle,240,80,277,112
377_jpg.rf.f28ebbea7e61b6de0ecd69fcd9129916.jpg,400,400,vehicle,286,75,321,108
216_jpg.rf.9d2d50a12aca241c933e9753756a5b5e.jpg,400,400,ground track field,22,38,97,200
216_jpg.rf.9d2d50a12aca241c933e9753756a5b5e.jpg,400,400,tennis court,315,291,332,329
216_jpg.rf.9d2d50a12aca241c933e9753756a5b5e.jpg,400,400,tennis court,325,285,342,322
216_jpg.rf.9d2d50a12aca241c933e9753756a5b5e.jpg,400,400,tennis court,334,279,352,316
216_jpg.rf.9d2d50a12aca241c933e9753756a5b5e.jpg,400,400,tennis court,346,271,365,308
216_jpg.rf.9d2d50a12aca241c933e9753756a5b5e.jpg,400,400,tennis court,352,322,370,366
216_jpg.rf.9d2d50a12aca241c933e9753756a5b5e.jpg,400,400,tennis court,362,319,380,357
216_jpg.rf.9d2d50a12aca241c933e9753756a5b5e.jpg,400,400,baseball diamond,217,168,246,208
216_jpg.rf.9d2d50a12aca241c933e9753756a5b5e.jpg,400,400,basketball court,341,210,364,237
462_jpg.rf.1d0d386e59ce392ff516d26d0a25b6d1.jpg,400,400,baseball diamond,342,47,382,81
462_jpg.rf.1d0d386e59ce392ff516d26d0a25b6d1.jpg,400,400,baseball diamond,224,75,274,113
462_jpg.rf.1d0d386e59ce392ff516d26d0a25b6d1.jpg,400,400,baseball diamond,69,35,105,65
462_jpg.rf.1d0d386e59ce392ff516d26d0a25b6d1.jpg,400,400,ground track field,116,167,302,240
217_jpg.rf.b7047302ba75ffdd3ddca964522fa4d9.jpg,400,400,ground track field,121,155,324,247
031_jpg.rf.8c4ca2d45a8d3bdc9a95b51b78974ac8.jpg,400,400,airplane,45,72,99,104
031_jpg.rf.8c4ca2d45a8d3bdc9a95b51b78974ac8.jpg,400,400,airplane,53,115,107,149
031_jpg.rf.8c4ca2d45a8d3bdc9a95b51b78974ac8.jpg,400,400,airplane,269,29,318,61
031_jpg.rf.8c4ca2d45a8d3bdc9a95b51b78974ac8.jpg,400,400,airplane,253,65,301,97
031_jpg.rf.8c4ca2d45a8d3bdc9a95b51b78974ac8.jpg,400,400,airplane,249,110,295,142
031_jpg.rf.8c4ca2d45a8d3bdc9a95b51b78974ac8.jpg,400,400,airplane,251,153,306,190
031_jpg.rf.8c4ca2d45a8d3bdc9a95b51b78974ac8.jpg,400,400,airplane,252,197,308,233
031_jpg.rf.8c4ca2d45a8d3bdc9a95b51b78974ac8.jpg,400,400,airplane,258,307,316,342
031_jpg.rf.8c4ca2d45a8d3bdc9a95b51b78974ac8.jpg,400,400,airplane,266,352,313,384
532_jpg.rf.50b590e3100a4a103c0520d3f6183fa5.jpg,400,400,airplane,304,188,352,213
532_jpg.rf.50b590e3100a4a103c0520d3f6183fa5.jpg,400,400,airplane,278,155,327,181
532_jpg.rf.50b590e3100a4a103c0520d3f6183fa5.jpg,400,400,airplane,237,124,289,151
532_jpg.rf.50b590e3100a4a103c0520d3f6183fa5.jpg,400,400,airplane,197,92,253,120
532_jpg.rf.50b590e3100a4a103c0520d3f6183fa5.jpg,400,400,airplane,174,54,228,84
532_jpg.rf.50b590e3100a4a103c0520d3f6183fa5.jpg,400,400,airplane,146,294,184,324
532_jpg.rf.50b590e3100a4a103c0520d3f6183fa5.jpg,400,400,airplane,82,316,130,351
532_jpg.rf.50b590e3100a4a103c0520d3f6183fa5.jpg,400,400,airplane,24,344,74,377
532_jpg.rf.50b590e3100a4a103c0520d3f6183fa5.jpg,400,400,ship,92,194,112,206
532_jpg.rf.50b590e3100a4a103c0520d3f6183fa5.jpg,400,400,ship,67,194,87,206
366_jpg.rf.810ca66c32de27606f4165277634cc9c.jpg,400,400,tennis court,197,291,241,313
366_jpg.rf.810ca66c32de27606f4165277634cc9c.jpg,400,400,tennis court,205,269,249,291
366_jpg.rf.810ca66c32de27606f4165277634cc9c.jpg,400,400,tennis court,211,251,255,275
366_jpg.rf.810ca66c32de27606f4165277634cc9c.jpg,400,400,tennis court,212,223,254,249
366_jpg.rf.810ca66c32de27606f4165277634cc9c.jpg,400,400,tennis court,219,206,261,230
366_jpg.rf.810ca66c32de27606f4165277634cc9c.jpg,400,400,tennis court,225,184,269,208
366_jpg.rf.810ca66c32de27606f4165277634cc9c.jpg,400,400,tennis court,233,168,275,192
366_jpg.rf.810ca66c32de27606f4165277634cc9c.jpg,400,400,tennis court,243,146,282,170
366_jpg.rf.810ca66c32de27606f4165277634cc9c.jpg,400,400,tennis court,249,130,290,153
270_jpg.rf.3b0868120b8e17e3327ef6e28f59c416.jpg,400,400,harbor,317,270,379,322
270_jpg.rf.3b0868120b8e17e3327ef6e28f59c416.jpg,400,400,harbor,289,229,349,286
270_jpg.rf.3b0868120b8e17e3327ef6e28f59c416.jpg,400,400,harbor,257,183,325,239
270_jpg.rf.3b0868120b8e17e3327ef6e28f59c416.jpg,400,400,harbor,223,139,295,192
270_jpg.rf.3b0868120b8e17e3327ef6e28f59c416.jpg,400,400,harbor,211,117,279,155
136_jpg.rf.95b9e29aee230fb1698e521dc16a4fdf.jpg,400,400,basketball court,174,147,263,223
136_jpg.rf.95b9e29aee230fb1698e521dc16a4fdf.jpg,400,400,basketball court,287,146,379,228
643_jpg.rf.623287b1bc9b4d5de6983bbb99320573.jpg,400,400,tennis court,223,231,283,255
643_jpg.rf.623287b1bc9b4d5de6983bbb99320573.jpg,400,400,tennis court,221,203,281,229
643_jpg.rf.623287b1bc9b4d5de6983bbb99320573.jpg,400,400,tennis court,219,176,279,202
643_jpg.rf.623287b1bc9b4d5de6983bbb99320573.jpg,400,400,basketball court,208,133,280,167
423_jpg.rf.c4cd74d3259864aace938070868cd4ad.jpg,400,400,vehicle,89,281,105,301
423_jpg.rf.c4cd74d3259864aace938070868cd4ad.jpg,400,400,vehicle,60,238,92,250
423_jpg.rf.c4cd74d3259864aace938070868cd4ad.jpg,400,400,vehicle,249,256,279,267
423_jpg.rf.c4cd74d3259864aace938070868cd4ad.jpg,400,400,vehicle,332,183,351,202
423_jpg.rf.c4cd74d3259864aace938070868cd4ad.jpg,400,400,vehicle,307,120,325,138
423_jpg.rf.c4cd74d3259864aace938070868cd4ad.jpg,400,400,vehicle,379,346,393,364
423_jpg.rf.c4cd74d3259864aace938070868cd4ad.jpg,400,400,vehicle,343,209,360,227
423_jpg.rf.c4cd74d3259864aace938070868cd4ad.jpg,400,400,vehicle,306,28,323,47
423_jpg.rf.c4cd74d3259864aace938070868cd4ad.jpg,400,400,vehicle,299,7,315,25
423_jpg.rf.c4cd74d3259864aace938070868cd4ad.jpg,400,400,vehicle,74,278,85,300
467_jpg.rf.f977aeacd8d94322bb030ecec4cfc4e6.jpg,400,400,ground track field,142,104,330,220
239_jpg.rf.cb355a777c16795ba83c6e3765306be2.jpg,400,400,ground track field,179,148,275,350
239_jpg.rf.cb355a777c16795ba83c6e3765306be2.jpg,400,400,baseball diamond,270,258,308,304
239_jpg.rf.cb355a777c16795ba83c6e3765306be2.jpg,400,400,baseball diamond,207,87,233,115
239_jpg.rf.cb355a777c16795ba83c6e3765306be2.jpg,400,400,baseball diamond,177,136,199,163
566_jpg.rf.48abf84d3a7ff40943c29d3ed06a58f0.jpg,400,400,ground track field,174,173,272,355
566_jpg.rf.48abf84d3a7ff40943c29d3ed06a58f0.jpg,400,400,baseball diamond,56,217,103,272
529_jpg.rf.ee8a3a25174157cb45d6404ca5b5ee77.jpg,400,400,baseball diamond,44,242,120,282
529_jpg.rf.ee8a3a25174157cb45d6404ca5b5ee77.jpg,400,400,bridge,229,29,351,77
529_jpg.rf.ee8a3a25174157cb45d6404ca5b5ee77.jpg,400,400,bridge,213,310,322,359
216_jpg.rf.c65b0c4e0c22a16e2f9d4b28524d2696.jpg,400,400,ground track field,22,38,97,200
216_jpg.rf.c65b0c4e0c22a16e2f9d4b28524d2696.jpg,400,400,tennis court,315,291,332,329
216_jpg.rf.c65b0c4e0c22a16e2f9d4b28524d2696.jpg,400,400,tennis court,325,285,343,322
216_jpg.rf.c65b0c4e0c22a16e2f9d4b28524d2696.jpg,400,400,tennis court,334,279,352,316
216_jpg.rf.c65b0c4e0c22a16e2f9d4b28524d2696.jpg,400,400,tennis court,346,271,365,308
216_jpg.rf.c65b0c4e0c22a16e2f9d4b28524d2696.jpg,400,400,tennis court,352,322,370,366
216_jpg.rf.c65b0c4e0c22a16e2f9d4b28524d2696.jpg,400,400,tennis court,362,319,380,357
216_jpg.rf.c65b0c4e0c22a16e2f9d4b28524d2696.jpg,400,400,baseball diamond,217,168,246,208
216_jpg.rf.c65b0c4e0c22a16e2f9d4b28524d2696.jpg,400,400,basketball court,341,211,364,237
063_jpg.rf.055b2386e555d433458df9dca2741ceb.jpg,400,400,airplane,90,160,133,208
063_jpg.rf.055b2386e555d433458df9dca2741ceb.jpg,400,400,airplane,37,55,81,103
063_jpg.rf.055b2386e555d433458df9dca2741ceb.jpg,400,400,airplane,215,111,243,157
063_jpg.rf.055b2386e555d433458df9dca2741ceb.jpg,400,400,airplane,297,310,313,336
063_jpg.rf.055b2386e555d433458df9dca2741ceb.jpg,400,400,airplane,330,56,365,115
406_jpg.rf.fccd9fc064498b6ba8a924facb950496.jpg,400,400,vehicle,133,345,153,378
406_jpg.rf.fccd9fc064498b6ba8a924facb950496.jpg,400,400,vehicle,96,269,117,304
406_jpg.rf.fccd9fc064498b6ba8a924facb950496.jpg,400,400,vehicle,206,63,242,101
018_jpg.rf.7ef313a8b73a198c0696b4b69c184c70.jpg,400,400,airplane,44,208,114,264
018_jpg.rf.7ef313a8b73a198c0696b4b69c184c70.jpg,400,400,airplane,51,268,129,322
018_jpg.rf.7ef313a8b73a198c0696b4b69c184c70.jpg,400,400,airplane,66,333,135,385
018_jpg.rf.7ef313a8b73a198c0696b4b69c184c70.jpg,400,400,airplane,169,132,253,189
018_jpg.rf.7ef313a8b73a198c0696b4b69c184c70.jpg,400,400,airplane,283,14,343,61
065_jpg.rf.f67dafa7e0be8d7554122956aafb7621.jpg,400,400,airplane,268,229,300,253
065_jpg.rf.f67dafa7e0be8d7554122956aafb7621.jpg,400,400,airplane,248,210,267,222
065_jpg.rf.f67dafa7e0be8d7554122956aafb7621.jpg,400,400,airplane,95,284,114,298
065_jpg.rf.f67dafa7e0be8d7554122956aafb7621.jpg,400,400,airplane,50,293,85,322
065_jpg.rf.f67dafa7e0be8d7554122956aafb7621.jpg,400,400,airplane,26,321,53,343
176_jpg.rf.9b8497c1a6ece7128c8e80fe600def57.jpg,400,400,bridge,112,95,164,238
114_jpg.rf.301262e1e99c5baebca307d424510b2f.jpg,400,400,baseball diamond,70,129,111,174
114_jpg.rf.301262e1e99c5baebca307d424510b2f.jpg,400,400,baseball diamond,131,87,189,147
114_jpg.rf.301262e1e99c5baebca307d424510b2f.jpg,400,400,baseball diamond,182,146,219,201
114_jpg.rf.301262e1e99c5baebca307d424510b2f.jpg,400,400,baseball diamond,147,225,191,273
114_jpg.rf.301262e1e99c5baebca307d424510b2f.jpg,400,400,baseball diamond,72,227,120,295
176_jpg.rf.5738bf9fa95d1ffdbf88496ee04c18a1.jpg,400,400,bridge,95,237,239,289
114_jpg.rf.7bbe74d1f2a7cfd2c3aa9952dbf59947.jpg,400,400,baseball diamond,70,129,111,174
114_jpg.rf.7bbe74d1f2a7cfd2c3aa9952dbf59947.jpg,400,400,baseball diamond,131,87,189,147
114_jpg.rf.7bbe74d1f2a7cfd2c3aa9952dbf59947.jpg,400,400,baseball diamond,182,146,220,202
114_jpg.rf.7bbe74d1f2a7cfd2c3aa9952dbf59947.jpg,400,400,baseball diamond,147,225,191,273
114_jpg.rf.7bbe74d1f2a7cfd2c3aa9952dbf59947.jpg,400,400,baseball diamond,72,227,120,295
027_jpg.rf.e671251df43ea5f3a18d068ca5282134.jpg,400,400,airplane,82,361,134,387
027_jpg.rf.e671251df43ea5f3a18d068ca5282134.jpg,400,400,airplane,77,324,129,351
027_jpg.rf.e671251df43ea5f3a18d068ca5282134.jpg,400,400,airplane,77,295,121,320
027_jpg.rf.e671251df43ea5f3a18d068ca5282134.jpg,400,400,airplane,75,266,129,291
027_jpg.rf.e671251df43ea5f3a18d068ca5282134.jpg,400,400,airplane,77,235,127,259
027_jpg.rf.e671251df43ea5f3a18d068ca5282134.jpg,400,400,airplane,69,154,119,180
027_jpg.rf.e671251df43ea5f3a18d068ca5282134.jpg,400,400,airplane,66,89,114,115
027_jpg.rf.e671251df43ea5f3a18d068ca5282134.jpg,400,400,airplane,57,31,107,55
027_jpg.rf.e671251df43ea5f3a18d068ca5282134.jpg,400,400,airplane,21,15,64,45
027_jpg.rf.e671251df43ea5f3a18d068ca5282134.jpg,400,400,airplane,334,345,372,370
027_jpg.rf.e671251df43ea5f3a18d068ca5282134.jpg,400,400,airplane,316,314,366,340
027_jpg.rf.e671251df43ea5f3a18d068ca5282134.jpg,400,400,airplane,308,281,376,311
027_jpg.rf.e671251df43ea5f3a18d068ca5282134.jpg,400,400,airplane,312,242,376,272
027_jpg.rf.e671251df43ea5f3a18d068ca5282134.jpg,400,400,airplane,305,200,372,230
027_jpg.rf.e671251df43ea5f3a18d068ca5282134.jpg,400,400,airplane,300,149,362,181
027_jpg.rf.e671251df43ea5f3a18d068ca5282134.jpg,400,400,airplane,301,113,366,145
027_jpg.rf.e671251df43ea5f3a18d068ca5282134.jpg,400,400,airplane,298,74,363,104
027_jpg.rf.e671251df43ea5f3a18d068ca5282134.jpg,400,400,airplane,286,29,364,66
027_jpg.rf.e671251df43ea5f3a18d068ca5282134.jpg,400,400,airplane,295,7,333,27
027_jpg.rf.e671251df43ea5f3a18d068ca5282134.jpg,400,400,airplane,146,199,198,224
027_jpg.rf.e671251df43ea5f3a18d068ca5282134.jpg,400,400,airplane,239,200,272,226
612_jpg.rf.5b4f680c618c04c1f8ae14c0d99101fa.jpg,400,400,ground track field,150,28,335,292
612_jpg.rf.5b4f680c618c04c1f8ae14c0d99101fa.jpg,400,400,basketball court,128,243,149,299
612_jpg.rf.5b4f680c618c04c1f8ae14c0d99101fa.jpg,400,400,basketball court,110,242,131,301
612_jpg.rf.5b4f680c618c04c1f8ae14c0d99101fa.jpg,400,400,basketball court,93,243,114,301
612_jpg.rf.5b4f680c618c04c1f8ae14c0d99101fa.jpg,400,400,basketball court,74,243,96,301
510_jpg.rf.1d4ae0c459c747517076ca2ad60f71a9.jpg,400,400,airplane,101,98,132,136
510_jpg.rf.1d4ae0c459c747517076ca2ad60f71a9.jpg,400,400,airplane,128,98,160,151
510_jpg.rf.1d4ae0c459c747517076ca2ad60f71a9.jpg,400,400,airplane,193,101,225,151
510_jpg.rf.1d4ae0c459c747517076ca2ad60f71a9.jpg,400,400,airplane,232,103,252,141
510_jpg.rf.1d4ae0c459c747517076ca2ad60f71a9.jpg,400,400,airplane,257,101,290,152
510_jpg.rf.1d4ae0c459c747517076ca2ad60f71a9.jpg,400,400,airplane,62,207,87,256
510_jpg.rf.1d4ae0c459c747517076ca2ad60f71a9.jpg,400,400,airplane,92,208,119,258
510_jpg.rf.1d4ae0c459c747517076ca2ad60f71a9.jpg,400,400,airplane,123,205,151,258
510_jpg.rf.1d4ae0c459c747517076ca2ad60f71a9.jpg,400,400,airplane,240,211,264,261
510_jpg.rf.1d4ae0c459c747517076ca2ad60f71a9.jpg,400,400,airplane,267,212,292,262
618_jpg.rf.e81216a726336d9d7b8bbe918a3d7f14.jpg,400,400,tennis court,72,222,89,270
618_jpg.rf.e81216a726336d9d7b8bbe918a3d7f14.jpg,400,400,tennis court,90,222,107,270
618_jpg.rf.e81216a726336d9d7b8bbe918a3d7f14.jpg,400,400,tennis court,58,317,76,371
618_jpg.rf.e81216a726336d9d7b8bbe918a3d7f14.jpg,400,400,tennis court,77,318,96,371
618_jpg.rf.e81216a726336d9d7b8bbe918a3d7f14.jpg,400,400,basketball court,212,119,245,149
618_jpg.rf.e81216a726336d9d7b8bbe918a3d7f14.jpg,400,400,basketball court,221,49,243,92
618_jpg.rf.e81216a726336d9d7b8bbe918a3d7f14.jpg,400,400,basketball court,260,16,290,43
618_jpg.rf.e81216a726336d9d7b8bbe918a3d7f14.jpg,400,400,basketball court,259,41,290,70
618_jpg.rf.e81216a726336d9d7b8bbe918a3d7f14.jpg,400,400,baseball diamond,155,116,190,165
508_jpg.rf.723160cb095b5beef6db69e3098787e4.jpg,400,400,ship,28,44,45,68
508_jpg.rf.723160cb095b5beef6db69e3098787e4.jpg,400,400,ship,52,167,71,239
508_jpg.rf.723160cb095b5beef6db69e3098787e4.jpg,400,400,ship,93,76,107,108
508_jpg.rf.723160cb095b5beef6db69e3098787e4.jpg,400,400,ship,146,15,161,46
508_jpg.rf.723160cb095b5beef6db69e3098787e4.jpg,400,400,ship,156,88,168,110
508_jpg.rf.723160cb095b5beef6db69e3098787e4.jpg,400,400,ship,253,20,262,49
508_jpg.rf.723160cb095b5beef6db69e3098787e4.jpg,400,400,ship,219,127,235,176
508_jpg.rf.723160cb095b5beef6db69e3098787e4.jpg,400,400,ship,248,90,261,132
508_jpg.rf.723160cb095b5beef6db69e3098787e4.jpg,400,400,ship,249,282,285,327
508_jpg.rf.723160cb095b5beef6db69e3098787e4.jpg,400,400,ship,302,12,311,40
508_jpg.rf.723160cb095b5beef6db69e3098787e4.jpg,400,400,ship,330,112,343,156
508_jpg.rf.723160cb095b5beef6db69e3098787e4.jpg,400,400,ship,309,267,331,337
508_jpg.rf.723160cb095b5beef6db69e3098787e4.jpg,400,400,ship,150,331,167,392
027_jpg.rf.ddc70c515e2537af39014e7730da0676.jpg,400,400,airplane,14,82,39,134
027_jpg.rf.ddc70c515e2537af39014e7730da0676.jpg,400,400,airplane,49,77,76,129
027_jpg.rf.ddc70c515e2537af39014e7730da0676.jpg,400,400,airplane,80,77,105,121
027_jpg.rf.ddc70c515e2537af39014e7730da0676.jpg,400,400,airplane,110,75,135,128
027_jpg.rf.ddc70c515e2537af39014e7730da0676.jpg,400,400,airplane,141,77,165,127
027_jpg.rf.ddc70c515e2537af39014e7730da0676.jpg,400,400,airplane,220,69,246,119
027_jpg.rf.ddc70c515e2537af39014e7730da0676.jpg,400,400,airplane,285,66,311,113
027_jpg.rf.ddc70c515e2537af39014e7730da0676.jpg,400,400,airplane,345,56,369,107
027_jpg.rf.ddc70c515e2537af39014e7730da0676.jpg,400,400,airplane,356,21,386,64
027_jpg.rf.ddc70c515e2537af39014e7730da0676.jpg,400,400,airplane,30,333,55,372
027_jpg.rf.ddc70c515e2537af39014e7730da0676.jpg,400,400,airplane,60,315,86,366
027_jpg.rf.ddc70c515e2537af39014e7730da0676.jpg,400,400,airplane,90,308,120,376
027_jpg.rf.ddc70c515e2537af39014e7730da0676.jpg,400,400,airplane,128,312,159,376
027_jpg.rf.ddc70c515e2537af39014e7730da0676.jpg,400,400,airplane,170,305,200,372
027_jpg.rf.ddc70c515e2537af39014e7730da0676.jpg,400,400,airplane,219,300,251,362
027_jpg.rf.ddc70c515e2537af39014e7730da0676.jpg,400,400,airplane,256,301,287,366
027_jpg.rf.ddc70c515e2537af39014e7730da0676.jpg,400,400,airplane,297,298,327,363
027_jpg.rf.ddc70c515e2537af39014e7730da0676.jpg,400,400,airplane,334,286,371,364
027_jpg.rf.ddc70c515e2537af39014e7730da0676.jpg,400,400,airplane,374,295,394,333
027_jpg.rf.ddc70c515e2537af39014e7730da0676.jpg,400,400,airplane,176,146,201,198
027_jpg.rf.ddc70c515e2537af39014e7730da0676.jpg,400,400,airplane,175,239,200,272
214_jpg.rf.0a3dbd4dff09cac225ae9a28a5a2b610.jpg,400,400,ground track field,86,68,193,256
531_jpg.rf.814d9cd5b05877b2e86471092a8003a5.jpg,400,400,bridge,12,142,40,202
531_jpg.rf.814d9cd5b05877b2e86471092a8003a5.jpg,400,400,bridge,140,38,172,90
531_jpg.rf.814d9cd5b05877b2e86471092a8003a5.jpg,400,400,bridge,305,192,331,261
531_jpg.rf.814d9cd5b05877b2e86471092a8003a5.jpg,400,400,bridge,348,189,369,240
531_jpg.rf.814d9cd5b05877b2e86471092a8003a5.jpg,400,400,bridge,368,141,391,203
625_jpg.rf.e5f4015eef6303b622e4f6b22a7803c8.jpg,400,400,ground track field,273,41,377,302
625_jpg.rf.e5f4015eef6303b622e4f6b22a7803c8.jpg,400,400,baseball diamond,63,163,122,240
325_jpg.rf.720fd7337192db34df338170f35ab314.jpg,400,400,storage tank,226,325,239,347
325_jpg.rf.720fd7337192db34df338170f35ab314.jpg,400,400,storage tank,206,325,219,347
325_jpg.rf.720fd7337192db34df338170f35ab314.jpg,400,400,storage tank,190,325,204,347
325_jpg.rf.720fd7337192db34df338170f35ab314.jpg,400,400,storage tank,171,325,184,347
325_jpg.rf.720fd7337192db34df338170f35ab314.jpg,400,400,storage tank,151,325,164,347
325_jpg.rf.720fd7337192db34df338170f35ab314.jpg,400,400,storage tank,135,325,149,347
325_jpg.rf.720fd7337192db34df338170f35ab314.jpg,400,400,storage tank,254,302,268,324
325_jpg.rf.720fd7337192db34df338170f35ab314.jpg,400,400,storage tank,233,302,247,324
325_jpg.rf.720fd7337192db34df338170f35ab314.jpg,400,400,storage tank,218,302,231,324
325_jpg.rf.720fd7337192db34df338170f35ab314.jpg,400,400,storage tank,198,302,211,324
325_jpg.rf.720fd7337192db34df338170f35ab314.jpg,400,400,storage tank,178,301,191,323
325_jpg.rf.720fd7337192db34df338170f35ab314.jpg,400,400,storage tank,164,302,177,324
325_jpg.rf.720fd7337192db34df338170f35ab314.jpg,400,400,storage tank,143,302,156,323
325_jpg.rf.720fd7337192db34df338170f35ab314.jpg,400,400,storage tank,266,283,280,307
325_jpg.rf.720fd7337192db34df338170f35ab314.jpg,400,400,storage tank,266,256,280,280
325_jpg.rf.720fd7337192db34df338170f35ab314.jpg,400,400,ship,184,117,224,129
325_jpg.rf.720fd7337192db34df338170f35ab314.jpg,400,400,ship,63,75,87,115
470_jpg.rf.4f2eb89d3662768bf948d8244bc773d8.jpg,400,400,ground track field,76,120,147,324
203_jpg.rf.127b742a35c3a0bf167e1f18df5c23bd.jpg,400,400,baseball diamond,33,187,93,235
203_jpg.rf.127b742a35c3a0bf167e1f18df5c23bd.jpg,400,400,baseball diamond,347,136,384,173
203_jpg.rf.127b742a35c3a0bf167e1f18df5c23bd.jpg,400,400,ground track field,90,29,261,143
494_jpg.rf.bc1e8a04604d8a97206f8a36dd598836.jpg,400,400,baseball diamond,4,220,72,279
494_jpg.rf.bc1e8a04604d8a97206f8a36dd598836.jpg,400,400,basketball court,204,254,278,296
494_jpg.rf.bc1e8a04604d8a97206f8a36dd598836.jpg,400,400,basketball court,195,289,263,327
546_jpg.rf.8cc920726089fa49efb994c2744b891c.jpg,400,400,baseball diamond,201,19,226,45
546_jpg.rf.8cc920726089fa49efb994c2744b891c.jpg,400,400,ground track field,129,71,225,229
315_jpg.rf.5d79c6774a66590816f06dd496b49673.jpg,400,400,storage tank,301,90,323,123
315_jpg.rf.5d79c6774a66590816f06dd496b49673.jpg,400,400,storage tank,319,88,343,122
315_jpg.rf.5d79c6774a66590816f06dd496b49673.jpg,400,400,storage tank,337,76,359,108
315_jpg.rf.5d79c6774a66590816f06dd496b49673.jpg,400,400,storage tank,292,121,316,159
315_jpg.rf.5d79c6774a66590816f06dd496b49673.jpg,400,400,storage tank,313,122,336,159
315_jpg.rf.5d79c6774a66590816f06dd496b49673.jpg,400,400,storage tank,335,123,358,156
315_jpg.rf.5d79c6774a66590816f06dd496b49673.jpg,400,400,storage tank,285,163,302,193
315_jpg.rf.5d79c6774a66590816f06dd496b49673.jpg,400,400,storage tank,284,188,302,216
315_jpg.rf.5d79c6774a66590816f06dd496b49673.jpg,400,400,storage tank,300,164,318,192
315_jpg.rf.5d79c6774a66590816f06dd496b49673.jpg,400,400,storage tank,300,190,318,217
315_jpg.rf.5d79c6774a66590816f06dd496b49673.jpg,400,400,storage tank,315,173,340,211
315_jpg.rf.5d79c6774a66590816f06dd496b49673.jpg,400,400,storage tank,284,217,301,244
315_jpg.rf.5d79c6774a66590816f06dd496b49673.jpg,400,400,storage tank,285,241,302,270
315_jpg.rf.5d79c6774a66590816f06dd496b49673.jpg,400,400,storage tank,300,218,317,243
315_jpg.rf.5d79c6774a66590816f06dd496b49673.jpg,400,400,storage tank,300,241,318,270
315_jpg.rf.5d79c6774a66590816f06dd496b49673.jpg,400,400,storage tank,315,217,332,245
315_jpg.rf.5d79c6774a66590816f06dd496b49673.jpg,400,400,storage tank,315,241,333,269
315_jpg.rf.5d79c6774a66590816f06dd496b49673.jpg,400,400,storage tank,329,220,346,245
315_jpg.rf.5d79c6774a66590816f06dd496b49673.jpg,400,400,storage tank,330,241,345,264
315_jpg.rf.5d79c6774a66590816f06dd496b49673.jpg,400,400,storage tank,284,269,302,299
315_jpg.rf.5d79c6774a66590816f06dd496b49673.jpg,400,400,storage tank,299,268,317,298
315_jpg.rf.5d79c6774a66590816f06dd496b49673.jpg,400,400,storage tank,314,270,331,297
315_jpg.rf.5d79c6774a66590816f06dd496b49673.jpg,400,400,storage tank,329,269,347,298
315_jpg.rf.5d79c6774a66590816f06dd496b49673.jpg,400,400,storage tank,298,300,321,337
315_jpg.rf.5d79c6774a66590816f06dd496b49673.jpg,400,400,storage tank,322,301,346,338
315_jpg.rf.5d79c6774a66590816f06dd496b49673.jpg,400,400,ship,51,61,64,108
315_jpg.rf.5d79c6774a66590816f06dd496b49673.jpg,400,400,ship,38,217,65,256
315_jpg.rf.5d79c6774a66590816f06dd496b49673.jpg,400,400,ship,109,209,129,250
315_jpg.rf.5d79c6774a66590816f06dd496b49673.jpg,400,400,ship,170,21,187,61
315_jpg.rf.5d79c6774a66590816f06dd496b49673.jpg,400,400,ship,226,23,244,55
460_jpg.rf.bf5f8bd60c92729ed2ef9efc36192570.jpg,400,400,ground track field,55,16,130,199
096_jpg.rf.3a479a98e35b09bf45799ed9a67c9bf3.jpg,400,400,baseball diamond,163,127,217,161
096_jpg.rf.3a479a98e35b09bf45799ed9a67c9bf3.jpg,400,400,baseball diamond,239,200,289,231
096_jpg.rf.3a479a98e35b09bf45799ed9a67c9bf3.jpg,400,400,basketball court,145,70,223,120
597_jpg.rf.aa572f898bb9be1d40314503331f7e62.jpg,400,400,ground track field,220,34,324,300
597_jpg.rf.aa572f898bb9be1d40314503331f7e62.jpg,400,400,baseball diamond,321,38,360,85
186_jpg.rf.b52b1805696baacd1c0abc32d4bcdbb4.jpg,400,400,bridge,257,85,344,186
186_jpg.rf.b52b1805696baacd1c0abc32d4bcdbb4.jpg,400,400,bridge,201,201,253,306
517_jpg.rf.68c0a9dad60ae1577425645f697608cd.jpg,400,400,ship,339,255,367,288
517_jpg.rf.68c0a9dad60ae1577425645f697608cd.jpg,400,400,ship,234,343,263,369
517_jpg.rf.68c0a9dad60ae1577425645f697608cd.jpg,400,400,ship,290,190,320,212
517_jpg.rf.68c0a9dad60ae1577425645f697608cd.jpg,400,400,ship,327,32,360,57
517_jpg.rf.68c0a9dad60ae1577425645f697608cd.jpg,400,400,ship,218,178,236,212
517_jpg.rf.68c0a9dad60ae1577425645f697608cd.jpg,400,400,ship,211,17,239,69
517_jpg.rf.68c0a9dad60ae1577425645f697608cd.jpg,400,400,ship,153,350,175,367
517_jpg.rf.68c0a9dad60ae1577425645f697608cd.jpg,400,400,ship,146,222,174,248
517_jpg.rf.68c0a9dad60ae1577425645f697608cd.jpg,400,400,ship,57,310,77,328
517_jpg.rf.68c0a9dad60ae1577425645f697608cd.jpg,400,400,ship,91,86,113,103
469_jpg.rf.0f17577f3bd7a6e54d67e52d9302396e.jpg,400,400,baseball diamond,336,43,383,76
469_jpg.rf.0f17577f3bd7a6e54d67e52d9302396e.jpg,400,400,baseball diamond,302,238,366,280
469_jpg.rf.0f17577f3bd7a6e54d67e52d9302396e.jpg,400,400,ground track field,67,239,295,312
362_jpg.rf.3585727b1fdae698b3d86b05eaf95f39.jpg,400,400,tennis court,80,209,115,244
362_jpg.rf.3585727b1fdae698b3d86b05eaf95f39.jpg,400,400,tennis court,112,243,147,277
362_jpg.rf.3585727b1fdae698b3d86b05eaf95f39.jpg,400,400,tennis court,91,192,124,226
362_jpg.rf.3585727b1fdae698b3d86b05eaf95f39.jpg,400,400,tennis court,124,226,157,261
362_jpg.rf.3585727b1fdae698b3d86b05eaf95f39.jpg,400,400,tennis court,102,174,134,209
362_jpg.rf.3585727b1fdae698b3d86b05eaf95f39.jpg,400,400,tennis court,132,208,167,242
362_jpg.rf.3585727b1fdae698b3d86b05eaf95f39.jpg,400,400,tennis court,112,158,142,194
362_jpg.rf.3585727b1fdae698b3d86b05eaf95f39.jpg,400,400,tennis court,144,191,176,227
362_jpg.rf.3585727b1fdae698b3d86b05eaf95f39.jpg,400,400,baseball diamond,195,236,256,317
362_jpg.rf.3585727b1fdae698b3d86b05eaf95f39.jpg,400,400,baseball diamond,68,11,110,51
362_jpg.rf.3585727b1fdae698b3d86b05eaf95f39.jpg,400,400,basketball court,98,78,139,122
362_jpg.rf.3585727b1fdae698b3d86b05eaf95f39.jpg,400,400,basketball court,123,49,159,91
038_jpg.rf.1e63d1441ee845b5ef4170654074acd0.jpg,400,400,airplane,37,342,103,372
038_jpg.rf.1e63d1441ee845b5ef4170654074acd0.jpg,400,400,airplane,153,341,205,374
038_jpg.rf.1e63d1441ee845b5ef4170654074acd0.jpg,400,400,airplane,272,330,331,372
038_jpg.rf.1e63d1441ee845b5ef4170654074acd0.jpg,400,400,airplane,33,271,89,302
038_jpg.rf.1e63d1441ee845b5ef4170654074acd0.jpg,400,400,airplane,107,238,161,273
038_jpg.rf.1e63d1441ee845b5ef4170654074acd0.jpg,400,400,airplane,162,235,216,277
038_jpg.rf.1e63d1441ee845b5ef4170654074acd0.jpg,400,400,airplane,218,239,271,271
038_jpg.rf.1e63d1441ee845b5ef4170654074acd0.jpg,400,400,airplane,329,232,382,266
038_jpg.rf.1e63d1441ee845b5ef4170654074acd0.jpg,400,400,airplane,58,128,104,160
038_jpg.rf.1e63d1441ee845b5ef4170654074acd0.jpg,400,400,airplane,104,129,159,161
038_jpg.rf.1e63d1441ee845b5ef4170654074acd0.jpg,400,400,airplane,204,114,266,156
038_jpg.rf.1e63d1441ee845b5ef4170654074acd0.jpg,400,400,airplane,17,73,75,103
038_jpg.rf.1e63d1441ee845b5ef4170654074acd0.jpg,400,400,airplane,141,33,197,75
038_jpg.rf.1e63d1441ee845b5ef4170654074acd0.jpg,400,400,airplane,249,29,302,71
513_jpg.rf.27150b110aa0d95ca154a6ceb8517543.jpg,400,400,ship,19,82,40,113
513_jpg.rf.27150b110aa0d95ca154a6ceb8517543.jpg,400,400,ship,39,258,57,290
513_jpg.rf.27150b110aa0d95ca154a6ceb8517543.jpg,400,400,ship,219,256,232,284
513_jpg.rf.27150b110aa0d95ca154a6ceb8517543.jpg,400,400,ship,272,31,292,62
513_jpg.rf.27150b110aa0d95ca154a6ceb8517543.jpg,400,400,ship,269,186,290,228
513_jpg.rf.27150b110aa0d95ca154a6ceb8517543.jpg,400,400,ship,262,321,275,349
513_jpg.rf.27150b110aa0d95ca154a6ceb8517543.jpg,400,400,ship,307,292,322,323
513_jpg.rf.27150b110aa0d95ca154a6ceb8517543.jpg,400,400,ship,349,151,371,196
513_jpg.rf.27150b110aa0d95ca154a6ceb8517543.jpg,400,400,ship,350,255,369,291
513_jpg.rf.27150b110aa0d95ca154a6ceb8517543.jpg,400,400,ship,373,358,386,386
513_jpg.rf.27150b110aa0d95ca154a6ceb8517543.jpg,400,400,ship,368,12,383,43
513_jpg.rf.27150b110aa0d95ca154a6ceb8517543.jpg,400,400,ship,214,369,232,397
134_jpg.rf.b00970c3a1c9b8cd31aa75b4d2b2bcfd.jpg,400,400,basketball court,162,10,262,57
134_jpg.rf.b00970c3a1c9b8cd31aa75b4d2b2bcfd.jpg,400,400,basketball court,162,63,254,109
537_jpg.rf.42b685448b510457c1fe2a7bd9373bb4.jpg,400,400,harbor,115,362,210,395
537_jpg.rf.42b685448b510457c1fe2a7bd9373bb4.jpg,400,400,harbor,123,322,227,354
537_jpg.rf.42b685448b510457c1fe2a7bd9373bb4.jpg,400,400,harbor,107,292,225,312
537_jpg.rf.42b685448b510457c1fe2a7bd9373bb4.jpg,400,400,harbor,100,266,224,283
537_jpg.rf.42b685448b510457c1fe2a7bd9373bb4.jpg,400,400,harbor,104,238,222,255
537_jpg.rf.42b685448b510457c1fe2a7bd9373bb4.jpg,400,400,harbor,101,210,196,230
537_jpg.rf.42b685448b510457c1fe2a7bd9373bb4.jpg,400,400,harbor,99,179,213,203
537_jpg.rf.42b685448b510457c1fe2a7bd9373bb4.jpg,400,400,harbor,95,150,205,176
537_jpg.rf.42b685448b510457c1fe2a7bd9373bb4.jpg,400,400,harbor,121,109,219,142
537_jpg.rf.42b685448b510457c1fe2a7bd9373bb4.jpg,400,400,harbor,154,72,244,118
537_jpg.rf.42b685448b510457c1fe2a7bd9373bb4.jpg,400,400,harbor,208,45,264,93
537_jpg.rf.42b685448b510457c1fe2a7bd9373bb4.jpg,400,400,harbor,277,35,313,82
537_jpg.rf.42b685448b510457c1fe2a7bd9373bb4.jpg,400,400,harbor,336,36,367,74
099_jpg.rf.37e8d722bc78df16c15074001747ef5c.jpg,400,400,baseball diamond,72,261,104,312
099_jpg.rf.37e8d722bc78df16c15074001747ef5c.jpg,400,400,baseball diamond,201,180,234,231
099_jpg.rf.37e8d722bc78df16c15074001747ef5c.jpg,400,400,baseball diamond,176,303,206,349
099_jpg.rf.37e8d722bc78df16c15074001747ef5c.jpg,400,400,baseball diamond,278,321,307,366
099_jpg.rf.37e8d722bc78df16c15074001747ef5c.jpg,400,400,basketball court,184,72,239,154
086_jpg.rf.622a4d6fa389941b32642b8b25076366.jpg,400,400,baseball diamond,338,45,373,100
086_jpg.rf.622a4d6fa389941b32642b8b25076366.jpg,400,400,baseball diamond,39,266,62,306
086_jpg.rf.622a4d6fa389941b32642b8b25076366.jpg,400,400,tennis court,13,346,25,378
086_jpg.rf.622a4d6fa389941b32642b8b25076366.jpg,400,400,tennis court,25,346,36,378
086_jpg.rf.622a4d6fa389941b32642b8b25076366.jpg,400,400,tennis court,37,346,48,378
086_jpg.rf.622a4d6fa389941b32642b8b25076366.jpg,400,400,tennis court,48,346,59,378
595_jpg.rf.a651f9475339b2b251198a09a0ad290b.jpg,400,400,baseball diamond,346,65,386,95
595_jpg.rf.a651f9475339b2b251198a09a0ad290b.jpg,400,400,baseball diamond,303,150,341,179
595_jpg.rf.a651f9475339b2b251198a09a0ad290b.jpg,400,400,baseball diamond,191,204,255,247
595_jpg.rf.a651f9475339b2b251198a09a0ad290b.jpg,400,400,baseball diamond,82,181,134,213
595_jpg.rf.a651f9475339b2b251198a09a0ad290b.jpg,400,400,baseball diamond,174,329,228,361
595_jpg.rf.a651f9475339b2b251198a09a0ad290b.jpg,400,400,baseball diamond,58,234,108,263
339_jpg.rf.ba6579831a864f1c7fe750efd501f1a1.jpg,400,400,tennis court,109,298,138,332
339_jpg.rf.ba6579831a864f1c7fe750efd501f1a1.jpg,400,400,tennis court,125,306,155,338
339_jpg.rf.ba6579831a864f1c7fe750efd501f1a1.jpg,400,400,tennis court,142,312,174,345
339_jpg.rf.ba6579831a864f1c7fe750efd501f1a1.jpg,400,400,tennis court,160,317,194,351
339_jpg.rf.ba6579831a864f1c7fe750efd501f1a1.jpg,400,400,tennis court,177,325,211,359
339_jpg.rf.ba6579831a864f1c7fe750efd501f1a1.jpg,400,400,tennis court,195,330,229,367
339_jpg.rf.ba6579831a864f1c7fe750efd501f1a1.jpg,400,400,tennis court,212,340,247,374
339_jpg.rf.ba6579831a864f1c7fe750efd501f1a1.jpg,400,400,baseball diamond,199,218,263,277
339_jpg.rf.ba6579831a864f1c7fe750efd501f1a1.jpg,400,400,baseball diamond,154,75,196,109
303_jpg.rf.a654e73850d46b384a41064f2be3a762.jpg,400,400,ship,60,70,81,106
303_jpg.rf.a654e73850d46b384a41064f2be3a762.jpg,400,400,ship,109,165,120,199
303_jpg.rf.a654e73850d46b384a41064f2be3a762.jpg,400,400,ship,127,305,146,330
303_jpg.rf.a654e73850d46b384a41064f2be3a762.jpg,400,400,ship,174,39,189,71
303_jpg.rf.a654e73850d46b384a41064f2be3a762.jpg,400,400,ship,244,44,260,76
038_jpg.rf.fa7394e2f254d6a5734155ea0a05e3be.jpg,400,400,airplane,28,37,58,102
038_jpg.rf.fa7394e2f254d6a5734155ea0a05e3be.jpg,400,400,airplane,27,152,60,205
038_jpg.rf.fa7394e2f254d6a5734155ea0a05e3be.jpg,400,400,airplane,28,272,70,331
038_jpg.rf.fa7394e2f254d6a5734155ea0a05e3be.jpg,400,400,airplane,99,32,130,89
038_jpg.rf.fa7394e2f254d6a5734155ea0a05e3be.jpg,400,400,airplane,128,107,163,161
038_jpg.rf.fa7394e2f254d6a5734155ea0a05e3be.jpg,400,400,airplane,123,162,165,216
038_jpg.rf.fa7394e2f254d6a5734155ea0a05e3be.jpg,400,400,airplane,129,218,162,271
038_jpg.rf.fa7394e2f254d6a5734155ea0a05e3be.jpg,400,400,airplane,134,329,168,382
038_jpg.rf.fa7394e2f254d6a5734155ea0a05e3be.jpg,400,400,airplane,241,58,273,103
038_jpg.rf.fa7394e2f254d6a5734155ea0a05e3be.jpg,400,400,airplane,240,104,271,159
038_jpg.rf.fa7394e2f254d6a5734155ea0a05e3be.jpg,400,400,airplane,244,204,286,266
038_jpg.rf.fa7394e2f254d6a5734155ea0a05e3be.jpg,400,400,airplane,298,17,327,75
038_jpg.rf.fa7394e2f254d6a5734155ea0a05e3be.jpg,400,400,airplane,326,141,368,197
038_jpg.rf.fa7394e2f254d6a5734155ea0a05e3be.jpg,400,400,airplane,330,249,371,302
596_jpg.rf.6df98d8d22a9a239c1b9f417cd1fd1c1.jpg,400,400,basketball court,116,124,146,187
596_jpg.rf.6df98d8d22a9a239c1b9f417cd1fd1c1.jpg,400,400,tennis court,214,118,236,180
596_jpg.rf.6df98d8d22a9a239c1b9f417cd1fd1c1.jpg,400,400,tennis court,239,119,264,179
596_jpg.rf.6df98d8d22a9a239c1b9f417cd1fd1c1.jpg,400,400,tennis court,263,118,290,179
596_jpg.rf.6df98d8d22a9a239c1b9f417cd1fd1c1.jpg,400,400,tennis court,289,118,316,179
381_jpg.rf.25aa60f3d1f7c0d68de532da4a32e7d8.jpg,400,400,vehicle,20,230,51,263
381_jpg.rf.25aa60f3d1f7c0d68de532da4a32e7d8.jpg,400,400,vehicle,311,52,345,98
197_jpg.rf.265afa8e5166e9deec88a160f72123b3.jpg,400,400,ground track field,74,127,154,292
117_jpg.rf.ea8acdb105b6b227a9b177b13cea1886.jpg,400,400,baseball diamond,231,246,273,292
117_jpg.rf.ea8acdb105b6b227a9b177b13cea1886.jpg,400,400,baseball diamond,184,250,212,283
117_jpg.rf.ea8acdb105b6b227a9b177b13cea1886.jpg,400,400,baseball diamond,183,182,211,217
117_jpg.rf.ea8acdb105b6b227a9b177b13cea1886.jpg,400,400,baseball diamond,233,183,256,211
534_jpg.rf.73af1f3c44b95d64c0653090c803f9bb.jpg,400,400,harbor,50,35,89,53
534_jpg.rf.73af1f3c44b95d64c0653090c803f9bb.jpg,400,400,harbor,51,62,90,87
534_jpg.rf.73af1f3c44b95d64c0653090c803f9bb.jpg,400,400,harbor,50,101,89,130
534_jpg.rf.73af1f3c44b95d64c0653090c803f9bb.jpg,400,400,harbor,48,152,89,183
534_jpg.rf.73af1f3c44b95d64c0653090c803f9bb.jpg,400,400,harbor,42,209,85,247
534_jpg.rf.73af1f3c44b95d64c0653090c803f9bb.jpg,400,400,harbor,37,275,75,332
534_jpg.rf.73af1f3c44b95d64c0653090c803f9bb.jpg,400,400,harbor,139,18,161,63
534_jpg.rf.73af1f3c44b95d64c0653090c803f9bb.jpg,400,400,harbor,167,14,187,72
534_jpg.rf.73af1f3c44b95d64c0653090c803f9bb.jpg,400,400,harbor,148,85,188,115
534_jpg.rf.73af1f3c44b95d64c0653090c803f9bb.jpg,400,400,harbor,314,216,342,245
534_jpg.rf.73af1f3c44b95d64c0653090c803f9bb.jpg,400,400,harbor,313,261,350,292
534_jpg.rf.73af1f3c44b95d64c0653090c803f9bb.jpg,400,400,harbor,317,310,360,351
584_jpg.rf.6367509c8d115d8428ffc8b1d2347a98.jpg,400,400,baseball diamond,205,95,253,130
584_jpg.rf.6367509c8d115d8428ffc8b1d2347a98.jpg,400,400,baseball diamond,191,181,221,203
584_jpg.rf.6367509c8d115d8428ffc8b1d2347a98.jpg,400,400,baseball diamond,327,297,371,333
584_jpg.rf.6367509c8d115d8428ffc8b1d2347a98.jpg,400,400,baseball diamond,273,331,307,359
584_jpg.rf.6367509c8d115d8428ffc8b1d2347a98.jpg,400,400,baseball diamond,105,26,142,53
090_jpg.rf.c6e5e658ea408a42bf2611a6e27c2512.jpg,400,400,baseball diamond,288,41,322,99
090_jpg.rf.c6e5e658ea408a42bf2611a6e27c2512.jpg,400,400,baseball diamond,330,93,367,149
555_jpg.rf.7b2845a4a60c363c9da0860b267b5fb3.jpg,400,400,bridge,18,89,67,163
555_jpg.rf.7b2845a4a60c363c9da0860b267b5fb3.jpg,400,400,bridge,339,89,379,200
443_jpg.rf.4959311236bb2b2b9801b700abb71ac2.jpg,400,400,vehicle,344,102,360,117
443_jpg.rf.4959311236bb2b2b9801b700abb71ac2.jpg,400,400,vehicle,282,119,300,138
443_jpg.rf.4959311236bb2b2b9801b700abb71ac2.jpg,400,400,vehicle,114,337,136,361
443_jpg.rf.4959311236bb2b2b9801b700abb71ac2.jpg,400,400,vehicle,57,68,79,90
443_jpg.rf.4959311236bb2b2b9801b700abb71ac2.jpg,400,400,vehicle,11,38,21,66
443_jpg.rf.4959311236bb2b2b9801b700abb71ac2.jpg,400,400,vehicle,25,101,35,131
199_jpg.rf.f2e67eb9c0bfed572690d0ccd933596c.jpg,400,400,ground track field,158,287,286,357
054_jpg.rf.1744f9e7b090525261b65d527e5da2cb.jpg,400,400,airplane,104,85,145,132
054_jpg.rf.1744f9e7b090525261b65d527e5da2cb.jpg,400,400,airplane,100,226,135,265
054_jpg.rf.1744f9e7b090525261b65d527e5da2cb.jpg,400,400,airplane,224,74,260,110
054_jpg.rf.1744f9e7b090525261b65d527e5da2cb.jpg,400,400,airplane,220,291,266,328
054_jpg.rf.1744f9e7b090525261b65d527e5da2cb.jpg,400,400,airplane,297,170,336,224
594_jpg.rf.529e6a69dac780edd581fb2cd55e4ca0.jpg,400,400,ground track field,85,158,305,236
594_jpg.rf.529e6a69dac780edd581fb2cd55e4ca0.jpg,400,400,baseball diamond,283,96,339,134
594_jpg.rf.529e6a69dac780edd581fb2cd55e4ca0.jpg,400,400,baseball diamond,142,35,212,79
325_jpg.rf.bfa332733db06c96cd5ed0c879fd61b8.jpg,400,400,storage tank,162,54,175,76
325_jpg.rf.bfa332733db06c96cd5ed0c879fd61b8.jpg,400,400,storage tank,182,54,195,76
325_jpg.rf.bfa332733db06c96cd5ed0c879fd61b8.jpg,400,400,storage tank,196,54,210,76
325_jpg.rf.bfa332733db06c96cd5ed0c879fd61b8.jpg,400,400,storage tank,217,54,230,76
325_jpg.rf.bfa332733db06c96cd5ed0c879fd61b8.jpg,400,400,storage tank,236,54,249,75
325_jpg.rf.bfa332733db06c96cd5ed0c879fd61b8.jpg,400,400,storage tank,251,53,265,75
325_jpg.rf.bfa332733db06c96cd5ed0c879fd61b8.jpg,400,400,storage tank,132,76,146,99
325_jpg.rf.bfa332733db06c96cd5ed0c879fd61b8.jpg,400,400,storage tank,153,76,167,99
325_jpg.rf.bfa332733db06c96cd5ed0c879fd61b8.jpg,400,400,storage tank,169,76,182,99
325_jpg.rf.bfa332733db06c96cd5ed0c879fd61b8.jpg,400,400,storage tank,189,76,202,99
325_jpg.rf.bfa332733db06c96cd5ed0c879fd61b8.jpg,400,400,storage tank,209,77,222,99
325_jpg.rf.bfa332733db06c96cd5ed0c879fd61b8.jpg,400,400,storage tank,224,77,237,98
325_jpg.rf.bfa332733db06c96cd5ed0c879fd61b8.jpg,400,400,storage tank,244,77,257,98
325_jpg.rf.bfa332733db06c96cd5ed0c879fd61b8.jpg,400,400,storage tank,121,93,135,117
325_jpg.rf.bfa332733db06c96cd5ed0c879fd61b8.jpg,400,400,storage tank,121,121,135,145
325_jpg.rf.bfa332733db06c96cd5ed0c879fd61b8.jpg,400,400,ship,176,271,216,283
325_jpg.rf.bfa332733db06c96cd5ed0c879fd61b8.jpg,400,400,ship,313,285,337,325
494_jpg.rf.70f539dc90265a76057cd7eacb71eeee.jpg,400,400,baseball diamond,220,4,279,72
494_jpg.rf.70f539dc90265a76057cd7eacb71eeee.jpg,400,400,basketball court,254,204,296,277
494_jpg.rf.70f539dc90265a76057cd7eacb71eeee.jpg,400,400,basketball court,289,195,327,263
370_jpg.rf.c6ab1c2eb5bb9b2dd6d09ce5451639bc.jpg,400,400,vehicle,50,25,75,43
370_jpg.rf.c6ab1c2eb5bb9b2dd6d09ce5451639bc.jpg,400,400,vehicle,289,297,317,326
370_jpg.rf.c6ab1c2eb5bb9b2dd6d09ce5451639bc.jpg,400,400,vehicle,359,348,384,376
096_jpg.rf.2802adb9397521a3ea5b8ad19132b833.jpg,400,400,baseball diamond,127,163,161,217
096_jpg.rf.2802adb9397521a3ea5b8ad19132b833.jpg,400,400,baseball diamond,200,239,231,288
096_jpg.rf.2802adb9397521a3ea5b8ad19132b833.jpg,400,400,basketball court,70,145,120,223
572_jpg.rf.1d1c5e42a073bad11953930645d0fd15.jpg,400,400,baseball diamond,246,89,296,119
572_jpg.rf.1d1c5e42a073bad11953930645d0fd15.jpg,400,400,baseball diamond,182,162,242,206
572_jpg.rf.1d1c5e42a073bad11953930645d0fd15.jpg,400,400,ground track field,94,215,224,341
605_jpg.rf.6728076a0ce4763ba87f84b7c063d796.jpg,400,400,ground track field,194,186,352,340
605_jpg.rf.6728076a0ce4763ba87f84b7c063d796.jpg,400,400,baseball diamond,174,125,244,180
605_jpg.rf.6728076a0ce4763ba87f84b7c063d796.jpg,400,400,baseball diamond,109,36,169,76
443_jpg.rf.fc438cf18cee76e6a1a03f7ccfdb437e.jpg,400,400,vehicle,40,102,56,117
443_jpg.rf.fc438cf18cee76e6a1a03f7ccfdb437e.jpg,400,400,vehicle,101,119,118,138
443_jpg.rf.fc438cf18cee76e6a1a03f7ccfdb437e.jpg,400,400,vehicle,264,337,286,361
443_jpg.rf.fc438cf18cee76e6a1a03f7ccfdb437e.jpg,400,400,vehicle,321,67,343,90
443_jpg.rf.fc438cf18cee76e6a1a03f7ccfdb437e.jpg,400,400,vehicle,380,38,390,66
443_jpg.rf.fc438cf18cee76e6a1a03f7ccfdb437e.jpg,400,400,vehicle,366,100,376,131
348_jpg.rf.d27c24fd4e4e4807eff5291273f00e32.jpg,400,400,tennis court,193,146,217,201
370_jpg.rf.2ccfea1aea69b9e15fcb51e99697f23b.jpg,400,400,vehicle,325,358,350,376
370_jpg.rf.2ccfea1aea69b9e15fcb51e99697f23b.jpg,400,400,vehicle,83,74,111,104
370_jpg.rf.2ccfea1aea69b9e15fcb51e99697f23b.jpg,400,400,vehicle,17,24,42,52
247_jpg.rf.33be926701972041f5eb411a53189860.jpg,400,400,ground track field,87,211,351,325
247_jpg.rf.33be926701972041f5eb411a53189860.jpg,400,400,tennis court,130,67,169,94
247_jpg.rf.33be926701972041f5eb411a53189860.jpg,400,400,tennis court,148,81,184,101
247_jpg.rf.33be926701972041f5eb411a53189860.jpg,400,400,tennis court,161,91,193,111
247_jpg.rf.33be926701972041f5eb411a53189860.jpg,400,400,tennis court,174,101,210,125
247_jpg.rf.33be926701972041f5eb411a53189860.jpg,400,400,baseball diamond,17,145,64,197
247_jpg.rf.33be926701972041f5eb411a53189860.jpg,400,400,baseball diamond,273,103,319,141
247_jpg.rf.33be926701972041f5eb411a53189860.jpg,400,400,baseball diamond,207,344,253,377
594_jpg.rf.23b1759625118d1d24d6c672e0849aee.jpg,400,400,ground track field,157,96,236,316
594_jpg.rf.23b1759625118d1d24d6c672e0849aee.jpg,400,400,baseball diamond,96,62,134,117
594_jpg.rf.23b1759625118d1d24d6c672e0849aee.jpg,400,400,baseball diamond,35,188,79,259
225_jpg.rf.03e86c68b422e91fb4c80e21f2fdba8e.jpg,400,400,ground track field,85,78,283,200
090_jpg.rf.027e6a4048c85735473ee8ffcd61328d.jpg,400,400,baseball diamond,288,41,322,99
090_jpg.rf.027e6a4048c85735473ee8ffcd61328d.jpg,400,400,baseball diamond,330,93,367,149
054_jpg.rf.b51a09bea60dece5ac9b1089c2f4dc9c.jpg,400,400,airplane,104,269,145,316
054_jpg.rf.b51a09bea60dece5ac9b1089c2f4dc9c.jpg,400,400,airplane,100,135,136,174
054_jpg.rf.b51a09bea60dece5ac9b1089c2f4dc9c.jpg,400,400,airplane,224,290,260,326
054_jpg.rf.b51a09bea60dece5ac9b1089c2f4dc9c.jpg,400,400,airplane,220,72,266,110
054_jpg.rf.b51a09bea60dece5ac9b1089c2f4dc9c.jpg,400,400,airplane,298,176,336,230
284_jpg.rf.1c43647af7ec402b9e4d701bb3afb387.jpg,400,400,harbor,211,64,268,91
284_jpg.rf.1c43647af7ec402b9e4d701bb3afb387.jpg,400,400,harbor,222,102,278,149
284_jpg.rf.1c43647af7ec402b9e4d701bb3afb387.jpg,400,400,harbor,229,144,282,183
284_jpg.rf.1c43647af7ec402b9e4d701bb3afb387.jpg,400,400,harbor,233,171,290,211
284_jpg.rf.1c43647af7ec402b9e4d701bb3afb387.jpg,400,400,harbor,236,205,298,244
284_jpg.rf.1c43647af7ec402b9e4d701bb3afb387.jpg,400,400,harbor,241,238,304,273
284_jpg.rf.1c43647af7ec402b9e4d701bb3afb387.jpg,400,400,harbor,245,266,311,315
284_jpg.rf.1c43647af7ec402b9e4d701bb3afb387.jpg,400,400,harbor,186,18,232,62
595_jpg.rf.8ee52f316807e59a49c8af3f22baf7f0.jpg,400,400,baseball diamond,305,14,335,55
595_jpg.rf.8ee52f316807e59a49c8af3f22baf7f0.jpg,400,400,baseball diamond,222,59,251,97
595_jpg.rf.8ee52f316807e59a49c8af3f22baf7f0.jpg,400,400,baseball diamond,153,145,196,209
595_jpg.rf.8ee52f316807e59a49c8af3f22baf7f0.jpg,400,400,baseball diamond,187,267,219,319
595_jpg.rf.8ee52f316807e59a49c8af3f22baf7f0.jpg,400,400,baseball diamond,40,173,71,227
595_jpg.rf.8ee52f316807e59a49c8af3f22baf7f0.jpg,400,400,baseball diamond,138,292,167,342
197_jpg.rf.703272a6244cba34b9b3282f306fedf6.jpg,400,400,ground track field,246,109,326,273
376_jpg.rf.8482819807cb67a28d0e9e499a2458cc.jpg,400,400,vehicle,65,207,96,240
376_jpg.rf.8482819807cb67a28d0e9e499a2458cc.jpg,400,400,vehicle,124,135,166,183
598_jpg.rf.a43d314eb96d28350c5c60adec999425.jpg,400,400,baseball diamond,200,93,242,148
598_jpg.rf.a43d314eb96d28350c5c60adec999425.jpg,400,400,baseball diamond,202,157,229,191
598_jpg.rf.a43d314eb96d28350c5c60adec999425.jpg,400,400,baseball diamond,280,131,322,183
598_jpg.rf.a43d314eb96d28350c5c60adec999425.jpg,400,400,baseball diamond,262,187,288,225
598_jpg.rf.a43d314eb96d28350c5c60adec999425.jpg,400,400,baseball diamond,211,233,237,269
339_jpg.rf.baebe30ca2bf382f1b342054494072a7.jpg,400,400,tennis court,298,109,332,138
339_jpg.rf.baebe30ca2bf382f1b342054494072a7.jpg,400,400,tennis court,306,125,338,155
339_jpg.rf.baebe30ca2bf382f1b342054494072a7.jpg,400,400,tennis court,312,142,345,174
339_jpg.rf.baebe30ca2bf382f1b342054494072a7.jpg,400,400,tennis court,316,160,351,194
339_jpg.rf.baebe30ca2bf382f1b342054494072a7.jpg,400,400,tennis court,325,177,359,211
339_jpg.rf.baebe30ca2bf382f1b342054494072a7.jpg,400,400,tennis court,330,195,367,229
339_jpg.rf.baebe30ca2bf382f1b342054494072a7.jpg,400,400,tennis court,340,212,374,247
339_jpg.rf.baebe30ca2bf382f1b342054494072a7.jpg,400,400,baseball diamond,218,199,277,262
339_jpg.rf.baebe30ca2bf382f1b342054494072a7.jpg,400,400,baseball diamond,75,154,109,196
537_jpg.rf.7edff65cb0ebbfb600beba06ea184703.jpg,400,400,harbor,6,115,39,210
537_jpg.rf.7edff65cb0ebbfb600beba06ea184703.jpg,400,400,harbor,46,123,78,226
537_jpg.rf.7edff65cb0ebbfb600beba06ea184703.jpg,400,400,harbor,89,106,108,225
537_jpg.rf.7edff65cb0ebbfb600beba06ea184703.jpg,400,400,harbor,118,100,135,224
537_jpg.rf.7edff65cb0ebbfb600beba06ea184703.jpg,400,400,harbor,145,103,162,222
537_jpg.rf.7edff65cb0ebbfb600beba06ea184703.jpg,400,400,harbor,170,101,190,196
537_jpg.rf.7edff65cb0ebbfb600beba06ea184703.jpg,400,400,harbor,197,99,221,213
537_jpg.rf.7edff65cb0ebbfb600beba06ea184703.jpg,400,400,harbor,225,95,251,205
537_jpg.rf.7edff65cb0ebbfb600beba06ea184703.jpg,400,400,harbor,258,121,291,219
537_jpg.rf.7edff65cb0ebbfb600beba06ea184703.jpg,400,400,harbor,282,154,328,244
537_jpg.rf.7edff65cb0ebbfb600beba06ea184703.jpg,400,400,harbor,307,208,355,264
537_jpg.rf.7edff65cb0ebbfb600beba06ea184703.jpg,400,400,harbor,319,277,366,313
537_jpg.rf.7edff65cb0ebbfb600beba06ea184703.jpg,400,400,harbor,326,336,365,367
584_jpg.rf.8c4782a14b8a9511930fa6c67663ad09.jpg,400,400,baseball diamond,95,148,130,195
584_jpg.rf.8c4782a14b8a9511930fa6c67663ad09.jpg,400,400,baseball diamond,181,179,203,209
584_jpg.rf.8c4782a14b8a9511930fa6c67663ad09.jpg,400,400,baseball diamond,297,29,333,74
584_jpg.rf.8c4782a14b8a9511930fa6c67663ad09.jpg,400,400,baseball diamond,331,93,358,127
584_jpg.rf.8c4782a14b8a9511930fa6c67663ad09.jpg,400,400,baseball diamond,26,259,53,296
410_jpg.rf.e7457124c52b2ab1f9ee448181cbab0f.jpg,400,400,vehicle,143,254,175,297
410_jpg.rf.e7457124c52b2ab1f9ee448181cbab0f.jpg,400,400,vehicle,218,345,246,388
042_jpg.rf.edb9451b248965b36c79e106734880ad.jpg,400,400,airplane,112,80,141,120
042_jpg.rf.edb9451b248965b36c79e106734880ad.jpg,400,400,airplane,127,125,156,165
042_jpg.rf.edb9451b248965b36c79e106734880ad.jpg,400,400,airplane,137,184,165,222
042_jpg.rf.edb9451b248965b36c79e106734880ad.jpg,400,400,airplane,138,245,170,288
042_jpg.rf.edb9451b248965b36c79e106734880ad.jpg,400,400,airplane,142,302,174,345
042_jpg.rf.edb9451b248965b36c79e106734880ad.jpg,400,400,airplane,251,93,281,141
042_jpg.rf.edb9451b248965b36c79e106734880ad.jpg,400,400,airplane,254,152,284,199
156_jpg.rf.7427a834009d2f5c7d1f4f4cc0ffe9de.jpg,400,400,basketball court,163,110,226,160
156_jpg.rf.7427a834009d2f5c7d1f4f4cc0ffe9de.jpg,400,400,basketball court,157,164,226,215
156_jpg.rf.7427a834009d2f5c7d1f4f4cc0ffe9de.jpg,400,400,tennis court,150,246,185,335
156_jpg.rf.7427a834009d2f5c7d1f4f4cc0ffe9de.jpg,400,400,tennis court,188,244,222,334
324_jpg.rf.8cfe566e8527fa922c7bd5de6aadf1f3.jpg,400,400,storage tank,355,266,377,279
324_jpg.rf.8cfe566e8527fa922c7bd5de6aadf1f3.jpg,400,400,storage tank,352,246,376,261
324_jpg.rf.8cfe566e8527fa922c7bd5de6aadf1f3.jpg,400,400,storage tank,354,216,372,226
324_jpg.rf.8cfe566e8527fa922c7bd5de6aadf1f3.jpg,400,400,storage tank,351,181,371,193
324_jpg.rf.8cfe566e8527fa922c7bd5de6aadf1f3.jpg,400,400,storage tank,348,160,370,172
324_jpg.rf.8cfe566e8527fa922c7bd5de6aadf1f3.jpg,400,400,storage tank,337,139,358,151
324_jpg.rf.8cfe566e8527fa922c7bd5de6aadf1f3.jpg,400,400,storage tank,335,208,351,216
324_jpg.rf.8cfe566e8527fa922c7bd5de6aadf1f3.jpg,400,400,storage tank,317,262,342,275
324_jpg.rf.8cfe566e8527fa922c7bd5de6aadf1f3.jpg,400,400,storage tank,313,246,332,260
324_jpg.rf.8cfe566e8527fa922c7bd5de6aadf1f3.jpg,400,400,storage tank,313,216,331,226
324_jpg.rf.8cfe566e8527fa922c7bd5de6aadf1f3.jpg,400,400,storage tank,318,181,336,191
324_jpg.rf.8cfe566e8527fa922c7bd5de6aadf1f3.jpg,400,400,storage tank,315,160,336,172
324_jpg.rf.8cfe566e8527fa922c7bd5de6aadf1f3.jpg,400,400,storage tank,234,307,258,319
324_jpg.rf.8cfe566e8527fa922c7bd5de6aadf1f3.jpg,400,400,storage tank,250,288,271,300
324_jpg.rf.8cfe566e8527fa922c7bd5de6aadf1f3.jpg,400,400,storage tank,234,272,256,284
324_jpg.rf.8cfe566e8527fa922c7bd5de6aadf1f3.jpg,400,400,storage tank,235,243,256,255
324_jpg.rf.8cfe566e8527fa922c7bd5de6aadf1f3.jpg,400,400,storage tank,237,224,257,236
324_jpg.rf.8cfe566e8527fa922c7bd5de6aadf1f3.jpg,400,400,storage tank,237,204,257,216
324_jpg.rf.8cfe566e8527fa922c7bd5de6aadf1f3.jpg,400,400,storage tank,236,186,256,198
324_jpg.rf.8cfe566e8527fa922c7bd5de6aadf1f3.jpg,400,400,storage tank,235,165,255,177
324_jpg.rf.8cfe566e8527fa922c7bd5de6aadf1f3.jpg,400,400,storage tank,198,312,218,323
324_jpg.rf.8cfe566e8527fa922c7bd5de6aadf1f3.jpg,400,400,storage tank,203,294,219,304
324_jpg.rf.8cfe566e8527fa922c7bd5de6aadf1f3.jpg,400,400,storage tank,182,323,200,335
324_jpg.rf.8cfe566e8527fa922c7bd5de6aadf1f3.jpg,400,400,storage tank,182,294,198,304
324_jpg.rf.8cfe566e8527fa922c7bd5de6aadf1f3.jpg,400,400,storage tank,184,272,212,288
324_jpg.rf.8cfe566e8527fa922c7bd5de6aadf1f3.jpg,400,400,storage tank,208,242,229,254
324_jpg.rf.8cfe566e8527fa922c7bd5de6aadf1f3.jpg,400,400,storage tank,206,225,228,237
324_jpg.rf.8cfe566e8527fa922c7bd5de6aadf1f3.jpg,400,400,storage tank,207,195,227,206
324_jpg.rf.8cfe566e8527fa922c7bd5de6aadf1f3.jpg,400,400,storage tank,206,178,226,189
324_jpg.rf.8cfe566e8527fa922c7bd5de6aadf1f3.jpg,400,400,storage tank,220,146,244,158
324_jpg.rf.8cfe566e8527fa922c7bd5de6aadf1f3.jpg,400,400,storage tank,202,133,224,145
324_jpg.rf.8cfe566e8527fa922c7bd5de6aadf1f3.jpg,400,400,storage tank,190,159,211,171
324_jpg.rf.8cfe566e8527fa922c7bd5de6aadf1f3.jpg,400,400,storage tank,175,242,195,253
324_jpg.rf.8cfe566e8527fa922c7bd5de6aadf1f3.jpg,400,400,storage tank,175,225,196,237
324_jpg.rf.8cfe566e8527fa922c7bd5de6aadf1f3.jpg,400,400,storage tank,180,202,196,214
324_jpg.rf.8cfe566e8527fa922c7bd5de6aadf1f3.jpg,400,400,storage tank,176,181,196,195
324_jpg.rf.8cfe566e8527fa922c7bd5de6aadf1f3.jpg,400,400,storage tank,137,341,153,351
324_jpg.rf.8cfe566e8527fa922c7bd5de6aadf1f3.jpg,400,400,storage tank,138,328,154,337
324_jpg.rf.8cfe566e8527fa922c7bd5de6aadf1f3.jpg,400,400,storage tank,148,312,164,320
324_jpg.rf.8cfe566e8527fa922c7bd5de6aadf1f3.jpg,400,400,storage tank,151,294,167,304
324_jpg.rf.8cfe566e8527fa922c7bd5de6aadf1f3.jpg,400,400,storage tank,152,280,166,288
324_jpg.rf.8cfe566e8527fa922c7bd5de6aadf1f3.jpg,400,400,storage tank,152,270,166,278
324_jpg.rf.8cfe566e8527fa922c7bd5de6aadf1f3.jpg,400,400,storage tank,129,294,147,304
324_jpg.rf.8cfe566e8527fa922c7bd5de6aadf1f3.jpg,400,400,storage tank,132,280,146,288
324_jpg.rf.8cfe566e8527fa922c7bd5de6aadf1f3.jpg,400,400,storage tank,131,270,147,278
324_jpg.rf.8cfe566e8527fa922c7bd5de6aadf1f3.jpg,400,400,storage tank,92,344,108,352
324_jpg.rf.8cfe566e8527fa922c7bd5de6aadf1f3.jpg,400,400,storage tank,90,331,108,340
324_jpg.rf.8cfe566e8527fa922c7bd5de6aadf1f3.jpg,400,400,storage tank,91,319,107,328
324_jpg.rf.8cfe566e8527fa922c7bd5de6aadf1f3.jpg,400,400,storage tank,85,297,108,310
324_jpg.rf.8cfe566e8527fa922c7bd5de6aadf1f3.jpg,400,400,storage tank,86,280,110,293
324_jpg.rf.8cfe566e8527fa922c7bd5de6aadf1f3.jpg,400,400,ship,73,203,85,234
535_jpg.rf.10a7723ac06eba31f55ac853f6875fc3.jpg,400,400,harbor,61,150,88,190
535_jpg.rf.10a7723ac06eba31f55ac853f6875fc3.jpg,400,400,harbor,39,195,79,227
535_jpg.rf.10a7723ac06eba31f55ac853f6875fc3.jpg,400,400,harbor,91,140,120,228
535_jpg.rf.10a7723ac06eba31f55ac853f6875fc3.jpg,400,400,harbor,126,144,155,239
535_jpg.rf.10a7723ac06eba31f55ac853f6875fc3.jpg,400,400,harbor,30,237,110,279
535_jpg.rf.10a7723ac06eba31f55ac853f6875fc3.jpg,400,400,harbor,166,154,186,233
535_jpg.rf.10a7723ac06eba31f55ac853f6875fc3.jpg,400,400,harbor,192,164,214,261
535_jpg.rf.10a7723ac06eba31f55ac853f6875fc3.jpg,400,400,harbor,152,261,219,310
535_jpg.rf.10a7723ac06eba31f55ac853f6875fc3.jpg,400,400,harbor,223,147,243,285
535_jpg.rf.10a7723ac06eba31f55ac853f6875fc3.jpg,400,400,harbor,308,56,361,148
535_jpg.rf.10a7723ac06eba31f55ac853f6875fc3.jpg,400,400,harbor,272,111,338,249
535_jpg.rf.10a7723ac06eba31f55ac853f6875fc3.jpg,400,400,harbor,327,147,388,254
111_jpg.rf.37f4b1b1cbd335a6f2223fa92a5ef1f7.jpg,400,400,baseball diamond,53,104,80,149
111_jpg.rf.37f4b1b1cbd335a6f2223fa92a5ef1f7.jpg,400,400,baseball diamond,287,207,330,287
050_jpg.rf.814b72f8a830690e8b2b0db09a1f1adf.jpg,400,400,airplane,28,168,51,201
050_jpg.rf.814b72f8a830690e8b2b0db09a1f1adf.jpg,400,400,airplane,57,167,76,208
050_jpg.rf.814b72f8a830690e8b2b0db09a1f1adf.jpg,400,400,airplane,83,158,105,198
050_jpg.rf.814b72f8a830690e8b2b0db09a1f1adf.jpg,400,400,airplane,111,159,133,202
050_jpg.rf.814b72f8a830690e8b2b0db09a1f1adf.jpg,400,400,airplane,168,154,189,190
050_jpg.rf.814b72f8a830690e8b2b0db09a1f1adf.jpg,400,400,airplane,183,118,209,154
050_jpg.rf.814b72f8a830690e8b2b0db09a1f1adf.jpg,400,400,airplane,225,47,249,78
050_jpg.rf.814b72f8a830690e8b2b0db09a1f1adf.jpg,400,400,airplane,236,6,264,46
050_jpg.rf.814b72f8a830690e8b2b0db09a1f1adf.jpg,400,400,airplane,20,308,39,340
050_jpg.rf.814b72f8a830690e8b2b0db09a1f1adf.jpg,400,400,airplane,72,322,95,360
050_jpg.rf.814b72f8a830690e8b2b0db09a1f1adf.jpg,400,400,airplane,130,345,150,369
050_jpg.rf.814b72f8a830690e8b2b0db09a1f1adf.jpg,400,400,airplane,252,174,278,207
050_jpg.rf.814b72f8a830690e8b2b0db09a1f1adf.jpg,400,400,airplane,273,136,296,176
050_jpg.rf.814b72f8a830690e8b2b0db09a1f1adf.jpg,400,400,airplane,369,234,392,277
457_jpg.rf.3bdd4a663f6e1fc5187c54471e54e5cf.jpg,400,400,basketball court,95,124,123,179
457_jpg.rf.3bdd4a663f6e1fc5187c54471e54e5cf.jpg,400,400,basketball court,127,123,156,176
457_jpg.rf.3bdd4a663f6e1fc5187c54471e54e5cf.jpg,400,400,basketball court,158,121,187,176
429_jpg.rf.e05dd9fb52a30af12ea48bef62e35aeb.jpg,400,400,vehicle,147,49,165,71
429_jpg.rf.e05dd9fb52a30af12ea48bef62e35aeb.jpg,400,400,vehicle,78,187,98,208
429_jpg.rf.e05dd9fb52a30af12ea48bef62e35aeb.jpg,400,400,vehicle,51,242,60,272
429_jpg.rf.e05dd9fb52a30af12ea48bef62e35aeb.jpg,400,400,vehicle,40,255,50,284
429_jpg.rf.e05dd9fb52a30af12ea48bef62e35aeb.jpg,400,400,vehicle,28,269,38,302
429_jpg.rf.e05dd9fb52a30af12ea48bef62e35aeb.jpg,400,400,vehicle,34,337,50,368
429_jpg.rf.e05dd9fb52a30af12ea48bef62e35aeb.jpg,400,400,vehicle,54,307,74,323
429_jpg.rf.e05dd9fb52a30af12ea48bef62e35aeb.jpg,400,400,vehicle,118,212,140,226
429_jpg.rf.e05dd9fb52a30af12ea48bef62e35aeb.jpg,400,400,vehicle,140,180,162,196
429_jpg.rf.e05dd9fb52a30af12ea48bef62e35aeb.jpg,400,400,vehicle,153,167,173,181
429_jpg.rf.e05dd9fb52a30af12ea48bef62e35aeb.jpg,400,400,vehicle,134,314,149,342
429_jpg.rf.e05dd9fb52a30af12ea48bef62e35aeb.jpg,400,400,vehicle,142,306,157,332
429_jpg.rf.e05dd9fb52a30af12ea48bef62e35aeb.jpg,400,400,vehicle,160,288,176,316
429_jpg.rf.e05dd9fb52a30af12ea48bef62e35aeb.jpg,400,400,vehicle,168,279,181,305
429_jpg.rf.e05dd9fb52a30af12ea48bef62e35aeb.jpg,400,400,vehicle,175,270,190,298
429_jpg.rf.e05dd9fb52a30af12ea48bef62e35aeb.jpg,400,400,vehicle,183,259,199,289
429_jpg.rf.e05dd9fb52a30af12ea48bef62e35aeb.jpg,400,400,vehicle,191,250,206,276
429_jpg.rf.e05dd9fb52a30af12ea48bef62e35aeb.jpg,400,400,vehicle,199,211,215,235
429_jpg.rf.e05dd9fb52a30af12ea48bef62e35aeb.jpg,400,400,vehicle,197,199,213,221
429_jpg.rf.e05dd9fb52a30af12ea48bef62e35aeb.jpg,400,400,vehicle,189,187,205,209
429_jpg.rf.e05dd9fb52a30af12ea48bef62e35aeb.jpg,400,400,vehicle,183,165,193,195
429_jpg.rf.e05dd9fb52a30af12ea48bef62e35aeb.jpg,400,400,vehicle,173,172,181,197
429_jpg.rf.e05dd9fb52a30af12ea48bef62e35aeb.jpg,400,400,vehicle,163,184,173,215
429_jpg.rf.e05dd9fb52a30af12ea48bef62e35aeb.jpg,400,400,vehicle,197,152,215,177
429_jpg.rf.e05dd9fb52a30af12ea48bef62e35aeb.jpg,400,400,vehicle,205,170,221,192
429_jpg.rf.e05dd9fb52a30af12ea48bef62e35aeb.jpg,400,400,vehicle,212,176,231,203
429_jpg.rf.e05dd9fb52a30af12ea48bef62e35aeb.jpg,400,400,vehicle,220,188,238,214
429_jpg.rf.e05dd9fb52a30af12ea48bef62e35aeb.jpg,400,400,vehicle,224,201,245,226
429_jpg.rf.e05dd9fb52a30af12ea48bef62e35aeb.jpg,400,400,vehicle,230,218,250,240
429_jpg.rf.e05dd9fb52a30af12ea48bef62e35aeb.jpg,400,400,vehicle,235,234,253,256
429_jpg.rf.e05dd9fb52a30af12ea48bef62e35aeb.jpg,400,400,vehicle,239,255,255,271
429_jpg.rf.e05dd9fb52a30af12ea48bef62e35aeb.jpg,400,400,vehicle,242,270,262,288
429_jpg.rf.e05dd9fb52a30af12ea48bef62e35aeb.jpg,400,400,vehicle,248,193,270,211
429_jpg.rf.e05dd9fb52a30af12ea48bef62e35aeb.jpg,400,400,vehicle,255,166,271,187
429_jpg.rf.e05dd9fb52a30af12ea48bef62e35aeb.jpg,400,400,vehicle,230,139,254,169
429_jpg.rf.e05dd9fb52a30af12ea48bef62e35aeb.jpg,400,400,vehicle,221,259,237,285
429_jpg.rf.e05dd9fb52a30af12ea48bef62e35aeb.jpg,400,400,vehicle,212,270,227,296
429_jpg.rf.e05dd9fb52a30af12ea48bef62e35aeb.jpg,400,400,vehicle,195,287,209,312
429_jpg.rf.e05dd9fb52a30af12ea48bef62e35aeb.jpg,400,400,vehicle,188,296,202,320
429_jpg.rf.e05dd9fb52a30af12ea48bef62e35aeb.jpg,400,400,vehicle,180,304,195,334
429_jpg.rf.e05dd9fb52a30af12ea48bef62e35aeb.jpg,400,400,vehicle,171,312,186,339
429_jpg.rf.e05dd9fb52a30af12ea48bef62e35aeb.jpg,400,400,vehicle,163,321,178,351
429_jpg.rf.e05dd9fb52a30af12ea48bef62e35aeb.jpg,400,400,vehicle,181,343,197,373
429_jpg.rf.e05dd9fb52a30af12ea48bef62e35aeb.jpg,400,400,vehicle,201,325,213,349
429_jpg.rf.e05dd9fb52a30af12ea48bef62e35aeb.jpg,400,400,vehicle,209,316,223,341
429_jpg.rf.e05dd9fb52a30af12ea48bef62e35aeb.jpg,400,400,vehicle,226,299,241,327
429_jpg.rf.e05dd9fb52a30af12ea48bef62e35aeb.jpg,400,400,vehicle,235,289,251,319
429_jpg.rf.e05dd9fb52a30af12ea48bef62e35aeb.jpg,400,400,vehicle,344,146,354,181
429_jpg.rf.e05dd9fb52a30af12ea48bef62e35aeb.jpg,400,400,vehicle,314,140,325,165
429_jpg.rf.e05dd9fb52a30af12ea48bef62e35aeb.jpg,400,400,vehicle,209,115,227,143
429_jpg.rf.e05dd9fb52a30af12ea48bef62e35aeb.jpg,400,400,vehicle,186,136,206,148
429_jpg.rf.e05dd9fb52a30af12ea48bef62e35aeb.jpg,400,400,vehicle,168,137,186,149
429_jpg.rf.e05dd9fb52a30af12ea48bef62e35aeb.jpg,400,400,vehicle,158,151,176,163
429_jpg.rf.e05dd9fb52a30af12ea48bef62e35aeb.jpg,400,400,vehicle,200,2,216,28
429_jpg.rf.e05dd9fb52a30af12ea48bef62e35aeb.jpg,400,400,vehicle,153,199,163,221
429_jpg.rf.e05dd9fb52a30af12ea48bef62e35aeb.jpg,400,400,vehicle,141,212,151,236
429_jpg.rf.e05dd9fb52a30af12ea48bef62e35aeb.jpg,400,400,vehicle,129,195,149,209
429_jpg.rf.e05dd9fb52a30af12ea48bef62e35aeb.jpg,400,400,vehicle,120,246,130,272
429_jpg.rf.e05dd9fb52a30af12ea48bef62e35aeb.jpg,400,400,vehicle,109,228,129,240
429_jpg.rf.e05dd9fb52a30af12ea48bef62e35aeb.jpg,400,400,vehicle,175,357,190,379
429_jpg.rf.e05dd9fb52a30af12ea48bef62e35aeb.jpg,400,400,vehicle,166,363,178,385
429_jpg.rf.e05dd9fb52a30af12ea48bef62e35aeb.jpg,400,400,vehicle,155,335,169,358
429_jpg.rf.e05dd9fb52a30af12ea48bef62e35aeb.jpg,400,400,vehicle,44,322,63,338
429_jpg.rf.e05dd9fb52a30af12ea48bef62e35aeb.jpg,400,400,vehicle,66,293,87,307
429_jpg.rf.e05dd9fb52a30af12ea48bef62e35aeb.jpg,400,400,vehicle,90,23,107,53
429_jpg.rf.e05dd9fb52a30af12ea48bef62e35aeb.jpg,400,400,vehicle,207,233,224,257
429_jpg.rf.e05dd9fb52a30af12ea48bef62e35aeb.jpg,400,400,vehicle,199,243,213,265
134_jpg.rf.f78df5881eef5714990b4bd6cc11f5d3.jpg,400,400,basketball court,10,138,57,239
134_jpg.rf.f78df5881eef5714990b4bd6cc11f5d3.jpg,400,400,basketball court,63,146,108,238
225_jpg.rf.c3b3a3c185d33f5bd0eae4e34964cbdc.jpg,400,400,ground track field,78,117,199,315
181_jpg.rf.01c1cd79f08bb356ca87f2ef2769d60e.jpg,400,400,bridge,168,130,252,284
457_jpg.rf.10ae3c5f5ed07d41f49669fa1ed64dda.jpg,400,400,basketball court,124,277,179,305
457_jpg.rf.10ae3c5f5ed07d41f49669fa1ed64dda.jpg,400,400,basketball court,123,245,176,273
457_jpg.rf.10ae3c5f5ed07d41f49669fa1ed64dda.jpg,400,400,basketball court,121,214,176,242
186_jpg.rf.fd5310466b68ffca66ab77d17fe3ad24.jpg,400,400,bridge,56,85,143,186
186_jpg.rf.fd5310466b68ffca66ab77d17fe3ad24.jpg,400,400,bridge,147,201,199,306
170_jpg.rf.92e7e71bcb889d9b569833d8e9505d51.jpg,400,400,bridge,111,148,237,250
282_jpg.rf.69604bd86757f00b4a942aa27174ba69.jpg,400,400,harbor,327,129,387,199
282_jpg.rf.69604bd86757f00b4a942aa27174ba69.jpg,400,400,harbor,303,132,353,200
282_jpg.rf.69604bd86757f00b4a942aa27174ba69.jpg,400,400,harbor,332,210,383,262
282_jpg.rf.69604bd86757f00b4a942aa27174ba69.jpg,400,400,harbor,251,142,315,218
282_jpg.rf.69604bd86757f00b4a942aa27174ba69.jpg,400,400,harbor,340,314,384,376
282_jpg.rf.69604bd86757f00b4a942aa27174ba69.jpg,400,400,harbor,281,308,331,378
282_jpg.rf.69604bd86757f00b4a942aa27174ba69.jpg,400,400,harbor,220,300,272,370
282_jpg.rf.69604bd86757f00b4a942aa27174ba69.jpg,400,400,harbor,163,306,210,353
282_jpg.rf.69604bd86757f00b4a942aa27174ba69.jpg,400,400,ship,222,232,282,250
282_jpg.rf.69604bd86757f00b4a942aa27174ba69.jpg,400,400,tennis court,106,35,141,53
282_jpg.rf.69604bd86757f00b4a942aa27174ba69.jpg,400,400,tennis court,114,49,146,67
282_jpg.rf.69604bd86757f00b4a942aa27174ba69.jpg,400,400,tennis court,57,39,95,59
282_jpg.rf.69604bd86757f00b4a942aa27174ba69.jpg,400,400,tennis court,65,53,105,71
282_jpg.rf.69604bd86757f00b4a942aa27174ba69.jpg,400,400,tennis court,74,69,112,87
282_jpg.rf.69604bd86757f00b4a942aa27174ba69.jpg,400,400,tennis court,81,82,118,100
376_jpg.rf.25fcd83a5395170602b482627659a9bd.jpg,400,400,vehicle,305,160,335,194
376_jpg.rf.25fcd83a5395170602b482627659a9bd.jpg,400,400,vehicle,234,218,276,266
512_jpg.rf.59106724ef7e0a489d89e261a68f6010.jpg,400,400,ship,35,47,51,88
512_jpg.rf.59106724ef7e0a489d89e261a68f6010.jpg,400,400,ship,78,235,103,303
512_jpg.rf.59106724ef7e0a489d89e261a68f6010.jpg,400,400,ship,161,152,170,191
512_jpg.rf.59106724ef7e0a489d89e261a68f6010.jpg,400,400,ship,185,281,203,360
512_jpg.rf.59106724ef7e0a489d89e261a68f6010.jpg,400,400,ship,244,69,258,118
512_jpg.rf.59106724ef7e0a489d89e261a68f6010.jpg,400,400,ship,238,179,246,222
512_jpg.rf.59106724ef7e0a489d89e261a68f6010.jpg,400,400,ship,328,51,342,99
512_jpg.rf.59106724ef7e0a489d89e261a68f6010.jpg,400,400,ship,332,190,345,261
469_jpg.rf.20bb6117135f0d519b6e0adc166738ed.jpg,400,400,baseball diamond,43,336,76,383
469_jpg.rf.20bb6117135f0d519b6e0adc166738ed.jpg,400,400,baseball diamond,238,302,279,366
469_jpg.rf.20bb6117135f0d519b6e0adc166738ed.jpg,400,400,ground track field,239,67,312,295
517_jpg.rf.4e79a4df1a551a1f58d9fd406adf4b09.jpg,400,400,ship,33,112,62,145
517_jpg.rf.4e79a4df1a551a1f58d9fd406adf4b09.jpg,400,400,ship,137,31,166,57
517_jpg.rf.4e79a4df1a551a1f58d9fd406adf4b09.jpg,400,400,ship,81,189,111,210
517_jpg.rf.4e79a4df1a551a1f58d9fd406adf4b09.jpg,400,400,ship,40,343,73,368
517_jpg.rf.4e79a4df1a551a1f58d9fd406adf4b09.jpg,400,400,ship,164,189,182,222
517_jpg.rf.4e79a4df1a551a1f58d9fd406adf4b09.jpg,400,400,ship,161,331,190,384
517_jpg.rf.4e79a4df1a551a1f58d9fd406adf4b09.jpg,400,400,ship,225,34,247,51
517_jpg.rf.4e79a4df1a551a1f58d9fd406adf4b09.jpg,400,400,ship,226,152,255,178
517_jpg.rf.4e79a4df1a551a1f58d9fd406adf4b09.jpg,400,400,ship,323,72,343,91
517_jpg.rf.4e79a4df1a551a1f58d9fd406adf4b09.jpg,400,400,ship,288,297,309,314
147_jpg.rf.ab37efc2af17c55a3e658ee249893d86.jpg,400,400,basketball court,214,42,264,103
147_jpg.rf.ab37efc2af17c55a3e658ee249893d86.jpg,400,400,basketball court,268,40,320,99
147_jpg.rf.ab37efc2af17c55a3e658ee249893d86.jpg,400,400,tennis court,116,199,186,233
147_jpg.rf.ab37efc2af17c55a3e658ee249893d86.jpg,400,400,tennis court,105,226,173,258
147_jpg.rf.ab37efc2af17c55a3e658ee249893d86.jpg,400,400,tennis court,93,250,161,285
147_jpg.rf.ab37efc2af17c55a3e658ee249893d86.jpg,400,400,tennis court,86,273,150,307
147_jpg.rf.ab37efc2af17c55a3e658ee249893d86.jpg,400,400,tennis court,74,297,136,332
147_jpg.rf.ab37efc2af17c55a3e658ee249893d86.jpg,400,400,tennis court,66,320,128,357
088_jpg.rf.c54227ba034ee3c37b1edc4bd3ba0710.jpg,400,400,baseball diamond,359,204,388,226
088_jpg.rf.c54227ba034ee3c37b1edc4bd3ba0710.jpg,400,400,baseball diamond,297,169,331,193
088_jpg.rf.c54227ba034ee3c37b1edc4bd3ba0710.jpg,400,400,baseball diamond,21,176,68,204
055_jpg.rf.f8e3341431209301b6c7e3e69c8a479c.jpg,400,400,airplane,300,123,339,171
055_jpg.rf.f8e3341431209301b6c7e3e69c8a479c.jpg,400,400,airplane,182,217,212,247
185_jpg.rf.0b5b9dd58da25b047f5d320929afadd8.jpg,400,400,bridge,124,191,224,279
249_jpg.rf.a513ddcba6e7a6d6dd57723b4ea23297.jpg,400,400,ground track field,92,52,170,205
249_jpg.rf.a513ddcba6e7a6d6dd57723b4ea23297.jpg,400,400,baseball diamond,165,268,213,314
058_jpg.rf.4e1048ac5c00082621053e48afee3cbe.jpg,400,400,airplane,62,162,92,191
058_jpg.rf.4e1048ac5c00082621053e48afee3cbe.jpg,400,400,airplane,100,170,131,199
058_jpg.rf.4e1048ac5c00082621053e48afee3cbe.jpg,400,400,airplane,34,224,66,257
058_jpg.rf.4e1048ac5c00082621053e48afee3cbe.jpg,400,400,airplane,74,232,106,265
058_jpg.rf.4e1048ac5c00082621053e48afee3cbe.jpg,400,400,airplane,9,271,40,300
058_jpg.rf.4e1048ac5c00082621053e48afee3cbe.jpg,400,400,airplane,151,249,183,281
058_jpg.rf.4e1048ac5c00082621053e48afee3cbe.jpg,400,400,airplane,159,302,182,346
058_jpg.rf.4e1048ac5c00082621053e48afee3cbe.jpg,400,400,airplane,192,310,215,352
058_jpg.rf.4e1048ac5c00082621053e48afee3cbe.jpg,400,400,airplane,233,318,253,349
058_jpg.rf.4e1048ac5c00082621053e48afee3cbe.jpg,400,400,airplane,263,208,283,236
058_jpg.rf.4e1048ac5c00082621053e48afee3cbe.jpg,400,400,airplane,292,212,309,239
058_jpg.rf.4e1048ac5c00082621053e48afee3cbe.jpg,400,400,airplane,363,275,397,306
295_jpg.rf.86e39855d08157fc3c763dc088a8ac29.jpg,400,400,ship,265,62,288,112
295_jpg.rf.86e39855d08157fc3c763dc088a8ac29.jpg,400,400,ship,235,70,257,120
295_jpg.rf.86e39855d08157fc3c763dc088a8ac29.jpg,400,400,ship,296,110,320,165
295_jpg.rf.86e39855d08157fc3c763dc088a8ac29.jpg,400,400,ship,263,129,287,186
295_jpg.rf.86e39855d08157fc3c763dc088a8ac29.jpg,400,400,ship,251,197,274,248
295_jpg.rf.86e39855d08157fc3c763dc088a8ac29.jpg,400,400,ship,162,218,190,272
295_jpg.rf.86e39855d08157fc3c763dc088a8ac29.jpg,400,400,ship,132,249,156,303
295_jpg.rf.86e39855d08157fc3c763dc088a8ac29.jpg,400,400,ship,98,259,120,315
173_jpg.rf.d25bc8033c4db95de358d115afaa4b8a.jpg,400,400,bridge,265,309,351,361
173_jpg.rf.d25bc8033c4db95de358d115afaa4b8a.jpg,400,400,bridge,233,217,317,256
173_jpg.rf.d25bc8033c4db95de358d115afaa4b8a.jpg,400,400,bridge,206,124,282,170
173_jpg.rf.d25bc8033c4db95de358d115afaa4b8a.jpg,400,400,bridge,196,71,264,113
173_jpg.rf.d25bc8033c4db95de358d115afaa4b8a.jpg,400,400,bridge,186,32,254,85
127_jpg.rf.1f8ce7d144af75b156ade4cc777fbc26.jpg,400,400,baseball diamond,227,41,287,83
127_jpg.rf.1f8ce7d144af75b156ade4cc777fbc26.jpg,400,400,ground track field,85,103,281,239
510_jpg.rf.1de016da5717b9f92dc95e0bfb9d80e6.jpg,400,400,airplane,98,101,136,132
510_jpg.rf.1de016da5717b9f92dc95e0bfb9d80e6.jpg,400,400,airplane,98,128,151,160
510_jpg.rf.1de016da5717b9f92dc95e0bfb9d80e6.jpg,400,400,airplane,101,193,151,225
510_jpg.rf.1de016da5717b9f92dc95e0bfb9d80e6.jpg,400,400,airplane,103,232,141,252
510_jpg.rf.1de016da5717b9f92dc95e0bfb9d80e6.jpg,400,400,airplane,102,258,152,290
510_jpg.rf.1de016da5717b9f92dc95e0bfb9d80e6.jpg,400,400,airplane,207,62,256,88
510_jpg.rf.1de016da5717b9f92dc95e0bfb9d80e6.jpg,400,400,airplane,208,93,258,119
510_jpg.rf.1de016da5717b9f92dc95e0bfb9d80e6.jpg,400,400,airplane,205,123,258,151
510_jpg.rf.1de016da5717b9f92dc95e0bfb9d80e6.jpg,400,400,airplane,211,240,261,264
510_jpg.rf.1de016da5717b9f92dc95e0bfb9d80e6.jpg,400,400,airplane,212,268,262,292
042_jpg.rf.dff6e0d7faeb9497879b0c2b18884799.jpg,400,400,airplane,260,80,289,120
042_jpg.rf.dff6e0d7faeb9497879b0c2b18884799.jpg,400,400,airplane,245,125,273,165
042_jpg.rf.dff6e0d7faeb9497879b0c2b18884799.jpg,400,400,airplane,235,184,263,222
042_jpg.rf.dff6e0d7faeb9497879b0c2b18884799.jpg,400,400,airplane,230,245,262,288
042_jpg.rf.dff6e0d7faeb9497879b0c2b18884799.jpg,400,400,airplane,226,302,258,345
042_jpg.rf.dff6e0d7faeb9497879b0c2b18884799.jpg,400,400,airplane,119,93,149,141
042_jpg.rf.dff6e0d7faeb9497879b0c2b18884799.jpg,400,400,airplane,117,153,147,199
256_jpg.rf.80d25c66840ab0a3dc73286ba3142b8f.jpg,400,400,ground track field,102,59,229,190
256_jpg.rf.80d25c66840ab0a3dc73286ba3142b8f.jpg,400,400,baseball diamond,190,193,237,235
256_jpg.rf.80d25c66840ab0a3dc73286ba3142b8f.jpg,400,400,baseball diamond,244,269,282,305
055_jpg.rf.1829607bfb2d0dac157b755d67783517.jpg,400,400,airplane,300,123,339,171
055_jpg.rf.1829607bfb2d0dac157b755d67783517.jpg,400,400,airplane,181,216,212,247
058_jpg.rf.e74989038f72ffaa5e41ae8977cc85ac.jpg,400,400,airplane,308,162,338,191
058_jpg.rf.e74989038f72ffaa5e41ae8977cc85ac.jpg,400,400,airplane,270,171,300,199
058_jpg.rf.e74989038f72ffaa5e41ae8977cc85ac.jpg,400,400,airplane,335,225,367,257
058_jpg.rf.e74989038f72ffaa5e41ae8977cc85ac.jpg,400,400,airplane,294,232,326,265
058_jpg.rf.e74989038f72ffaa5e41ae8977cc85ac.jpg,400,400,airplane,361,272,392,300
058_jpg.rf.e74989038f72ffaa5e41ae8977cc85ac.jpg,400,400,airplane,217,249,249,281
058_jpg.rf.e74989038f72ffaa5e41ae8977cc85ac.jpg,400,400,airplane,218,302,242,346
058_jpg.rf.e74989038f72ffaa5e41ae8977cc85ac.jpg,400,400,airplane,185,310,209,352
058_jpg.rf.e74989038f72ffaa5e41ae8977cc85ac.jpg,400,400,airplane,148,318,168,350
058_jpg.rf.e74989038f72ffaa5e41ae8977cc85ac.jpg,400,400,airplane,117,208,137,236
058_jpg.rf.e74989038f72ffaa5e41ae8977cc85ac.jpg,400,400,airplane,91,213,108,239
058_jpg.rf.e74989038f72ffaa5e41ae8977cc85ac.jpg,400,400,airplane,3,275,37,306
535_jpg.rf.b1256679de9ec262ac82e9b076ddfe35.jpg,400,400,harbor,211,313,251,339
535_jpg.rf.b1256679de9ec262ac82e9b076ddfe35.jpg,400,400,harbor,173,321,205,361
535_jpg.rf.b1256679de9ec262ac82e9b076ddfe35.jpg,400,400,harbor,172,281,260,310
535_jpg.rf.b1256679de9ec262ac82e9b076ddfe35.jpg,400,400,harbor,162,245,257,275
535_jpg.rf.b1256679de9ec262ac82e9b076ddfe35.jpg,400,400,harbor,121,290,163,370
535_jpg.rf.b1256679de9ec262ac82e9b076ddfe35.jpg,400,400,harbor,168,214,246,234
535_jpg.rf.b1256679de9ec262ac82e9b076ddfe35.jpg,400,400,harbor,139,186,237,208
535_jpg.rf.b1256679de9ec262ac82e9b076ddfe35.jpg,400,400,harbor,90,182,140,249
535_jpg.rf.b1256679de9ec262ac82e9b076ddfe35.jpg,400,400,harbor,115,158,253,178
535_jpg.rf.b1256679de9ec262ac82e9b076ddfe35.jpg,400,400,harbor,252,39,344,93
535_jpg.rf.b1256679de9ec262ac82e9b076ddfe35.jpg,400,400,harbor,151,62,289,128
535_jpg.rf.b1256679de9ec262ac82e9b076ddfe35.jpg,400,400,harbor,147,13,253,74
340_jpg.rf.ee58569bca95f9899bd73586a7122e70.jpg,400,400,tennis court,316,190,345,242
340_jpg.rf.ee58569bca95f9899bd73586a7122e70.jpg,400,400,tennis court,337,186,365,239
340_jpg.rf.ee58569bca95f9899bd73586a7122e70.jpg,400,400,baseball diamond,63,330,96,377
550_jpg.rf.ce5e693f879d07eddf0c647bfdb260cc.jpg,400,400,bridge,188,307,278,372
550_jpg.rf.ce5e693f879d07eddf0c647bfdb260cc.jpg,400,400,bridge,41,11,111,80
514_jpg.rf.3912093621d08149f4fb3430c6444541.jpg,400,400,ship,373,374,393,390
514_jpg.rf.3912093621d08149f4fb3430c6444541.jpg,400,400,ship,76,326,114,370
514_jpg.rf.3912093621d08149f4fb3430c6444541.jpg,400,400,ship,301,282,339,304
514_jpg.rf.3912093621d08149f4fb3430c6444541.jpg,400,400,ship,151,296,192,323
514_jpg.rf.3912093621d08149f4fb3430c6444541.jpg,400,400,ship,354,202,378,232
514_jpg.rf.3912093621d08149f4fb3430c6444541.jpg,400,400,ship,111,205,159,242
514_jpg.rf.3912093621d08149f4fb3430c6444541.jpg,400,400,ship,164,79,201,109
514_jpg.rf.3912093621d08149f4fb3430c6444541.jpg,400,400,ship,198,10,235,42
542_jpg.rf.755edee52d749a40ac8d8535cdfe62ab.jpg,400,400,bridge,47,199,119,299
542_jpg.rf.755edee52d749a40ac8d8535cdfe62ab.jpg,400,400,bridge,259,104,319,248
464_jpg.rf.c43cb8491208612c669cc1e705aaed29.jpg,400,400,baseball diamond,302,236,334,278
464_jpg.rf.c43cb8491208612c669cc1e705aaed29.jpg,400,400,baseball diamond,216,323,256,371
464_jpg.rf.c43cb8491208612c669cc1e705aaed29.jpg,400,400,baseball diamond,218,143,262,198
464_jpg.rf.c43cb8491208612c669cc1e705aaed29.jpg,400,400,ground track field,125,137,203,348
284_jpg.rf.ff23bd373f2572d0a8ec9793ef362366.jpg,400,400,harbor,309,211,336,269
284_jpg.rf.ff23bd373f2572d0a8ec9793ef362366.jpg,400,400,harbor,251,222,298,278
284_jpg.rf.ff23bd373f2572d0a8ec9793ef362366.jpg,400,400,harbor,218,229,256,282
284_jpg.rf.ff23bd373f2572d0a8ec9793ef362366.jpg,400,400,harbor,189,233,229,290
284_jpg.rf.ff23bd373f2572d0a8ec9793ef362366.jpg,400,400,harbor,157,236,196,298
284_jpg.rf.ff23bd373f2572d0a8ec9793ef362366.jpg,400,400,harbor,128,241,163,305
284_jpg.rf.ff23bd373f2572d0a8ec9793ef362366.jpg,400,400,harbor,85,245,135,311
284_jpg.rf.ff23bd373f2572d0a8ec9793ef362366.jpg,400,400,harbor,338,186,382,232
546_jpg.rf.4be2bdcc4f740552021710c67aadd0c1.jpg,400,400,baseball diamond,355,201,381,226
546_jpg.rf.4be2bdcc4f740552021710c67aadd0c1.jpg,400,400,ground track field,171,129,329,225
041_jpg.rf.600df14245eb245e07082ab91a783826.jpg,400,400,airplane,175,14,235,44
041_jpg.rf.600df14245eb245e07082ab91a783826.jpg,400,400,airplane,182,74,243,106
041_jpg.rf.600df14245eb245e07082ab91a783826.jpg,400,400,airplane,162,125,238,158
041_jpg.rf.600df14245eb245e07082ab91a783826.jpg,400,400,airplane,153,178,219,210
041_jpg.rf.600df14245eb245e07082ab91a783826.jpg,400,400,airplane,134,229,216,262
041_jpg.rf.600df14245eb245e07082ab91a783826.jpg,400,400,airplane,133,284,201,315
041_jpg.rf.600df14245eb245e07082ab91a783826.jpg,400,400,airplane,125,336,189,368
607_jpg.rf.ea58fe6988f00eb72519ba164214d775.jpg,400,400,tennis court,253,251,268,293
607_jpg.rf.ea58fe6988f00eb72519ba164214d775.jpg,400,400,tennis court,236,250,252,290
607_jpg.rf.ea58fe6988f00eb72519ba164214d775.jpg,400,400,tennis court,221,250,236,290
607_jpg.rf.ea58fe6988f00eb72519ba164214d775.jpg,400,400,tennis court,260,194,276,237
607_jpg.rf.ea58fe6988f00eb72519ba164214d775.jpg,400,400,tennis court,244,193,258,235
607_jpg.rf.ea58fe6988f00eb72519ba164214d775.jpg,400,400,tennis court,227,191,242,233
607_jpg.rf.ea58fe6988f00eb72519ba164214d775.jpg,400,400,tennis court,145,168,160,215
607_jpg.rf.ea58fe6988f00eb72519ba164214d775.jpg,400,400,tennis court,129,168,145,214
607_jpg.rf.ea58fe6988f00eb72519ba164214d775.jpg,400,400,basketball court,108,160,126,203
324_jpg.rf.857f81231cfc404287810177eff45831.jpg,400,400,storage tank,121,24,135,46
324_jpg.rf.857f81231cfc404287810177eff45831.jpg,400,400,storage tank,139,24,154,48
324_jpg.rf.857f81231cfc404287810177eff45831.jpg,400,400,storage tank,174,28,184,46
324_jpg.rf.857f81231cfc404287810177eff45831.jpg,400,400,storage tank,208,30,219,50
324_jpg.rf.857f81231cfc404287810177eff45831.jpg,400,400,storage tank,229,31,241,53
324_jpg.rf.857f81231cfc404287810177eff45831.jpg,400,400,storage tank,249,43,262,64
324_jpg.rf.857f81231cfc404287810177eff45831.jpg,400,400,storage tank,184,49,192,65
324_jpg.rf.857f81231cfc404287810177eff45831.jpg,400,400,storage tank,125,58,139,83
324_jpg.rf.857f81231cfc404287810177eff45831.jpg,400,400,storage tank,140,69,154,88
324_jpg.rf.857f81231cfc404287810177eff45831.jpg,400,400,storage tank,174,69,184,87
324_jpg.rf.857f81231cfc404287810177eff45831.jpg,400,400,storage tank,209,65,219,83
324_jpg.rf.857f81231cfc404287810177eff45831.jpg,400,400,storage tank,229,65,241,86
324_jpg.rf.857f81231cfc404287810177eff45831.jpg,400,400,storage tank,81,143,93,166
324_jpg.rf.857f81231cfc404287810177eff45831.jpg,400,400,storage tank,101,130,112,151
324_jpg.rf.857f81231cfc404287810177eff45831.jpg,400,400,storage tank,116,145,128,167
324_jpg.rf.857f81231cfc404287810177eff45831.jpg,400,400,storage tank,145,144,158,165
324_jpg.rf.857f81231cfc404287810177eff45831.jpg,400,400,storage tank,164,143,176,164
324_jpg.rf.857f81231cfc404287810177eff45831.jpg,400,400,storage tank,184,143,196,164
324_jpg.rf.857f81231cfc404287810177eff45831.jpg,400,400,storage tank,203,144,215,164
324_jpg.rf.857f81231cfc404287810177eff45831.jpg,400,400,storage tank,224,145,235,166
324_jpg.rf.857f81231cfc404287810177eff45831.jpg,400,400,storage tank,77,183,88,203
324_jpg.rf.857f81231cfc404287810177eff45831.jpg,400,400,storage tank,97,181,107,197
324_jpg.rf.857f81231cfc404287810177eff45831.jpg,400,400,storage tank,66,200,78,218
324_jpg.rf.857f81231cfc404287810177eff45831.jpg,400,400,storage tank,97,202,106,218
324_jpg.rf.857f81231cfc404287810177eff45831.jpg,400,400,storage tank,112,188,129,216
324_jpg.rf.857f81231cfc404287810177eff45831.jpg,400,400,storage tank,147,172,159,193
324_jpg.rf.857f81231cfc404287810177eff45831.jpg,400,400,storage tank,163,172,175,195
324_jpg.rf.857f81231cfc404287810177eff45831.jpg,400,400,storage tank,194,173,205,193
324_jpg.rf.857f81231cfc404287810177eff45831.jpg,400,400,storage tank,212,175,223,195
324_jpg.rf.857f81231cfc404287810177eff45831.jpg,400,400,storage tank,243,156,254,180
324_jpg.rf.857f81231cfc404287810177eff45831.jpg,400,400,storage tank,255,177,267,199
324_jpg.rf.857f81231cfc404287810177eff45831.jpg,400,400,storage tank,229,189,241,210
324_jpg.rf.857f81231cfc404287810177eff45831.jpg,400,400,storage tank,147,205,158,225
324_jpg.rf.857f81231cfc404287810177eff45831.jpg,400,400,storage tank,164,204,176,225
324_jpg.rf.857f81231cfc404287810177eff45831.jpg,400,400,storage tank,186,204,198,221
324_jpg.rf.857f81231cfc404287810177eff45831.jpg,400,400,storage tank,205,204,219,225
324_jpg.rf.857f81231cfc404287810177eff45831.jpg,400,400,storage tank,50,247,59,264
324_jpg.rf.857f81231cfc404287810177eff45831.jpg,400,400,storage tank,64,246,72,263
324_jpg.rf.857f81231cfc404287810177eff45831.jpg,400,400,storage tank,80,236,89,253
324_jpg.rf.857f81231cfc404287810177eff45831.jpg,400,400,storage tank,97,233,106,250
324_jpg.rf.857f81231cfc404287810177eff45831.jpg,400,400,storage tank,112,235,120,249
324_jpg.rf.857f81231cfc404287810177eff45831.jpg,400,400,storage tank,122,234,130,249
324_jpg.rf.857f81231cfc404287810177eff45831.jpg,400,400,storage tank,96,253,106,271
324_jpg.rf.857f81231cfc404287810177eff45831.jpg,400,400,storage tank,112,254,120,268
324_jpg.rf.857f81231cfc404287810177eff45831.jpg,400,400,storage tank,122,253,130,269
324_jpg.rf.857f81231cfc404287810177eff45831.jpg,400,400,storage tank,48,293,57,309
324_jpg.rf.857f81231cfc404287810177eff45831.jpg,400,400,storage tank,60,293,69,311
324_jpg.rf.857f81231cfc404287810177eff45831.jpg,400,400,storage tank,73,293,82,309
324_jpg.rf.857f81231cfc404287810177eff45831.jpg,400,400,storage tank,91,292,104,315
324_jpg.rf.857f81231cfc404287810177eff45831.jpg,400,400,storage tank,107,290,120,314
324_jpg.rf.857f81231cfc404287810177eff45831.jpg,400,400,ship,167,316,198,327
501_jpg.rf.9d63e18925712ccd800faf84c99ccdf3.jpg,400,400,ship,21,174,40,226
501_jpg.rf.9d63e18925712ccd800faf84c99ccdf3.jpg,400,400,ship,121,276,133,328
501_jpg.rf.9d63e18925712ccd800faf84c99ccdf3.jpg,400,400,ship,168,330,180,378
501_jpg.rf.9d63e18925712ccd800faf84c99ccdf3.jpg,400,400,ship,155,164,171,222
501_jpg.rf.9d63e18925712ccd800faf84c99ccdf3.jpg,400,400,ship,249,148,261,209
501_jpg.rf.9d63e18925712ccd800faf84c99ccdf3.jpg,400,400,ship,327,279,350,326
501_jpg.rf.9d63e18925712ccd800faf84c99ccdf3.jpg,400,400,ship,319,110,339,163
495_jpg.rf.9a222ecfe3ab866d0cf3c36d36c6d6df.jpg,400,400,baseball diamond,92,204,143,296
495_jpg.rf.9a222ecfe3ab866d0cf3c36d36c6d6df.jpg,400,400,ground track field,212,24,318,233
123_jpg.rf.1eb0f110299ac80a71d2ea925f4f6ea7.jpg,400,400,ground track field,41,29,161,308
123_jpg.rf.1eb0f110299ac80a71d2ea925f4f6ea7.jpg,400,400,baseball diamond,205,143,241,195
538_jpg.rf.439f05c58c76ca8530309e75d101de9c.jpg,400,400,bridge,106,32,214,76
538_jpg.rf.439f05c58c76ca8530309e75d101de9c.jpg,400,400,bridge,147,257,265,316
554_jpg.rf.20401b005a4477141ee39701e92eef80.jpg,400,400,baseball diamond,244,55,292,113
554_jpg.rf.20401b005a4477141ee39701e92eef80.jpg,400,400,tennis court,256,159,291,219
554_jpg.rf.20401b005a4477141ee39701e92eef80.jpg,400,400,tennis court,234,170,268,228
554_jpg.rf.20401b005a4477141ee39701e92eef80.jpg,400,400,tennis court,211,180,245,240
554_jpg.rf.20401b005a4477141ee39701e92eef80.jpg,400,400,tennis court,187,190,221,250
554_jpg.rf.20401b005a4477141ee39701e92eef80.jpg,400,400,basketball court,129,198,179,248
554_jpg.rf.20401b005a4477141ee39701e92eef80.jpg,400,400,basketball court,79,219,128,267
362_jpg.rf.d0dbdab5e0e5434bdc0073b32395bc41.jpg,400,400,tennis court,157,286,191,320
362_jpg.rf.d0dbdab5e0e5434bdc0073b32395bc41.jpg,400,400,tennis court,123,254,157,288
362_jpg.rf.d0dbdab5e0e5434bdc0073b32395bc41.jpg,400,400,tennis court,174,277,208,309
362_jpg.rf.d0dbdab5e0e5434bdc0073b32395bc41.jpg,400,400,tennis court,139,244,175,277
362_jpg.rf.d0dbdab5e0e5434bdc0073b32395bc41.jpg,400,400,tennis court,192,267,226,299
362_jpg.rf.d0dbdab5e0e5434bdc0073b32395bc41.jpg,400,400,tennis court,158,234,192,268
362_jpg.rf.d0dbdab5e0e5434bdc0073b32395bc41.jpg,400,400,tennis court,206,258,242,288
362_jpg.rf.d0dbdab5e0e5434bdc0073b32395bc41.jpg,400,400,tennis court,174,224,210,256
362_jpg.rf.d0dbdab5e0e5434bdc0073b32395bc41.jpg,400,400,baseball diamond,83,144,165,205
362_jpg.rf.d0dbdab5e0e5434bdc0073b32395bc41.jpg,400,400,baseball diamond,350,291,390,333
362_jpg.rf.d0dbdab5e0e5434bdc0073b32395bc41.jpg,400,400,basketball court,278,261,322,302
362_jpg.rf.d0dbdab5e0e5434bdc0073b32395bc41.jpg,400,400,basketball court,309,242,351,278
514_jpg.rf.6ba2877b07d2f9e1c00cf213dad875d4.jpg,400,400,ship,10,8,26,27
514_jpg.rf.6ba2877b07d2f9e1c00cf213dad875d4.jpg,400,400,ship,31,287,74,324
514_jpg.rf.6ba2877b07d2f9e1c00cf213dad875d4.jpg,400,400,ship,97,61,119,99
514_jpg.rf.6ba2877b07d2f9e1c00cf213dad875d4.jpg,400,400,ship,77,208,104,249
514_jpg.rf.6ba2877b07d2f9e1c00cf213dad875d4.jpg,400,400,ship,168,23,198,47
514_jpg.rf.6ba2877b07d2f9e1c00cf213dad875d4.jpg,400,400,ship,159,241,196,290
514_jpg.rf.6ba2877b07d2f9e1c00cf213dad875d4.jpg,400,400,ship,291,199,321,236
514_jpg.rf.6ba2877b07d2f9e1c00cf213dad875d4.jpg,400,400,ship,359,166,391,203
111_jpg.rf.068b00fe6dbec0f35daaefeccd20ec98.jpg,400,400,baseball diamond,251,320,297,347
111_jpg.rf.068b00fe6dbec0f35daaefeccd20ec98.jpg,400,400,baseball diamond,113,70,193,113
648_jpg.rf.a323e5566ae22ae617ebdfa21443a99a.jpg,400,400,baseball diamond,210,336,252,385
648_jpg.rf.a323e5566ae22ae617ebdfa21443a99a.jpg,400,400,baseball diamond,242,210,291,272
648_jpg.rf.a323e5566ae22ae617ebdfa21443a99a.jpg,400,400,baseball diamond,335,13,375,68
648_jpg.rf.a323e5566ae22ae617ebdfa21443a99a.jpg,400,400,ground track field,135,101,227,335
229_jpg.rf.c3638fc5336a120f48e922516f0ac1c7.jpg,400,400,ground track field,131,125,267,221
020_jpg.rf.e84e20b785edb873322bf699c6dd7901.jpg,400,400,airplane,362,165,384,239
020_jpg.rf.e84e20b785edb873322bf699c6dd7901.jpg,400,400,airplane,326,128,354,195
020_jpg.rf.e84e20b785edb873322bf699c6dd7901.jpg,400,400,airplane,322,84,338,143
020_jpg.rf.e84e20b785edb873322bf699c6dd7901.jpg,400,400,airplane,296,90,315,144
020_jpg.rf.e84e20b785edb873322bf699c6dd7901.jpg,400,400,airplane,265,96,289,167
020_jpg.rf.e84e20b785edb873322bf699c6dd7901.jpg,400,400,airplane,207,167,238,255
020_jpg.rf.e84e20b785edb873322bf699c6dd7901.jpg,400,400,airplane,169,176,201,256
020_jpg.rf.e84e20b785edb873322bf699c6dd7901.jpg,400,400,airplane,111,98,143,192
020_jpg.rf.e84e20b785edb873322bf699c6dd7901.jpg,400,400,airplane,60,155,86,228
020_jpg.rf.e84e20b785edb873322bf699c6dd7901.jpg,400,400,airplane,25,185,55,277
209_jpg.rf.acbf21e563c135967c1b5779054ec4c6.jpg,400,400,ground track field,161,92,362,234
209_jpg.rf.acbf21e563c135967c1b5779054ec4c6.jpg,400,400,tennis court,130,224,161,253
147_jpg.rf.9fc6da516a04f02d75b8368e26d53e74.jpg,400,400,basketball court,42,214,103,263
147_jpg.rf.9fc6da516a04f02d75b8368e26d53e74.jpg,400,400,basketball court,40,267,99,320
147_jpg.rf.9fc6da516a04f02d75b8368e26d53e74.jpg,400,400,tennis court,199,116,233,186
147_jpg.rf.9fc6da516a04f02d75b8368e26d53e74.jpg,400,400,tennis court,225,105,258,173
147_jpg.rf.9fc6da516a04f02d75b8368e26d53e74.jpg,400,400,tennis court,250,93,285,161
147_jpg.rf.9fc6da516a04f02d75b8368e26d53e74.jpg,400,400,tennis court,273,86,307,149
147_jpg.rf.9fc6da516a04f02d75b8368e26d53e74.jpg,400,400,tennis court,297,74,332,136
147_jpg.rf.9fc6da516a04f02d75b8368e26d53e74.jpg,400,400,tennis court,320,66,357,128
413_jpg.rf.90744cbac0e06feba754dd7201a94993.jpg,400,400,vehicle,123,160,147,196
413_jpg.rf.90744cbac0e06feba754dd7201a94993.jpg,400,400,vehicle,62,137,82,169
413_jpg.rf.90744cbac0e06feba754dd7201a94993.jpg,400,400,vehicle,72,212,102,242
413_jpg.rf.90744cbac0e06feba754dd7201a94993.jpg,400,400,vehicle,38,198,66,231
413_jpg.rf.90744cbac0e06feba754dd7201a94993.jpg,400,400,vehicle,10,187,34,215
135_jpg.rf.898032ab72f232c16a7389280c925364.jpg,400,400,basketball court,227,90,303,187
135_jpg.rf.898032ab72f232c16a7389280c925364.jpg,400,400,basketball court,250,17,340,116
065_jpg.rf.c35c4284a7e0b93be57780c2ae5204c2.jpg,400,400,airplane,148,100,171,133
065_jpg.rf.c35c4284a7e0b93be57780c2ae5204c2.jpg,400,400,airplane,178,133,190,152
065_jpg.rf.c35c4284a7e0b93be57780c2ae5204c2.jpg,400,400,airplane,102,287,116,306
065_jpg.rf.c35c4284a7e0b93be57780c2ae5204c2.jpg,400,400,airplane,78,316,107,351
065_jpg.rf.c35c4284a7e0b93be57780c2ae5204c2.jpg,400,400,airplane,57,348,79,375
550_jpg.rf.a90ced0758bef6e7dd3f48df18088096.jpg,400,400,bridge,28,188,93,278
550_jpg.rf.a90ced0758bef6e7dd3f48df18088096.jpg,400,400,bridge,321,41,390,111
633_jpg.rf.e72b21875e968bfb5629c9368eec6e5f.jpg,400,400,ground track field,221,116,289,345
633_jpg.rf.e72b21875e968bfb5629c9368eec6e5f.jpg,400,400,baseball diamond,165,102,209,170
633_jpg.rf.e72b21875e968bfb5629c9368eec6e5f.jpg,400,400,baseball diamond,250,66,281,114
310_jpg.rf.e86eb311f15ac4ad17b55c1057bad33a.jpg,400,400,ship,332,75,372,94
310_jpg.rf.e86eb311f15ac4ad17b55c1057bad33a.jpg,400,400,ship,104,269,119,333
310_jpg.rf.e86eb311f15ac4ad17b55c1057bad33a.jpg,400,400,ship,33,230,53,281
310_jpg.rf.e86eb311f15ac4ad17b55c1057bad33a.jpg,400,400,storage tank,283,219,298,239
310_jpg.rf.e86eb311f15ac4ad17b55c1057bad33a.jpg,400,400,storage tank,266,236,284,259
310_jpg.rf.e86eb311f15ac4ad17b55c1057bad33a.jpg,400,400,storage tank,270,200,285,220
310_jpg.rf.e86eb311f15ac4ad17b55c1057bad33a.jpg,400,400,storage tank,254,220,270,240
310_jpg.rf.e86eb311f15ac4ad17b55c1057bad33a.jpg,400,400,storage tank,256,180,271,201
310_jpg.rf.e86eb311f15ac4ad17b55c1057bad33a.jpg,400,400,storage tank,239,200,255,220
310_jpg.rf.e86eb311f15ac4ad17b55c1057bad33a.jpg,400,400,storage tank,243,162,258,183
310_jpg.rf.e86eb311f15ac4ad17b55c1057bad33a.jpg,400,400,storage tank,227,182,242,202
310_jpg.rf.e86eb311f15ac4ad17b55c1057bad33a.jpg,400,400,storage tank,229,138,242,158
310_jpg.rf.e86eb311f15ac4ad17b55c1057bad33a.jpg,400,400,storage tank,216,153,230,172
310_jpg.rf.e86eb311f15ac4ad17b55c1057bad33a.jpg,400,400,storage tank,200,136,214,154
310_jpg.rf.e86eb311f15ac4ad17b55c1057bad33a.jpg,400,400,storage tank,188,58,199,73
310_jpg.rf.e86eb311f15ac4ad17b55c1057bad33a.jpg,400,400,storage tank,146,60,160,81
310_jpg.rf.e86eb311f15ac4ad17b55c1057bad33a.jpg,400,400,storage tank,136,49,150,67
310_jpg.rf.e86eb311f15ac4ad17b55c1057bad33a.jpg,400,400,storage tank,123,71,137,89
026_jpg.rf.f3330e0f8e2416d8196017dd1875d10e.jpg,400,400,airplane,332,343,380,375
026_jpg.rf.f3330e0f8e2416d8196017dd1875d10e.jpg,400,400,airplane,65,254,98,274
026_jpg.rf.f3330e0f8e2416d8196017dd1875d10e.jpg,400,400,airplane,72,210,117,242
026_jpg.rf.f3330e0f8e2416d8196017dd1875d10e.jpg,400,400,airplane,116,186,144,207
026_jpg.rf.f3330e0f8e2416d8196017dd1875d10e.jpg,400,400,airplane,27,56,54,87
026_jpg.rf.f3330e0f8e2416d8196017dd1875d10e.jpg,400,400,airplane,56,28,81,59
615_jpg.rf.5eb18a522010c6743f368685e7a06921.jpg,400,400,baseball diamond,291,105,342,183
615_jpg.rf.5eb18a522010c6743f368685e7a06921.jpg,400,400,tennis court,132,197,153,254
615_jpg.rf.5eb18a522010c6743f368685e7a06921.jpg,400,400,tennis court,113,194,134,251
615_jpg.rf.5eb18a522010c6743f368685e7a06921.jpg,400,400,tennis court,93,193,112,251
615_jpg.rf.5eb18a522010c6743f368685e7a06921.jpg,400,400,basketball court,68,189,95,252
563_jpg.rf.4453ad1c5fc77c355e2532c9df2462c3.jpg,400,400,airplane,338,257,362,293
563_jpg.rf.4453ad1c5fc77c355e2532c9df2462c3.jpg,400,400,airplane,339,351,367,388
563_jpg.rf.4453ad1c5fc77c355e2532c9df2462c3.jpg,400,400,airplane,304,258,328,300
563_jpg.rf.4453ad1c5fc77c355e2532c9df2462c3.jpg,400,400,airplane,270,251,292,291
563_jpg.rf.4453ad1c5fc77c355e2532c9df2462c3.jpg,400,400,airplane,304,150,323,185
563_jpg.rf.4453ad1c5fc77c355e2532c9df2462c3.jpg,400,400,airplane,271,117,293,154
563_jpg.rf.4453ad1c5fc77c355e2532c9df2462c3.jpg,400,400,airplane,230,56,249,86
563_jpg.rf.4453ad1c5fc77c355e2532c9df2462c3.jpg,400,400,airplane,146,14,171,46
563_jpg.rf.4453ad1c5fc77c355e2532c9df2462c3.jpg,400,400,airplane,149,94,175,131
563_jpg.rf.4453ad1c5fc77c355e2532c9df2462c3.jpg,400,400,airplane,114,119,133,154
563_jpg.rf.4453ad1c5fc77c355e2532c9df2462c3.jpg,400,400,airplane,72,108,95,146
563_jpg.rf.4453ad1c5fc77c355e2532c9df2462c3.jpg,400,400,airplane,95,236,121,280
563_jpg.rf.4453ad1c5fc77c355e2532c9df2462c3.jpg,400,400,airplane,16,158,40,194
563_jpg.rf.4453ad1c5fc77c355e2532c9df2462c3.jpg,400,400,airplane,22,205,49,241
275_jpg.rf.e0ebae72635683f07793bfcf5aa8915c.jpg,400,400,harbor,302,14,348,68
275_jpg.rf.e0ebae72635683f07793bfcf5aa8915c.jpg,400,400,harbor,268,44,318,93
275_jpg.rf.e0ebae72635683f07793bfcf5aa8915c.jpg,400,400,harbor,156,173,212,228
275_jpg.rf.e0ebae72635683f07793bfcf5aa8915c.jpg,400,400,harbor,125,212,178,275
275_jpg.rf.e0ebae72635683f07793bfcf5aa8915c.jpg,400,400,harbor,100,249,141,304
275_jpg.rf.e0ebae72635683f07793bfcf5aa8915c.jpg,400,400,harbor,62,275,114,322
275_jpg.rf.e0ebae72635683f07793bfcf5aa8915c.jpg,400,400,harbor,65,324,119,389
275_jpg.rf.e0ebae72635683f07793bfcf5aa8915c.jpg,400,400,harbor,23,328,66,376
612_jpg.rf.a2e4529ab3f9c66791deb2971c162430.jpg,400,400,ground track field,150,28,335,292
612_jpg.rf.a2e4529ab3f9c66791deb2971c162430.jpg,400,400,basketball court,128,243,149,299
612_jpg.rf.a2e4529ab3f9c66791deb2971c162430.jpg,400,400,basketball court,110,242,131,301
612_jpg.rf.a2e4529ab3f9c66791deb2971c162430.jpg,400,400,basketball court,93,243,114,301
612_jpg.rf.a2e4529ab3f9c66791deb2971c162430.jpg,400,400,basketball court,74,243,96,301
310_jpg.rf.c5add76e7e821d7fe28cb1e2c16caa48.jpg,400,400,ship,29,75,69,94
310_jpg.rf.c5add76e7e821d7fe28cb1e2c16caa48.jpg,400,400,ship,282,269,297,333
310_jpg.rf.c5add76e7e821d7fe28cb1e2c16caa48.jpg,400,400,ship,348,229,367,281
310_jpg.rf.c5add76e7e821d7fe28cb1e2c16caa48.jpg,400,400,storage tank,102,219,117,238
310_jpg.rf.c5add76e7e821d7fe28cb1e2c16caa48.jpg,400,400,storage tank,116,236,135,259
310_jpg.rf.c5add76e7e821d7fe28cb1e2c16caa48.jpg,400,400,storage tank,116,200,131,220
310_jpg.rf.c5add76e7e821d7fe28cb1e2c16caa48.jpg,400,400,storage tank,131,219,146,240
310_jpg.rf.c5add76e7e821d7fe28cb1e2c16caa48.jpg,400,400,storage tank,130,180,145,201
310_jpg.rf.c5add76e7e821d7fe28cb1e2c16caa48.jpg,400,400,storage tank,145,200,161,220
310_jpg.rf.c5add76e7e821d7fe28cb1e2c16caa48.jpg,400,400,storage tank,142,162,157,183
310_jpg.rf.c5add76e7e821d7fe28cb1e2c16caa48.jpg,400,400,storage tank,158,182,173,202
310_jpg.rf.c5add76e7e821d7fe28cb1e2c16caa48.jpg,400,400,storage tank,159,138,172,158
310_jpg.rf.c5add76e7e821d7fe28cb1e2c16caa48.jpg,400,400,storage tank,171,153,185,172
310_jpg.rf.c5add76e7e821d7fe28cb1e2c16caa48.jpg,400,400,storage tank,186,136,200,154
310_jpg.rf.c5add76e7e821d7fe28cb1e2c16caa48.jpg,400,400,storage tank,202,58,213,73
310_jpg.rf.c5add76e7e821d7fe28cb1e2c16caa48.jpg,400,400,storage tank,240,60,254,81
310_jpg.rf.c5add76e7e821d7fe28cb1e2c16caa48.jpg,400,400,storage tank,250,48,264,67
310_jpg.rf.c5add76e7e821d7fe28cb1e2c16caa48.jpg,400,400,storage tank,263,70,277,89
560_jpg.rf.6a8dbcacf3a3a3ce221ed513ac4bb2f0.jpg,400,400,baseball diamond,301,124,336,170
560_jpg.rf.6a8dbcacf3a3a3ce221ed513ac4bb2f0.jpg,400,400,bridge,119,120,224,190
518_jpg.rf.155bbb915973a07ecaccf3a48b940ca3.jpg,400,400,ship,114,366,138,392
518_jpg.rf.155bbb915973a07ecaccf3a48b940ca3.jpg,400,400,ship,162,316,188,346
518_jpg.rf.155bbb915973a07ecaccf3a48b940ca3.jpg,400,400,ship,14,240,54,255
518_jpg.rf.155bbb915973a07ecaccf3a48b940ca3.jpg,400,400,ship,177,224,199,253
518_jpg.rf.155bbb915973a07ecaccf3a48b940ca3.jpg,400,400,ship,302,251,318,279
518_jpg.rf.155bbb915973a07ecaccf3a48b940ca3.jpg,400,400,ship,154,142,211,182
518_jpg.rf.155bbb915973a07ecaccf3a48b940ca3.jpg,400,400,ship,359,193,377,209
518_jpg.rf.155bbb915973a07ecaccf3a48b940ca3.jpg,400,400,ship,144,12,195,21
518_jpg.rf.155bbb915973a07ecaccf3a48b940ca3.jpg,400,400,ship,332,70,360,80
557_jpg.rf.6b7362a45fef7d82dd0c9ab8e5782630.jpg,400,400,bridge,195,43,287,139
557_jpg.rf.6b7362a45fef7d82dd0c9ab8e5782630.jpg,400,400,bridge,39,324,157,370
648_jpg.rf.0ffe6661b47994147c5b68f5fc684b97.jpg,400,400,baseball diamond,210,15,252,64
648_jpg.rf.0ffe6661b47994147c5b68f5fc684b97.jpg,400,400,baseball diamond,242,129,291,191
648_jpg.rf.0ffe6661b47994147c5b68f5fc684b97.jpg,400,400,baseball diamond,335,333,375,388
648_jpg.rf.0ffe6661b47994147c5b68f5fc684b97.jpg,400,400,ground track field,135,66,226,300
321_jpg.rf.2706072d11048d9bceb50023756c0207.jpg,400,400,ship,247,228,260,280
321_jpg.rf.2706072d11048d9bceb50023756c0207.jpg,400,400,storage tank,291,206,307,228
321_jpg.rf.2706072d11048d9bceb50023756c0207.jpg,400,400,storage tank,311,209,329,231
321_jpg.rf.2706072d11048d9bceb50023756c0207.jpg,400,400,storage tank,284,259,297,278
321_jpg.rf.2706072d11048d9bceb50023756c0207.jpg,400,400,storage tank,299,261,313,281
321_jpg.rf.2706072d11048d9bceb50023756c0207.jpg,400,400,storage tank,313,263,328,282
321_jpg.rf.2706072d11048d9bceb50023756c0207.jpg,400,400,storage tank,333,266,348,287
321_jpg.rf.2706072d11048d9bceb50023756c0207.jpg,400,400,storage tank,348,271,363,290
321_jpg.rf.2706072d11048d9bceb50023756c0207.jpg,400,400,storage tank,374,274,388,295
321_jpg.rf.2706072d11048d9bceb50023756c0207.jpg,400,400,storage tank,282,277,296,298
321_jpg.rf.2706072d11048d9bceb50023756c0207.jpg,400,400,storage tank,297,282,312,301
321_jpg.rf.2706072d11048d9bceb50023756c0207.jpg,400,400,storage tank,313,285,327,303
321_jpg.rf.2706072d11048d9bceb50023756c0207.jpg,400,400,storage tank,332,288,347,307
321_jpg.rf.2706072d11048d9bceb50023756c0207.jpg,400,400,storage tank,347,289,362,310
321_jpg.rf.2706072d11048d9bceb50023756c0207.jpg,400,400,storage tank,372,296,387,317
321_jpg.rf.2706072d11048d9bceb50023756c0207.jpg,400,400,storage tank,280,298,295,317
321_jpg.rf.2706072d11048d9bceb50023756c0207.jpg,400,400,storage tank,295,301,310,321
321_jpg.rf.2706072d11048d9bceb50023756c0207.jpg,400,400,storage tank,311,305,325,323
321_jpg.rf.2706072d11048d9bceb50023756c0207.jpg,400,400,storage tank,332,306,346,327
321_jpg.rf.2706072d11048d9bceb50023756c0207.jpg,400,400,storage tank,347,309,361,331
321_jpg.rf.2706072d11048d9bceb50023756c0207.jpg,400,400,storage tank,375,322,391,344
321_jpg.rf.2706072d11048d9bceb50023756c0207.jpg,400,400,storage tank,282,323,302,352
321_jpg.rf.2706072d11048d9bceb50023756c0207.jpg,400,400,storage tank,304,326,324,356
321_jpg.rf.2706072d11048d9bceb50023756c0207.jpg,400,400,storage tank,326,333,346,360
321_jpg.rf.2706072d11048d9bceb50023756c0207.jpg,400,400,storage tank,347,336,366,362
321_jpg.rf.2706072d11048d9bceb50023756c0207.jpg,400,400,storage tank,374,347,390,370
321_jpg.rf.2706072d11048d9bceb50023756c0207.jpg,400,400,storage tank,281,351,299,379
321_jpg.rf.2706072d11048d9bceb50023756c0207.jpg,400,400,storage tank,301,357,321,383
321_jpg.rf.2706072d11048d9bceb50023756c0207.jpg,400,400,storage tank,325,361,345,387
321_jpg.rf.2706072d11048d9bceb50023756c0207.jpg,400,400,storage tank,346,365,366,392
321_jpg.rf.2706072d11048d9bceb50023756c0207.jpg,400,400,storage tank,373,378,390,399
295_jpg.rf.8671c7f364c1c0b46bd455d58d00dd56.jpg,400,400,ship,112,62,135,112
295_jpg.rf.8671c7f364c1c0b46bd455d58d00dd56.jpg,400,400,ship,144,70,165,119
295_jpg.rf.8671c7f364c1c0b46bd455d58d00dd56.jpg,400,400,ship,80,110,105,165
295_jpg.rf.8671c7f364c1c0b46bd455d58d00dd56.jpg,400,400,ship,114,129,138,186
295_jpg.rf.8671c7f364c1c0b46bd455d58d00dd56.jpg,400,400,ship,126,197,149,248
295_jpg.rf.8671c7f364c1c0b46bd455d58d00dd56.jpg,400,400,ship,211,218,238,272
295_jpg.rf.8671c7f364c1c0b46bd455d58d00dd56.jpg,400,400,ship,245,249,269,302
295_jpg.rf.8671c7f364c1c0b46bd455d58d00dd56.jpg,400,400,ship,280,259,303,315
645_jpg.rf.ccd380f400f06aeae65a356d46ba730f.jpg,400,400,baseball diamond,314,143,357,209
645_jpg.rf.ccd380f400f06aeae65a356d46ba730f.jpg,400,400,ground track field,189,72,298,301
607_jpg.rf.d4a69bbdef7cee16041e9de1e6a15f65.jpg,400,400,tennis court,132,107,147,149
607_jpg.rf.d4a69bbdef7cee16041e9de1e6a15f65.jpg,400,400,tennis court,148,110,164,150
607_jpg.rf.d4a69bbdef7cee16041e9de1e6a15f65.jpg,400,400,tennis court,165,111,180,150
607_jpg.rf.d4a69bbdef7cee16041e9de1e6a15f65.jpg,400,400,tennis court,125,164,140,207
607_jpg.rf.d4a69bbdef7cee16041e9de1e6a15f65.jpg,400,400,tennis court,142,165,157,208
607_jpg.rf.d4a69bbdef7cee16041e9de1e6a15f65.jpg,400,400,tennis court,159,167,174,209
607_jpg.rf.d4a69bbdef7cee16041e9de1e6a15f65.jpg,400,400,tennis court,241,185,256,232
607_jpg.rf.d4a69bbdef7cee16041e9de1e6a15f65.jpg,400,400,tennis court,255,187,271,232
607_jpg.rf.d4a69bbdef7cee16041e9de1e6a15f65.jpg,400,400,basketball court,274,197,292,240
247_jpg.rf.db0eb43228440bc066b55eaeb39afabb.jpg,400,400,ground track field,211,87,325,350
247_jpg.rf.db0eb43228440bc066b55eaeb39afabb.jpg,400,400,tennis court,67,130,94,169
247_jpg.rf.db0eb43228440bc066b55eaeb39afabb.jpg,400,400,tennis court,80,148,101,183
247_jpg.rf.db0eb43228440bc066b55eaeb39afabb.jpg,400,400,tennis court,91,160,111,193
247_jpg.rf.db0eb43228440bc066b55eaeb39afabb.jpg,400,400,tennis court,101,174,124,209
247_jpg.rf.db0eb43228440bc066b55eaeb39afabb.jpg,400,400,baseball diamond,145,17,197,64
247_jpg.rf.db0eb43228440bc066b55eaeb39afabb.jpg,400,400,baseball diamond,102,273,141,318
247_jpg.rf.db0eb43228440bc066b55eaeb39afabb.jpg,400,400,baseball diamond,344,207,377,253
357_jpg.rf.0584a9bb5e8bbd96cacc835ec480e3f9.jpg,400,400,tennis court,272,56,318,103
357_jpg.rf.0584a9bb5e8bbd96cacc835ec480e3f9.jpg,400,400,tennis court,297,76,341,121
077_jpg.rf.27eb9791d4367d8dfbdee238901dc955.jpg,400,400,airplane,152,106,165,124
077_jpg.rf.27eb9791d4367d8dfbdee238901dc955.jpg,400,400,airplane,165,162,188,189
077_jpg.rf.27eb9791d4367d8dfbdee238901dc955.jpg,400,400,airplane,279,339,296,361
077_jpg.rf.27eb9791d4367d8dfbdee238901dc955.jpg,400,400,airplane,284,213,300,236
077_jpg.rf.27eb9791d4367d8dfbdee238901dc955.jpg,400,400,airplane,307,221,325,245
077_jpg.rf.27eb9791d4367d8dfbdee238901dc955.jpg,400,400,airplane,329,229,347,253
002_jpg.rf.eac12d920152cd412927d03a7c43701b.jpg,400,400,airplane,242,56,267,80
002_jpg.rf.eac12d920152cd412927d03a7c43701b.jpg,400,400,airplane,30,151,55,183
002_jpg.rf.eac12d920152cd412927d03a7c43701b.jpg,400,400,airplane,88,157,115,190
002_jpg.rf.eac12d920152cd412927d03a7c43701b.jpg,400,400,airplane,129,185,145,208
002_jpg.rf.eac12d920152cd412927d03a7c43701b.jpg,400,400,airplane,188,263,225,313
002_jpg.rf.eac12d920152cd412927d03a7c43701b.jpg,400,400,airplane,229,300,263,350
002_jpg.rf.eac12d920152cd412927d03a7c43701b.jpg,400,400,airplane,266,337,303,392
094_jpg.rf.5cc1c22969ec66893dcab4506395aa7d.jpg,400,400,baseball diamond,111,41,150,103
094_jpg.rf.5cc1c22969ec66893dcab4506395aa7d.jpg,400,400,baseball diamond,102,255,143,319
094_jpg.rf.5cc1c22969ec66893dcab4506395aa7d.jpg,400,400,tennis court,20,14,39,54
094_jpg.rf.5cc1c22969ec66893dcab4506395aa7d.jpg,400,400,tennis court,20,56,39,98
094_jpg.rf.5cc1c22969ec66893dcab4506395aa7d.jpg,400,400,tennis court,23,100,40,141
094_jpg.rf.5cc1c22969ec66893dcab4506395aa7d.jpg,400,400,tennis court,24,144,41,187
121_jpg.rf.eb0612d721adc6cec37f0fd085e28036.jpg,400,400,baseball diamond,144,114,180,179
121_jpg.rf.eb0612d721adc6cec37f0fd085e28036.jpg,400,400,basketball court,154,64,186,100
330_jpg.rf.a93bc27aab181f0ce5c751e8f705c3cf.jpg,400,400,tennis court,66,291,94,317
330_jpg.rf.a93bc27aab181f0ce5c751e8f705c3cf.jpg,400,400,tennis court,61,307,90,332
330_jpg.rf.a93bc27aab181f0ce5c751e8f705c3cf.jpg,400,400,tennis court,100,306,128,333
330_jpg.rf.a93bc27aab181f0ce5c751e8f705c3cf.jpg,400,400,tennis court,94,321,122,346
330_jpg.rf.a93bc27aab181f0ce5c751e8f705c3cf.jpg,400,400,tennis court,87,335,117,361
330_jpg.rf.a93bc27aab181f0ce5c751e8f705c3cf.jpg,400,400,tennis court,82,349,112,376
148_jpg.rf.4acc109518b022f5c7a4d0ccd192346a.jpg,400,400,basketball court,170,208,215,291
148_jpg.rf.4acc109518b022f5c7a4d0ccd192346a.jpg,400,400,tennis court,81,227,112,304
148_jpg.rf.4acc109518b022f5c7a4d0ccd192346a.jpg,400,400,tennis court,117,227,147,306
083_jpg.rf.764a15b32197070e5f0a3255f33faa15.jpg,400,400,baseball diamond,161,109,199,169
083_jpg.rf.764a15b32197070e5f0a3255f33faa15.jpg,400,400,baseball diamond,256,110,282,149
083_jpg.rf.764a15b32197070e5f0a3255f33faa15.jpg,400,400,baseball diamond,201,248,228,286
083_jpg.rf.764a15b32197070e5f0a3255f33faa15.jpg,400,400,baseball diamond,103,245,139,302
542_jpg.rf.4fc3751f8bee4ea8dc262e53f617e954.jpg,400,400,bridge,47,101,119,202
542_jpg.rf.4fc3751f8bee4ea8dc262e53f617e954.jpg,400,400,bridge,259,153,319,297
420_jpg.rf.96bfeab3ee32647aac41e3054ec2d28a.jpg,400,400,vehicle,289,306,321,340
420_jpg.rf.96bfeab3ee32647aac41e3054ec2d28a.jpg,400,400,vehicle,270,259,296,283
420_jpg.rf.96bfeab3ee32647aac41e3054ec2d28a.jpg,400,400,vehicle,278,65,300,109
420_jpg.rf.96bfeab3ee32647aac41e3054ec2d28a.jpg,400,400,vehicle,307,36,331,70
420_jpg.rf.96bfeab3ee32647aac41e3054ec2d28a.jpg,400,400,vehicle,295,9,323,27
420_jpg.rf.96bfeab3ee32647aac41e3054ec2d28a.jpg,400,400,vehicle,371,14,399,40
338_jpg.rf.a838bf40c974f4e69dcb5e8d9cd70fef.jpg,400,400,tennis court,45,285,84,342
338_jpg.rf.a838bf40c974f4e69dcb5e8d9cd70fef.jpg,400,400,tennis court,65,264,104,326
338_jpg.rf.a838bf40c974f4e69dcb5e8d9cd70fef.jpg,400,400,tennis court,87,240,127,301
338_jpg.rf.a838bf40c974f4e69dcb5e8d9cd70fef.jpg,400,400,tennis court,134,189,172,244
338_jpg.rf.a838bf40c974f4e69dcb5e8d9cd70fef.jpg,400,400,tennis court,151,173,189,225
338_jpg.rf.a838bf40c974f4e69dcb5e8d9cd70fef.jpg,400,400,tennis court,169,153,208,205
338_jpg.rf.a838bf40c974f4e69dcb5e8d9cd70fef.jpg,400,400,tennis court,212,118,249,166
338_jpg.rf.a838bf40c974f4e69dcb5e8d9cd70fef.jpg,400,400,tennis court,229,101,267,152
338_jpg.rf.a838bf40c974f4e69dcb5e8d9cd70fef.jpg,400,400,tennis court,245,81,283,137
338_jpg.rf.a838bf40c974f4e69dcb5e8d9cd70fef.jpg,400,400,tennis court,261,70,297,117
338_jpg.rf.a838bf40c974f4e69dcb5e8d9cd70fef.jpg,400,400,tennis court,284,48,319,91
338_jpg.rf.a838bf40c974f4e69dcb5e8d9cd70fef.jpg,400,400,tennis court,300,32,336,74
446_jpg.rf.7b8f3b89aff12427414332de70dbc4a1.jpg,400,400,vehicle,316,138,348,156
446_jpg.rf.7b8f3b89aff12427414332de70dbc4a1.jpg,400,400,vehicle,76,20,105,36
446_jpg.rf.7b8f3b89aff12427414332de70dbc4a1.jpg,400,400,vehicle,208,116,228,131
446_jpg.rf.7b8f3b89aff12427414332de70dbc4a1.jpg,400,400,vehicle,171,63,197,79
041_jpg.rf.c3cac04db5822ca9d5732fa9c76ec660.jpg,400,400,airplane,14,175,44,235
041_jpg.rf.c3cac04db5822ca9d5732fa9c76ec660.jpg,400,400,airplane,74,182,105,243
041_jpg.rf.c3cac04db5822ca9d5732fa9c76ec660.jpg,400,400,airplane,125,162,158,238
041_jpg.rf.c3cac04db5822ca9d5732fa9c76ec660.jpg,400,400,airplane,177,153,210,219
041_jpg.rf.c3cac04db5822ca9d5732fa9c76ec660.jpg,400,400,airplane,229,134,262,216
041_jpg.rf.c3cac04db5822ca9d5732fa9c76ec660.jpg,400,400,airplane,284,133,315,201
041_jpg.rf.c3cac04db5822ca9d5732fa9c76ec660.jpg,400,400,airplane,336,124,367,189
258_jpg.rf.2fc558c0920c22ff2a480e8578e053c0.jpg,400,400,ground track field,45,137,177,241
258_jpg.rf.2fc558c0920c22ff2a480e8578e053c0.jpg,400,400,baseball diamond,15,136,45,171
258_jpg.rf.2fc558c0920c22ff2a480e8578e053c0.jpg,400,400,baseball diamond,223,132,265,178
219_jpg.rf.ea1049f3fff9fcda4b63a1094804d89c.jpg,400,400,ground track field,82,99,242,227
431_jpg.rf.d31366540491bc6e346b1127dc4e713e.jpg,400,400,vehicle,245,127,271,141
431_jpg.rf.d31366540491bc6e346b1127dc4e713e.jpg,400,400,vehicle,298,146,326,160
431_jpg.rf.d31366540491bc6e346b1127dc4e713e.jpg,400,400,vehicle,58,98,80,116
431_jpg.rf.d31366540491bc6e346b1127dc4e713e.jpg,400,400,vehicle,43,291,66,310
431_jpg.rf.d31366540491bc6e346b1127dc4e713e.jpg,400,400,vehicle,33,311,51,331
431_jpg.rf.d31366540491bc6e346b1127dc4e713e.jpg,400,400,vehicle,348,228,364,246
431_jpg.rf.d31366540491bc6e346b1127dc4e713e.jpg,400,400,vehicle,318,225,334,239
431_jpg.rf.d31366540491bc6e346b1127dc4e713e.jpg,400,400,vehicle,308,212,325,228
431_jpg.rf.d31366540491bc6e346b1127dc4e713e.jpg,400,400,vehicle,297,208,313,222
431_jpg.rf.d31366540491bc6e346b1127dc4e713e.jpg,400,400,vehicle,283,204,301,220
431_jpg.rf.d31366540491bc6e346b1127dc4e713e.jpg,400,400,vehicle,268,196,288,214
431_jpg.rf.d31366540491bc6e346b1127dc4e713e.jpg,400,400,vehicle,255,193,274,209
431_jpg.rf.d31366540491bc6e346b1127dc4e713e.jpg,400,400,vehicle,240,188,259,204
431_jpg.rf.d31366540491bc6e346b1127dc4e713e.jpg,400,400,vehicle,227,185,246,200
431_jpg.rf.d31366540491bc6e346b1127dc4e713e.jpg,400,400,vehicle,218,201,239,219
431_jpg.rf.d31366540491bc6e346b1127dc4e713e.jpg,400,400,vehicle,205,198,223,214
431_jpg.rf.d31366540491bc6e346b1127dc4e713e.jpg,400,400,vehicle,201,176,221,192
431_jpg.rf.d31366540491bc6e346b1127dc4e713e.jpg,400,400,vehicle,189,192,210,210
431_jpg.rf.d31366540491bc6e346b1127dc4e713e.jpg,400,400,vehicle,199,109,226,124
431_jpg.rf.d31366540491bc6e346b1127dc4e713e.jpg,400,400,vehicle,79,64,103,76
431_jpg.rf.d31366540491bc6e346b1127dc4e713e.jpg,400,400,vehicle,86,325,106,345
392_jpg.rf.95c280a2934d6b32628bb10c3d7da010.jpg,400,400,vehicle,237,10,262,33
392_jpg.rf.95c280a2934d6b32628bb10c3d7da010.jpg,400,400,vehicle,205,23,229,46
392_jpg.rf.95c280a2934d6b32628bb10c3d7da010.jpg,400,400,vehicle,177,160,194,193
392_jpg.rf.95c280a2934d6b32628bb10c3d7da010.jpg,400,400,vehicle,200,259,218,300
392_jpg.rf.95c280a2934d6b32628bb10c3d7da010.jpg,400,400,vehicle,215,85,243,110
558_jpg.rf.6ce1fa4da1a56ffd58c71ea5127d8851.jpg,400,400,bridge,11,130,69,242
558_jpg.rf.6ce1fa4da1a56ffd58c71ea5127d8851.jpg,400,400,bridge,181,128,233,245
558_jpg.rf.6ce1fa4da1a56ffd58c71ea5127d8851.jpg,400,400,bridge,269,142,322,240
011_jpg.rf.99b570d2afdddc2bbea16eca3ffe72cb.jpg,400,400,airplane,75,135,115,187
011_jpg.rf.99b570d2afdddc2bbea16eca3ffe72cb.jpg,400,400,airplane,118,121,156,173
011_jpg.rf.99b570d2afdddc2bbea16eca3ffe72cb.jpg,400,400,airplane,166,96,187,119
011_jpg.rf.99b570d2afdddc2bbea16eca3ffe72cb.jpg,400,400,airplane,262,80,301,129
011_jpg.rf.99b570d2afdddc2bbea16eca3ffe72cb.jpg,400,400,airplane,274,131,320,185
011_jpg.rf.99b570d2afdddc2bbea16eca3ffe72cb.jpg,400,400,airplane,287,186,333,236
011_jpg.rf.99b570d2afdddc2bbea16eca3ffe72cb.jpg,400,400,airplane,310,243,338,277
011_jpg.rf.99b570d2afdddc2bbea16eca3ffe72cb.jpg,400,400,airplane,303,286,337,327
011_jpg.rf.99b570d2afdddc2bbea16eca3ffe72cb.jpg,400,400,airplane,282,318,305,347
026_jpg.rf.2537c1cb250295f7c10cf64474c7a756.jpg,400,400,airplane,25,21,58,69
026_jpg.rf.2537c1cb250295f7c10cf64474c7a756.jpg,400,400,airplane,126,302,146,335
026_jpg.rf.2537c1cb250295f7c10cf64474c7a756.jpg,400,400,airplane,158,284,190,329
026_jpg.rf.2537c1cb250295f7c10cf64474c7a756.jpg,400,400,airplane,194,256,215,284
026_jpg.rf.2537c1cb250295f7c10cf64474c7a756.jpg,400,400,airplane,314,346,345,373
026_jpg.rf.2537c1cb250295f7c10cf64474c7a756.jpg,400,400,airplane,342,319,373,344
086_jpg.rf.1b73f9305a73c43e876d1fcf42f9b100.jpg,400,400,baseball diamond,45,28,100,63
086_jpg.rf.1b73f9305a73c43e876d1fcf42f9b100.jpg,400,400,baseball diamond,266,338,306,362
086_jpg.rf.1b73f9305a73c43e876d1fcf42f9b100.jpg,400,400,tennis court,346,375,378,387
086_jpg.rf.1b73f9305a73c43e876d1fcf42f9b100.jpg,400,400,tennis court,346,364,378,375
086_jpg.rf.1b73f9305a73c43e876d1fcf42f9b100.jpg,400,400,tennis court,346,353,378,364
086_jpg.rf.1b73f9305a73c43e876d1fcf42f9b100.jpg,400,400,tennis court,346,341,378,353
531_jpg.rf.9f84639533dd890c1232d747b26bc32f.jpg,400,400,bridge,360,198,388,258
531_jpg.rf.9f84639533dd890c1232d747b26bc32f.jpg,400,400,bridge,228,311,260,363
531_jpg.rf.9f84639533dd890c1232d747b26bc32f.jpg,400,400,bridge,69,139,95,209
531_jpg.rf.9f84639533dd890c1232d747b26bc32f.jpg,400,400,bridge,32,161,52,211
531_jpg.rf.9f84639533dd890c1232d747b26bc32f.jpg,400,400,bridge,10,197,33,259
445_jpg.rf.1578e26e6f47d0eb1c4eaece3212190d.jpg,400,400,vehicle,337,312,347,353
445_jpg.rf.1578e26e6f47d0eb1c4eaece3212190d.jpg,400,400,vehicle,195,266,216,287
445_jpg.rf.1578e26e6f47d0eb1c4eaece3212190d.jpg,400,400,vehicle,313,239,336,263
605_jpg.rf.6b6601abcf6057dec17e6efa30ea33ad.jpg,400,400,ground track field,186,49,340,207
605_jpg.rf.6b6601abcf6057dec17e6efa30ea33ad.jpg,400,400,baseball diamond,125,156,180,226
605_jpg.rf.6b6601abcf6057dec17e6efa30ea33ad.jpg,400,400,baseball diamond,35,231,76,291
396_jpg.rf.6a0050bae0f0bf591aca0ee3ea1b4014.jpg,400,400,vehicle,176,337,205,368
396_jpg.rf.6a0050bae0f0bf591aca0ee3ea1b4014.jpg,400,400,vehicle,231,291,259,319
396_jpg.rf.6a0050bae0f0bf591aca0ee3ea1b4014.jpg,400,400,vehicle,239,313,264,338
396_jpg.rf.6a0050bae0f0bf591aca0ee3ea1b4014.jpg,400,400,vehicle,248,328,274,356
396_jpg.rf.6a0050bae0f0bf591aca0ee3ea1b4014.jpg,400,400,vehicle,177,360,211,394
258_jpg.rf.99683b3c886ac03ec6e9186f8e77b198.jpg,400,400,ground track field,45,137,176,241
258_jpg.rf.99683b3c886ac03ec6e9186f8e77b198.jpg,400,400,baseball diamond,15,136,45,171
258_jpg.rf.99683b3c886ac03ec6e9186f8e77b198.jpg,400,400,baseball diamond,223,132,264,178
305_jpg.rf.cddf3ffb9a8d6d51394bffec448780ab.jpg,400,400,ship,256,181,272,222
305_jpg.rf.cddf3ffb9a8d6d51394bffec448780ab.jpg,400,400,ship,318,106,333,144
305_jpg.rf.cddf3ffb9a8d6d51394bffec448780ab.jpg,400,400,ship,305,229,322,270
305_jpg.rf.cddf3ffb9a8d6d51394bffec448780ab.jpg,400,400,storage tank,244,265,262,291
305_jpg.rf.cddf3ffb9a8d6d51394bffec448780ab.jpg,400,400,storage tank,232,285,249,311
305_jpg.rf.cddf3ffb9a8d6d51394bffec448780ab.jpg,400,400,storage tank,270,290,287,316
305_jpg.rf.cddf3ffb9a8d6d51394bffec448780ab.jpg,400,400,storage tank,259,311,276,338
305_jpg.rf.cddf3ffb9a8d6d51394bffec448780ab.jpg,400,400,storage tank,287,313,306,339
305_jpg.rf.cddf3ffb9a8d6d51394bffec448780ab.jpg,400,400,storage tank,276,335,293,361
305_jpg.rf.cddf3ffb9a8d6d51394bffec448780ab.jpg,400,400,storage tank,171,353,189,378
305_jpg.rf.cddf3ffb9a8d6d51394bffec448780ab.jpg,400,400,storage tank,194,355,212,379
328_jpg.rf.e73d180caabcf4fe537f1289ba25dba1.jpg,400,400,tennis court,73,53,116,80
328_jpg.rf.e73d180caabcf4fe537f1289ba25dba1.jpg,400,400,tennis court,70,86,114,112
328_jpg.rf.e73d180caabcf4fe537f1289ba25dba1.jpg,400,400,tennis court,68,117,113,141
328_jpg.rf.e73d180caabcf4fe537f1289ba25dba1.jpg,400,400,tennis court,65,149,111,176
328_jpg.rf.e73d180caabcf4fe537f1289ba25dba1.jpg,400,400,tennis court,133,52,175,76
328_jpg.rf.e73d180caabcf4fe537f1289ba25dba1.jpg,400,400,tennis court,132,82,177,108
328_jpg.rf.e73d180caabcf4fe537f1289ba25dba1.jpg,400,400,tennis court,132,111,179,139
328_jpg.rf.e73d180caabcf4fe537f1289ba25dba1.jpg,400,400,tennis court,131,143,179,174
328_jpg.rf.e73d180caabcf4fe537f1289ba25dba1.jpg,400,400,tennis court,193,48,237,73
328_jpg.rf.e73d180caabcf4fe537f1289ba25dba1.jpg,400,400,tennis court,194,77,240,102
328_jpg.rf.e73d180caabcf4fe537f1289ba25dba1.jpg,400,400,tennis court,196,108,241,137
328_jpg.rf.e73d180caabcf4fe537f1289ba25dba1.jpg,400,400,tennis court,197,139,243,167
328_jpg.rf.e73d180caabcf4fe537f1289ba25dba1.jpg,400,400,tennis court,253,46,298,72
328_jpg.rf.e73d180caabcf4fe537f1289ba25dba1.jpg,400,400,tennis court,256,76,301,101
328_jpg.rf.e73d180caabcf4fe537f1289ba25dba1.jpg,400,400,tennis court,258,105,306,132
328_jpg.rf.e73d180caabcf4fe537f1289ba25dba1.jpg,400,400,tennis court,261,135,309,165
168_jpg.rf.b28379aba4e82ebe342dbf25ba818913.jpg,400,400,bridge,126,104,243,185
267_jpg.rf.ce84e5a09c09bb2e8dce1be23937a4bf.jpg,400,400,harbor,350,242,380,279
267_jpg.rf.ce84e5a09c09bb2e8dce1be23937a4bf.jpg,400,400,harbor,347,195,376,242
267_jpg.rf.ce84e5a09c09bb2e8dce1be23937a4bf.jpg,400,400,harbor,306,241,336,285
267_jpg.rf.ce84e5a09c09bb2e8dce1be23937a4bf.jpg,400,400,harbor,313,185,349,242
267_jpg.rf.ce84e5a09c09bb2e8dce1be23937a4bf.jpg,400,400,harbor,255,242,285,290
267_jpg.rf.ce84e5a09c09bb2e8dce1be23937a4bf.jpg,400,400,harbor,264,167,295,237
267_jpg.rf.ce84e5a09c09bb2e8dce1be23937a4bf.jpg,400,400,harbor,209,233,238,289
267_jpg.rf.ce84e5a09c09bb2e8dce1be23937a4bf.jpg,400,400,harbor,208,170,242,215
267_jpg.rf.ce84e5a09c09bb2e8dce1be23937a4bf.jpg,400,400,harbor,163,199,183,279
267_jpg.rf.ce84e5a09c09bb2e8dce1be23937a4bf.jpg,400,400,harbor,121,196,145,250
267_jpg.rf.ce84e5a09c09bb2e8dce1be23937a4bf.jpg,400,400,harbor,193,136,241,161
267_jpg.rf.ce84e5a09c09bb2e8dce1be23937a4bf.jpg,400,400,harbor,91,173,147,195
044_jpg.rf.c7d81286a2993304c0d905a84a5c16ae.jpg,400,400,airplane,10,123,34,155
044_jpg.rf.c7d81286a2993304c0d905a84a5c16ae.jpg,400,400,airplane,32,71,61,110
044_jpg.rf.c7d81286a2993304c0d905a84a5c16ae.jpg,400,400,airplane,48,26,80,68
044_jpg.rf.c7d81286a2993304c0d905a84a5c16ae.jpg,400,400,airplane,86,28,105,64
044_jpg.rf.c7d81286a2993304c0d905a84a5c16ae.jpg,400,400,airplane,117,20,145,64
044_jpg.rf.c7d81286a2993304c0d905a84a5c16ae.jpg,400,400,airplane,151,18,175,57
044_jpg.rf.c7d81286a2993304c0d905a84a5c16ae.jpg,400,400,airplane,15,183,46,235
044_jpg.rf.c7d81286a2993304c0d905a84a5c16ae.jpg,400,400,airplane,47,208,75,262
044_jpg.rf.c7d81286a2993304c0d905a84a5c16ae.jpg,400,400,airplane,82,137,116,177
044_jpg.rf.c7d81286a2993304c0d905a84a5c16ae.jpg,400,400,airplane,128,111,152,155
044_jpg.rf.c7d81286a2993304c0d905a84a5c16ae.jpg,400,400,airplane,163,105,187,147
044_jpg.rf.c7d81286a2993304c0d905a84a5c16ae.jpg,400,400,airplane,192,102,224,157
044_jpg.rf.c7d81286a2993304c0d905a84a5c16ae.jpg,400,400,airplane,232,109,256,150
044_jpg.rf.c7d81286a2993304c0d905a84a5c16ae.jpg,400,400,airplane,262,98,293,150
044_jpg.rf.c7d81286a2993304c0d905a84a5c16ae.jpg,400,400,airplane,345,121,364,159
044_jpg.rf.c7d81286a2993304c0d905a84a5c16ae.jpg,400,400,airplane,143,231,173,287
044_jpg.rf.c7d81286a2993304c0d905a84a5c16ae.jpg,400,400,airplane,182,230,213,286
044_jpg.rf.c7d81286a2993304c0d905a84a5c16ae.jpg,400,400,airplane,216,228,251,286
044_jpg.rf.c7d81286a2993304c0d905a84a5c16ae.jpg,400,400,airplane,150,328,185,390
044_jpg.rf.c7d81286a2993304c0d905a84a5c16ae.jpg,400,400,airplane,192,327,223,380
044_jpg.rf.c7d81286a2993304c0d905a84a5c16ae.jpg,400,400,airplane,232,326,263,387
044_jpg.rf.c7d81286a2993304c0d905a84a5c16ae.jpg,400,400,airplane,255,234,288,284
044_jpg.rf.c7d81286a2993304c0d905a84a5c16ae.jpg,400,400,airplane,270,328,302,386
044_jpg.rf.c7d81286a2993304c0d905a84a5c16ae.jpg,400,400,airplane,307,322,341,385
044_jpg.rf.c7d81286a2993304c0d905a84a5c16ae.jpg,400,400,airplane,354,231,376,270
091_jpg.rf.808cbe540cde25f6e6f62577d5361198.jpg,400,400,baseball diamond,190,122,235,188
637_jpg.rf.5f1383374a7bb006434c05794e7945c1.jpg,400,400,ground track field,108,112,245,203
637_jpg.rf.5f1383374a7bb006434c05794e7945c1.jpg,400,400,baseball diamond,245,37,280,82
637_jpg.rf.5f1383374a7bb006434c05794e7945c1.jpg,400,400,baseball diamond,108,63,139,109
637_jpg.rf.5f1383374a7bb006434c05794e7945c1.jpg,400,400,baseball diamond,22,105,58,153
637_jpg.rf.5f1383374a7bb006434c05794e7945c1.jpg,400,400,baseball diamond,301,139,335,186
008_jpg.rf.b4abd4691801d10c41985196f09974e4.jpg,400,400,airplane,85,188,111,218
008_jpg.rf.b4abd4691801d10c41985196f09974e4.jpg,400,400,airplane,96,224,118,251
008_jpg.rf.b4abd4691801d10c41985196f09974e4.jpg,400,400,airplane,131,247,153,282
008_jpg.rf.b4abd4691801d10c41985196f09974e4.jpg,400,400,airplane,128,330,157,364
088_jpg.rf.461680e2e430c07661e75e1e10a41dbc.jpg,400,400,baseball diamond,174,12,197,41
088_jpg.rf.461680e2e430c07661e75e1e10a41dbc.jpg,400,400,baseball diamond,208,69,231,104
088_jpg.rf.461680e2e430c07661e75e1e10a41dbc.jpg,400,400,baseball diamond,196,332,224,379
162_jpg.rf.e0b98de8f243cf5e666340b6e5ab647f.jpg,400,400,basketball court,154,129,196,199
162_jpg.rf.e0b98de8f243cf5e666340b6e5ab647f.jpg,400,400,basketball court,181,166,229,221
420_jpg.rf.975578a79e8dc41c4104d49c7c32d34a.jpg,400,400,vehicle,288,60,321,95
420_jpg.rf.975578a79e8dc41c4104d49c7c32d34a.jpg,400,400,vehicle,270,117,296,141
420_jpg.rf.975578a79e8dc41c4104d49c7c32d34a.jpg,400,400,vehicle,278,292,300,335
420_jpg.rf.975578a79e8dc41c4104d49c7c32d34a.jpg,400,400,vehicle,307,330,331,364
420_jpg.rf.975578a79e8dc41c4104d49c7c32d34a.jpg,400,400,vehicle,294,373,323,391
420_jpg.rf.975578a79e8dc41c4104d49c7c32d34a.jpg,400,400,vehicle,371,361,398,386
447_jpg.rf.280097f50324ebe89bd6533150cf568f.jpg,400,400,vehicle,146,279,163,303
447_jpg.rf.280097f50324ebe89bd6533150cf568f.jpg,400,400,vehicle,113,179,129,203
447_jpg.rf.280097f50324ebe89bd6533150cf568f.jpg,400,400,vehicle,125,31,141,53
447_jpg.rf.280097f50324ebe89bd6533150cf568f.jpg,400,400,vehicle,107,107,118,131
391_jpg.rf.ac912088f934d40f11d45b5ae9c0c6d7.jpg,400,400,vehicle,136,42,153,80
391_jpg.rf.ac912088f934d40f11d45b5ae9c0c6d7.jpg,400,400,vehicle,180,202,198,244
391_jpg.rf.ac912088f934d40f11d45b5ae9c0c6d7.jpg,400,400,vehicle,212,315,229,359
391_jpg.rf.ac912088f934d40f11d45b5ae9c0c6d7.jpg,400,400,vehicle,369,33,395,60
484_jpg.rf.37c42b7f1e1df94edabf6623fd87d36d.jpg,400,400,baseball diamond,143,310,182,356
484_jpg.rf.37c42b7f1e1df94edabf6623fd87d36d.jpg,400,400,baseball diamond,86,334,116,370
484_jpg.rf.37c42b7f1e1df94edabf6623fd87d36d.jpg,400,400,ground track field,20,121,125,313
290_jpg.rf.52fb1e57cfc26d1e1ae6eebd29195089.jpg,400,400,ship,291,134,306,171
290_jpg.rf.52fb1e57cfc26d1e1ae6eebd29195089.jpg,400,400,ship,298,208,320,242
290_jpg.rf.52fb1e57cfc26d1e1ae6eebd29195089.jpg,400,400,ship,318,321,338,354
068_jpg.rf.06b876295df9d81c530a84ca82afb6c3.jpg,400,400,airplane,90,188,111,218
068_jpg.rf.06b876295df9d81c530a84ca82afb6c3.jpg,400,400,airplane,146,140,166,162
068_jpg.rf.06b876295df9d81c530a84ca82afb6c3.jpg,400,400,airplane,202,87,226,119
068_jpg.rf.06b876295df9d81c530a84ca82afb6c3.jpg,400,400,airplane,189,247,201,264
068_jpg.rf.06b876295df9d81c530a84ca82afb6c3.jpg,400,400,airplane,218,348,240,379
068_jpg.rf.06b876295df9d81c530a84ca82afb6c3.jpg,400,400,airplane,311,122,328,146
068_jpg.rf.06b876295df9d81c530a84ca82afb6c3.jpg,400,400,airplane,319,153,337,176
220_jpg.rf.39f59d6df665d9a9313813741c9fc30c.jpg,400,400,ground track field,120,109,250,309
359_jpg.rf.fe8e311e01b790a0a559fc3cd4cfd4f9.jpg,400,400,tennis court,242,205,269,255
359_jpg.rf.fe8e311e01b790a0a559fc3cd4cfd4f9.jpg,400,400,tennis court,207,193,231,246
359_jpg.rf.fe8e311e01b790a0a559fc3cd4cfd4f9.jpg,400,400,tennis court,183,186,209,238
359_jpg.rf.fe8e311e01b790a0a559fc3cd4cfd4f9.jpg,400,400,tennis court,155,176,181,226
359_jpg.rf.fe8e311e01b790a0a559fc3cd4cfd4f9.jpg,400,400,tennis court,131,169,157,218
359_jpg.rf.fe8e311e01b790a0a559fc3cd4cfd4f9.jpg,400,400,tennis court,236,277,260,333
128_jpg.rf.f14c66c9989ec7671ca06e1d3c1b0cb9.jpg,400,400,baseball diamond,111,163,145,218
280_jpg.rf.0c87f433239e35dbea34012dee82557c.jpg,400,400,harbor,111,108,164,158
280_jpg.rf.0c87f433239e35dbea34012dee82557c.jpg,400,400,harbor,119,148,176,199
280_jpg.rf.0c87f433239e35dbea34012dee82557c.jpg,400,400,harbor,129,184,186,237
280_jpg.rf.0c87f433239e35dbea34012dee82557c.jpg,400,400,harbor,137,217,191,269
280_jpg.rf.0c87f433239e35dbea34012dee82557c.jpg,400,400,harbor,145,258,190,303
391_jpg.rf.9b4ac4d59e65222846384b9188541ade.jpg,400,400,vehicle,320,136,358,154
391_jpg.rf.9b4ac4d59e65222846384b9188541ade.jpg,400,400,vehicle,156,180,198,198
391_jpg.rf.9b4ac4d59e65222846384b9188541ade.jpg,400,400,vehicle,41,212,85,230
391_jpg.rf.9b4ac4d59e65222846384b9188541ade.jpg,400,400,vehicle,341,369,367,395
470_jpg.rf.3cfb0f087542fb85dcee0ff4f40ce5c5.jpg,400,400,ground track field,120,76,324,147
199_jpg.rf.81859ce46d6baf2c340b8f27d90e05f1.jpg,400,400,ground track field,286,114,357,242
347_jpg.rf.3a8d8ea0f08551fff2cf0b6efa16554d.jpg,400,400,tennis court,57,53,75,83
347_jpg.rf.3a8d8ea0f08551fff2cf0b6efa16554d.jpg,400,400,tennis court,90,36,108,66
347_jpg.rf.3a8d8ea0f08551fff2cf0b6efa16554d.jpg,400,400,tennis court,13,131,33,169
347_jpg.rf.3a8d8ea0f08551fff2cf0b6efa16554d.jpg,400,400,tennis court,45,122,64,158
347_jpg.rf.3a8d8ea0f08551fff2cf0b6efa16554d.jpg,400,400,tennis court,74,106,94,141
347_jpg.rf.3a8d8ea0f08551fff2cf0b6efa16554d.jpg,400,400,tennis court,101,90,123,127
347_jpg.rf.3a8d8ea0f08551fff2cf0b6efa16554d.jpg,400,400,tennis court,130,76,151,110
347_jpg.rf.3a8d8ea0f08551fff2cf0b6efa16554d.jpg,400,400,tennis court,155,56,176,89
491_jpg.rf.256b8219cb921b48ea2a079f53bf2434.jpg,400,400,bridge,40,211,68,258
491_jpg.rf.256b8219cb921b48ea2a079f53bf2434.jpg,400,400,bridge,220,102,362,156
354_jpg.rf.c265498d8c6fb73a95fd7a802208f09e.jpg,400,400,tennis court,202,181,254,237
354_jpg.rf.c265498d8c6fb73a95fd7a802208f09e.jpg,400,400,tennis court,209,215,263,271
354_jpg.rf.c265498d8c6fb73a95fd7a802208f09e.jpg,400,400,tennis court,219,252,271,306
354_jpg.rf.c265498d8c6fb73a95fd7a802208f09e.jpg,400,400,basketball court,107,102,159,162
381_jpg.rf.2ad5085230a30957d07143fb77bf4334.jpg,400,400,vehicle,350,230,381,263
381_jpg.rf.2ad5085230a30957d07143fb77bf4334.jpg,400,400,vehicle,55,52,89,97
228_jpg.rf.5e5861d1e9ba19d171e5c354f72dc2c4.jpg,400,400,ground track field,114,87,322,340
228_jpg.rf.5e5861d1e9ba19d171e5c354f72dc2c4.jpg,400,400,tennis court,70,174,88,224
228_jpg.rf.5e5861d1e9ba19d171e5c354f72dc2c4.jpg,400,400,tennis court,91,174,112,225
020_jpg.rf.83b0d6c722d90c47d6995be6abb4d726.jpg,400,400,airplane,16,162,38,236
020_jpg.rf.83b0d6c722d90c47d6995be6abb4d726.jpg,400,400,airplane,46,205,74,272
020_jpg.rf.83b0d6c722d90c47d6995be6abb4d726.jpg,400,400,airplane,63,257,78,316
020_jpg.rf.83b0d6c722d90c47d6995be6abb4d726.jpg,400,400,airplane,85,257,104,311
020_jpg.rf.83b0d6c722d90c47d6995be6abb4d726.jpg,400,400,airplane,112,234,136,305
020_jpg.rf.83b0d6c722d90c47d6995be6abb4d726.jpg,400,400,airplane,163,146,194,233
020_jpg.rf.83b0d6c722d90c47d6995be6abb4d726.jpg,400,400,airplane,200,144,231,224
020_jpg.rf.83b0d6c722d90c47d6995be6abb4d726.jpg,400,400,airplane,258,208,289,302
020_jpg.rf.83b0d6c722d90c47d6995be6abb4d726.jpg,400,400,airplane,315,173,340,246
020_jpg.rf.83b0d6c722d90c47d6995be6abb4d726.jpg,400,400,airplane,346,123,376,215
618_jpg.rf.24f8afbde901d8b3e4c11628f7b264d3.jpg,400,400,tennis court,131,73,179,89
618_jpg.rf.24f8afbde901d8b3e4c11628f7b264d3.jpg,400,400,tennis court,130,90,178,107
618_jpg.rf.24f8afbde901d8b3e4c11628f7b264d3.jpg,400,400,tennis court,30,58,84,76
618_jpg.rf.24f8afbde901d8b3e4c11628f7b264d3.jpg,400,400,tennis court,29,77,82,96
618_jpg.rf.24f8afbde901d8b3e4c11628f7b264d3.jpg,400,400,basketball court,251,212,281,245
618_jpg.rf.24f8afbde901d8b3e4c11628f7b264d3.jpg,400,400,basketball court,308,221,352,243
618_jpg.rf.24f8afbde901d8b3e4c11628f7b264d3.jpg,400,400,basketball court,358,260,385,290
618_jpg.rf.24f8afbde901d8b3e4c11628f7b264d3.jpg,400,400,basketball court,330,259,359,290
618_jpg.rf.24f8afbde901d8b3e4c11628f7b264d3.jpg,400,400,baseball diamond,235,155,285,190